n_trades,net_profit,gross_profit,gross_loss,profit_factor,win_rate,avg_trade,avg_win,avg_loss,max_dd,max_dd_closed,max_dd_pct,n_years,profitable_years,profitable_years_ratio,yearly_trades_mean,yearly_trades_std,yearly_trades_cv,min_yearly_trades,top_trade_pct,np_dd,recovery_trades,unger_score,first_trade,last_trade,engine,phase,p_channel_len,p_breakout_offset_ticks,p_intraday_only,p_direction,p_dvol_min,p_ptn_neut_yes,p_ptn_neut_no,p_ptn_dir_yes,p_ptn_dir_no,p_start_hour,p_end_hour,p_skip_day,p_stop_loss,p_take_profit,p_max_bars,p_trailing_stop,p_breakeven,oos_n_trades,oos_net_profit,oos_gross_profit,oos_gross_loss,oos_profit_factor,oos_win_rate,oos_avg_trade,oos_avg_win,oos_avg_loss,oos_max_dd,oos_max_dd_closed,oos_max_dd_pct,oos_n_years,oos_profitable_years,oos_profitable_years_ratio,oos_yearly_trades_mean,oos_yearly_trades_std,oos_yearly_trades_cv,oos_min_yearly_trades,oos_top_trade_pct,oos_np_dd,oos_recovery_trades,oos_unger_score,passes_oos_gate,passes_oos_hard,overall_pass
144,97104.0,153059.0,55955.0,2.735394513448307,0.4097222222222222,674.3333333333334,2594.2203389830506,-658.2941176470588,8102.0,5938.0,0.08102,10,10,1.0,14.4,6.514598989960932,0.45240270763617585,6,0.07662918108419839,11.98518884226117,12.014829461196243,9.388970091231096,2012-01-11 20:00:00,2021-04-29 16:00:00,PC,7,50,0,0,1,0,22,8,-48,16,14,4,-1,2500,10000,0,2000,1000,123,47118.0,114621.0,67503.0,1.6980134216257055,0.37398373983739835,383.0731707317073,2491.7608695652175,-876.6623376623377,13951.0,10599.0,0.13951,5,4,0.8,24.6,12.142487389328432,0.49359704834668416,10,0.15176790186340677,3.3773923016271237,36.41862982299758,4.064606562561137,True,True,True
147,96902.0,154390.0,57488.0,2.68560395212914,0.40816326530612246,659.1972789115646,2573.1666666666665,-660.7816091954023,8102.0,5938.0,0.08102,10,10,1.0,14.7,6.708949247087803,0.4563911052440683,6,0.07678892076530928,11.960256726734139,12.290706074178036,9.17822570823767,2012-01-11 20:00:00,2021-04-29 16:00:00,PC,8,50,0,0,1,0,22,56,-48,16,14,4,-1,2500,10000,0,2000,1000,123,47118.0,114621.0,67503.0,1.6980134216257055,0.37398373983739835,383.0731707317073,2491.7608695652175,-876.6623376623377,13951.0,10599.0,0.13951,5,4,0.8,24.6,12.142487389328432,0.49359704834668416,10,0.15176790186340677,3.3773923016271237,36.41862982299758,4.064606562561137,True,True,True
167,104582.0,178393.0,73811.0,2.416889081573207,0.437125748502994,626.2395209580839,2443.7397260273974,-785.2234042553191,10519.0,7490.0,0.10519,10,10,1.0,16.7,7.114070564732964,0.42599224938520747,5,0.09553269205025722,9.942199828881073,16.797087452907764,7.652312395081317,2012-01-12 11:30:00,2021-05-07 09:30:00,PC,7,50,2,0,1,0,3,24,-48,46,11,10,-1,2250,10000,0,2000,1000,137,33337.0,129339.0,96002.0,1.3472531822253704,0.35766423357664234,243.33576642335765,2639.5714285714284,-1090.9318181818182,21094.0,18300.0,0.21094,5,3,0.6,27.4,9.178235124467012,0.3349720848345625,18,0.29969703332633413,1.5804020100502512,86.68680445151034,2.099741945634659,False,False,False
167,92897.0,164738.0,71841.0,2.293091688590081,0.3772455089820359,556.2694610778443,2614.8888888888887,-690.7788461538462,8780.0,6356.0,0.0878,10,9,0.9,16.7,9.910095862301231,0.5934189139102534,6,0.08009946499886972,10.580523917995444,15.783717450509704,7.440076603062841,2012-01-11 20:00:00,2021-04-29 16:00:00,PC,8,50,0,0,1,0,22,8,-48,53,14,4,-1,2500,10000,0,2000,1000,151,39816.0,131279.0,91463.0,1.4353235734668663,0.3576158940397351,263.682119205298,2431.0925925925926,-942.9175257731958,20356.0,17201.0,0.20356,5,4,0.8,30.2,12.319090875547595,0.40791691640886074,15,0.17960116536065904,1.9559834938101788,77.19901547116737,2.3161885284510935,False,False,False
163,89153.0,159314.0,70161.0,2.2706916948162084,0.39263803680981596,546.9509202453987,2489.28125,-708.6969696969697,9351.0,6257.0,0.09351,10,10,1.0,16.3,10.47902667235846,0.6428850719238318,6,0.08346325978935089,9.534060528285744,17.096597983242294,7.088572341461717,2012-01-11 20:00:00,2021-04-29 16:00:00,PC,8,50,0,0,1,0,22,8,52,16,14,4,-1,2500,10000,0,2000,1000,145,50445.0,131309.0,80864.0,1.6238251879699248,0.3724137931034483,347.8965517241379,2431.6481481481483,-888.6153846153846,14639.0,12115.0,0.14639,5,4,0.8,29.0,13.579396157414365,0.46825503991084017,12,0.14175835067895728,3.445932099187103,42.078600455942116,3.60357749264205,True,True,True
170,83860.0,132031.0,48171.0,2.740881443191962,0.32941176470588235,493.29411764705884,2357.6964285714284,-422.55263157894734,7915.0,5751.0,0.07915,10,10,1.0,17.0,8.209750300709517,0.48292648827703044,8,0.08873121869782971,10.595072646873026,16.045194371571668,6.948961796769166,2012-01-11 20:00:00,2021-04-29 16:00:00,PC,7,50,0,0,1,0,22,8,-48,16,14,4,-1,2500,10000,0,2000,500,129,39129.0,98443.0,59314.0,1.6596924840678424,0.2558139534883721,303.3255813953488,2983.121212121212,-617.8541666666666,16304.0,13149.0,0.16304,5,4,0.8,25.8,12.576167937809991,0.4874483696825578,10,0.18275447877533288,2.3999631992149166,53.75082419688722,2.9771547010057713,True,True,True
278,176308.0,307036.0,130728.0,2.348662872529221,0.4172661870503597,634.2014388489208,2646.862068965517,-806.9629629629629,14068.0,11427.0,0.14068,10,9,0.9,27.8,14.084033513166604,0.5066199105455613,7,0.056667876670372305,12.532556155814614,22.182226558068837,6.7011677563890375,2012-01-11 20:00:00,2021-05-07 16:00:00,PC,8,50,0,0,1,0,55,8,-48,16,14,4,-1,2500,10000,0,2000,1000,279,151529.0,334061.0,182532.0,1.8301503298051849,0.37992831541218636,543.1146953405018,3151.5188679245284,-1055.0982658959538,27120.0,19166.0,0.2712,5,4,0.8,55.8,19.742340286804904,0.35380538148395885,32,0.06593457357997479,5.587352507374631,49.93420401375314,4.133197502266419,True,True,True
196,95626.0,150412.0,54786.0,2.7454459168400684,0.3163265306122449,487.88775510204084,2426.0,-408.85074626865674,12156.0,9571.0,0.12156,10,8,0.8,19.6,8.345058418010026,0.42576828663316457,8,0.10447995315081672,7.866567949983547,24.91556689603246,5.545797653940507,2012-01-12 11:30:00,2021-05-07 09:30:00,PC,7,50,2,0,1,0,3,24,-48,46,11,10,-1,2250,10000,0,2000,500,140,49850.0,118076.0,68226.0,1.7306598657403336,0.29285714285714287,356.07142857142856,2879.9024390243903,-689.1515151515151,16259.0,13465.0,0.16259,5,3,0.6,28.0,9.20869154657707,0.32888184094918105,18,0.20042126379137412,3.065994218586629,45.662186559679036,3.499690659622169,True,True,True
276,140581.0,327293.0,186712.0,1.7529296456574832,0.463768115942029,509.3514492753623,2556.9765625,-1261.5675675675675,14732.0,12363.0,0.14732,10,10,1.0,27.6,16.59035864591239,0.6010999509388546,6,0.07106934792041598,9.542560412707033,28.923055035886783,5.259278124975517,2012-01-12 11:30:00,2021-05-07 15:30:00,PC,8,50,5,0,1,0,55,56,-48,-27,22,21,-1,5000,10000,0,2000,0,293,85198.0,310006.0,224808.0,1.3789811750471515,0.39590443686006827,290.77815699658703,2672.4655172413795,-1270.1016949152543,25618.0,21686.0,0.25618,5,4,0.8,58.6,20.51925924588897,0.3501580076090268,30,0.11726801098617338,3.325708486220626,88.10152820488744,2.27681957131755,True,True,True
282,129202.0,221618.0,92416.0,2.398047957063712,0.29432624113475175,458.16312056737587,2670.0963855421687,-464.40201005025125,12528.0,9812.0,0.12528,10,9,0.9,28.2,13.840520221436766,0.49079858941265125,11,0.07732852432624882,10.313058748403575,27.343973003513877,5.130015800384678,2012-01-12 11:30:00,2021-05-07 09:30:00,PC,8,50,2,0,1,0,55,24,-48,46,11,10,-1,2250,10000,0,2000,500,253,45138.0,170577.0,125439.0,1.3598402410733503,0.22529644268774704,178.41106719367588,2992.5789473684213,-639.9948979591836,19757.0,16493.0,0.19757,5,4,0.8,50.6,18.43474979488466,0.3643231184759814,26,0.22134343568611814,2.284658602014476,110.73864593025833,1.5907456272166487,False,True,False
233,119428.0,269270.0,149842.0,1.797026200931648,0.4721030042918455,512.5665236051502,2447.909090909091,-1218.2276422764228,16247.0,13443.0,0.16247,10,10,1.0,23.3,13.153326575433303,0.5645204538812576,6,0.08365709883779349,7.350772450298517,31.697349030378135,5.0396815533193,2012-01-12 11:30:00,2021-05-07 15:30:00,PC,8,50,5,0,1,0,55,24,-48,-27,22,21,-1,5000,10000,0,2000,0,230,48385.0,222821.0,174436.0,1.2773796693343118,0.3739130434782609,210.3695652173913,2590.9418604651164,-1211.361111111111,26267.0,21753.0,0.26267,5,4,0.8,46.0,16.69730517179344,0.36298489503898784,22,0.20648961454996384,1.8420451517112728,124.86121731941716,1.6267361554630124,False,False,False
153,82393.0,175209.0,92816.0,1.8877025512842613,0.5163398692810458,538.5163398692811,2217.8354430379745,-1254.2702702702702,18682.0,15743.0,0.18682,10,7,0.7,15.3,6.4815121692395214,0.42362824635552426,5,0.12126030123918294,4.410287977732577,34.691612151517724,4.9377221536787586,2012-01-12 11:30:00,2021-04-14 16:30:00,PC,7,50,5,0,1,0,3,24,-48,-27,22,21,-1,5000,10000,0,2000,0,116,33051.0,127330.0,94279.0,1.350565873630395,0.3879310344827586,284.92241379310343,2829.5555555555557,-1327.8732394366198,20705.0,14403.0,0.20705,5,3,0.6,23.2,8.634813257969162,0.37219022663660184,12,0.3022903996853348,1.5962810915237866,72.66890563069197,2.481580937943742,True,False,False
225,95490.0,160907.0,65417.0,2.459712307198435,0.29777777777777775,424.4,2401.597014925373,-414.03164556962025,11891.0,9306.0,0.11891,10,9,0.9,22.5,11.4564392373896,0.5091750772173155,8,0.10462875693789926,8.030443192330333,28.01837888784166,4.877593830088347,2012-01-12 11:30:00,2021-05-07 09:30:00,PC,8,50,2,0,1,0,3,24,52,46,11,10,-1,2250,10000,0,2000,500,178,65473.0,147548.0,82075.0,1.797721596101127,0.29775280898876405,367.8258426966292,2783.9245283018868,-656.6,21316.0,15943.0,0.21316,5,4,0.8,35.6,10.63202708800161,0.2986524462921801,22,0.15259725382982298,3.071542503283918,57.951338719777624,3.15739436696631,True,True,True
336,161211.0,384828.0,223617.0,1.7209246166436363,0.44047619047619047,479.79464285714283,2600.189189189189,-1189.4521276595744,17310.0,15071.0,0.1731,10,9,0.9,33.6,23.00521679967394,0.6846790714188672,6,0.061974679147204594,9.31317157712305,36.07793512849619,4.570316826811675,2012-01-11 21:30:00,2021-05-07 15:30:00,PC,8,50,5,0,1,0,55,56,-48,53,22,21,-1,5000,10000,0,2000,0,412,105447.0,445594.0,340147.0,1.3100042040647133,0.3737864077669903,255.9393203883495,2893.4675324675327,-1318.3992248062016,39691.0,35975.0,0.39691,5,4,0.8,82.4,28.76525682138089,0.3490929225895739,42,0.09474902083511148,2.656697991988108,155.07972725634679,1.610016915447693,True,False,False
261,102851.0,182082.0,79231.0,2.2981156365563984,0.2950191570881226,394.06513409961684,2364.7012987012986,-430.6032608695652,13821.0,12565.0,0.13821,10,9,0.9,26.1,11.886547017532047,0.45542325737670675,9,0.09714052367016364,7.44164676940887,35.07288213046057,4.200855323246886,2012-01-12 11:30:00,2021-05-07 09:30:00,PC,8,50,2,0,1,0,3,56,-48,46,11,10,-1,2250,10000,0,2000,500,178,67233.0,161929.0,94696.0,1.7099877502745628,0.2752808988764045,377.7134831460674,3304.673469387755,-734.077519379845,16660.0,13110.0,0.1666,5,4,0.8,35.6,11.128342194594845,0.3125938818706417,24,0.14860262073684055,4.035594237695078,44.10750673032588,3.667451983048197,True,True,True
228,72793.0,139925.0,67132.0,2.084326401716022,0.4824561403508772,319.2675438596491,1272.0454545454545,-568.9152542372881,9485.0,7159.0,0.09485,10,8,0.8,22.8,9.795917517006766,0.42964550513187566,12,0.06698446279175195,7.674538745387454,29.708625829406678,4.1084267720995085,2012-01-11 20:00:00,2021-04-29 16:00:00,PC,7,50,0,0,1,0,22,8,-48,16,14,4,-1,2500,10000,0,1000,0,147,15437.0,84268.0,68831.0,1.2242739463323211,0.42857142857142855,105.01360544217687,1337.5873015873017,-819.4166666666666,14179.0,12050.0,0.14179,5,3,0.6,29.4,15.252540771950095,0.5187939038078264,11,0.33886117768996565,1.0887227590098032,135.02059985748528,1.1052543049035035,False,False,False
247,99587.0,172797.0,73210.0,2.360292309793744,0.291497975708502,403.1862348178138,2399.9583333333335,-418.34285714285716,15275.0,11634.0,0.15275,10,9,0.9,24.7,10.276672613253767,0.4160596199697882,10,0.1003243395222268,6.519607201309329,37.88571801540362,4.088410866925607,2012-01-11 20:00:00,2021-05-07 09:30:00,PC,8,50,2,0,1,0,3,24,-48,53,11,10,-1,2250,10000,0,2000,500,199,62239.0,154783.0,92544.0,1.6725341459197787,0.2663316582914573,312.75879396984925,2920.433962264151,-633.8630136986301,17287.0,13263.0,0.17287,5,3,0.6,39.8,12.859237924542807,0.32309643026489465,20,0.16052635807130577,3.600335512234627,55.27262648821478,2.981186601966479,True,True,True
342,135912.0,375710.0,239798.0,1.566777037339761,0.43859649122807015,397.4035087719298,2504.733333333333,-1248.9479166666667,15439.0,12298.0,0.15439,10,9,0.9,34.2,25.98768939324926,0.7598739588669373,6,0.07351080110659838,8.803160826478399,38.849682147271764,4.008312385420537,2012-01-12 11:30:00,2021-05-17 02:30:00,PC,8,50,5,0,1,0,55,56,52,-27,22,21,-1,5000,10000,0,2000,0,394,131099.0,414744.0,283645.0,1.462193939607608,0.4289340101522843,332.73857868020303,2454.1065088757396,-1260.6444444444444,20571.0,14267.0,0.20571,5,5,1.0,78.8,26.65633133047382,0.3382783163765713,43,0.07620958207156424,6.3730008264061055,61.823309102281485,2.907467722318302,True,True,True
242,69232.0,128267.0,59035.0,2.172728042686542,0.4214876033057851,286.08264462809916,1257.5196078431372,-421.67857142857144,8034.0,5958.0,0.08034,10,8,0.8,24.2,9.826494797230598,0.40605350401779333,12,0.07042985902472845,8.617376151356734,28.082794083660737,4.000046547750202,2012-01-11 20:00:00,2021-04-29 16:00:00,PC,7,50,0,0,1,0,22,8,-48,16,14,4,-1,2500,10000,0,1000,500,147,18777.0,80822.0,62045.0,1.3026351841405432,0.3877551020408163,127.73469387755102,1417.9298245614036,-689.3888888888889,12208.0,10079.0,0.12208,5,3,0.6,29.4,15.252540771950095,0.5187939038078264,11,0.2785855035415668,1.5380897771952817,95.57309474356926,1.4488587842332794,False,False,False
168,63283.0,148895.0,85612.0,1.7391837592860815,0.4166666666666667,376.6845238095238,2127.0714285714284,-873.5918367346939,20156.0,16491.0,0.20156,10,8,0.8,16.8,6.954135460285484,0.4139366345408026,6,0.121059368234755,3.1396606469537605,53.508967653240205,3.3251791571289195,2012-01-12 11:30:00,2021-04-14 16:30:00,PC,7,50,5,0,1,0,3,24,-48,-27,22,21,-1,5000,10000,0,2000,1000,116,25441.0,110857.0,85416.0,1.2978481783272455,0.3620689655172414,219.31896551724137,2639.4523809523807,-1154.2702702702702,19445.0,12485.0,0.19445,5,3,0.6,23.2,8.634813257969162,0.37219022663660184,12,0.39271255060728744,1.3083569040884546,88.66082308085375,1.971113634238386,True,False,False
283,70828.0,143256.0,72428.0,1.977909095929751,0.392226148409894,250.2756183745583,1290.5945945945946,-421.09302325581393,9171.0,7586.0,0.09171,10,9,0.9,28.3,8.626123115281858,0.3048100040735639,12,0.06870164341785734,7.723040017446298,36.643601400576046,3.2752891260201427,2012-01-12 11:30:00,2021-05-07 08:30:00,PC,7,50,2,0,1,0,3,24,-48,46,11,10,-1,2250,10000,0,1000,500,143,11098.0,75570.0,64472.0,1.1721367415312074,0.38461538461538464,77.60839160839161,1374.0,-732.6363636363636,12207.0,10224.0,0.12207,5,4,0.8,28.6,9.308061022576076,0.3254566791110516,18,0.5100919084519733,0.9091504874252478,157.2896918363669,0.8803262614552583,False,False,False
268,70868.0,157125.0,86257.0,1.8215912911415886,0.44776119402985076,264.43283582089555,1309.375,-582.8175675675676,11869.0,10414.0,0.11869,10,9,0.9,26.8,8.669486720677298,0.3234883104730335,12,0.06922729581757633,5.970848428679754,44.88474346672687,3.0419198336651796,2012-01-12 11:30:00,2021-05-07 08:30:00,PC,7,50,2,0,1,0,3,24,-48,46,11,10,-1,2250,10000,0,1000,0,143,8033.0,79851.0,71818.0,1.111852181904258,0.42657342657342656,56.17482517482517,1309.032786885246,-875.829268292683,13140.0,11346.0,0.1314,5,3,0.6,28.6,9.308061022576076,0.3254566791110516,18,0.7047180380928669,0.6113394216133942,233.91261048176273,0.6141627806147518,False,False,False
195,52540.0,121899.0,69359.0,1.7575080378898196,0.30256410256410254,269.43589743589746,2066.084745762712,-509.99264705882354,19771.0,16115.0,0.19771,10,9,0.9,19.5,7.5,0.38461538461538464,9,0.14581271412257327,2.65742754539477,73.37923486867149,2.4014889132774258,2012-01-12 11:30:00,2021-04-14 16:30:00,PC,7,50,5,0,1,0,3,24,-48,-27,22,21,-1,5000,10000,0,2000,500,117,15467.0,77970.0,62503.0,1.2474601219141481,0.2564102564102564,132.1965811965812,2599.0,-718.4252873563219,20164.0,15635.0,0.20164,5,2,0.4,23.4,8.522910301065007,0.364226935942949,12,0.4946660632313959,0.7670601071216029,152.5304196030258,1.1667325828074824,False,False,False
370,48060.0,115497.0,67437.0,1.7126651541438676,0.45135135135135135,129.8918918918919,691.5988023952095,-332.20197044334975,5219.0,4605.0,0.05219,10,8,0.8,37.0,10.972693379476162,0.29655928052638275,17,0.058489388264669165,9.208660662962254,40.179567207657094,2.253345784352795,2012-01-11 20:00:00,2021-04-29 01:00:00,PC,7,50,0,0,1,0,22,8,-48,16,14,4,-1,2500,10000,0,500,0,151,6816.0,60130.0,53314.0,1.1278463442998088,0.46357615894039733,45.13907284768212,859.0,-658.1975308641976,11663.0,7649.0,0.11663,5,4,0.8,30.2,15.276125163142648,0.5058319590444585,12,0.6207453051643192,0.5844122438480666,258.37925469483565,0.5238258708058503,False,False,False
251,55316.0,127332.0,72016.0,1.7681070873139302,0.4262948207171315,220.3824701195219,1190.018691588785,-500.1111111111111,15439.0,14155.0,0.15439,10,8,0.8,25.1,7.582216034906945,0.30208032011581454,11,0.10152577915973679,3.58287453850638,70.0554812350857,2.222833379703784,2012-01-12 11:30:00,2021-04-13 17:30:00,PC,7,50,5,0,1,0,3,24,-48,-27,22,21,-1,5000,10000,0,1000,500,120,8885.0,60991.0,52106.0,1.170517790657506,0.3416666666666667,74.04166666666667,1487.5853658536585,-659.5696202531645,17891.0,14473.0,0.17891,5,3,0.6,24.0,8.07465169527454,0.33644382063643913,13,0.6129431626336522,0.4966184114918115,241.63421496904894,0.6937425386372277,False,False,False
244,54494.0,136732.0,82238.0,1.6626377100610423,0.45901639344262296,223.3360655737705,1220.8214285714287,-623.0151515151515,17787.0,16684.0,0.17787,10,8,0.8,24.4,7.812809993849844,0.3201971308954854,11,0.10305721730832752,3.0636982065553493,79.6423092450545,2.0986835359453786,2012-01-12 11:30:00,2021-04-13 17:30:00,PC,7,50,5,0,1,0,3,24,-48,-27,22,21,-1,5000,10000,0,1000,0,120,6090.0,65885.0,59795.0,1.1018479806003847,0.375,50.75,1464.111111111111,-797.2666666666667,17891.0,14473.0,0.17891,5,3,0.6,24.0,8.07465169527454,0.33644382063643913,13,0.8942528735632184,0.3403946118159969,352.5320197044335,0.47550839170520165,False,False,False
390,35440.0,108307.0,72867.0,1.4863655701483525,0.4282051282051282,90.87179487179488,648.5449101796407,-326.7578475336323,7467.0,6893.0,0.07467,10,9,0.9,39.0,12.12435565298214,0.31088091417902924,12,0.08425507900677201,4.746216686755056,82.17071106094808,1.3179395093247532,2012-01-12 11:30:00,2021-05-07 05:00:00,PC,7,50,2,0,1,0,3,24,-48,46,11,10,-1,2250,10000,0,500,0,145,-4075.0,51487.0,55562.0,0.9266585076131169,0.46206896551724136,-28.103448275862068,768.4626865671642,-712.3333333333334,19558.0,14885.0,0.19558,5,2,0.4,29.0,9.273618495495704,0.3197799481205415,19,0.0,0.0,0.0,0.0,False,False,False
