entry_time,exit_time,side,entry_price,exit_price,pnl,bars_held,exit_reason,periodo,pnl_cumulato
2012-01-12 19:00:00,2012-01-26 17:00:00,L,4598.5,4680.0,1626.0,230,MAXBARS,IS,1626.0
2012-02-07 04:00:00,2012-02-21 02:00:00,L,4754.5,4813.25,1171.0,230,MAXBARS,IS,2797.0
2012-02-23 23:00:00,2012-03-08 15:00:00,L,4825.75,4848.25,446.0,230,MAXBARS,IS,3243.0
2012-03-08 18:00:00,2012-03-22 09:00:00,L,4852.5,4961.0,2166.0,230,MAXBARS,IS,5409.0
2012-04-03 18:00:00,2012-04-04 16:00:00,L,5021.75,4984.0,-759.0,22,SL,IS,4650.0
2012-04-12 18:00:00,2012-04-13 17:00:00,L,4964.75,4927.0,-759.0,23,SL,IS,3891.0
2012-04-17 18:00:00,2012-04-19 21:00:00,L,4940.75,4903.0,-759.0,51,SL,IS,3132.0
2012-04-24 23:00:00,2012-05-04 19:00:00,L,4905.75,4868.0,-759.0,187,SL,IS,2373.0
2012-05-15 19:00:00,2012-05-15 22:00:00,L,4843.75,4806.0,-759.0,3,SL,IS,1614.0
2012-05-21 19:00:00,2012-06-01 15:00:00,L,4752.5,4714.75,-759.0,202,SL,IS,855.0
2012-06-04 18:00:00,2012-06-05 22:00:00,S,4684.25,4722.0,-759.0,28,SL,IS,96.0
2012-06-06 18:00:00,2012-06-20 10:00:00,L,4766.0,4847.25,1621.0,230,MAXBARS,IS,1717.0
2012-06-27 18:00:00,2012-06-28 16:00:00,L,4803.0,4765.25,-759.0,22,SL,IS,958.0
2012-06-29 18:00:00,2012-07-11 21:00:00,L,4825.5,4787.75,-759.0,185,SL,IS,199.0
2012-07-13 18:00:00,2012-07-24 23:00:00,L,4806.0,4768.25,-759.0,171,SL,IS,-560.0
2012-07-25 00:00:00,2012-07-25 16:00:00,S,4754.5,4792.25,-759.0,16,SL,IS,-1319.0
2012-07-26 18:00:00,2012-08-09 10:00:00,L,4812.75,4950.25,2746.0,230,MAXBARS,IS,1427.0
2012-08-13 21:00:00,2012-08-27 16:00:00,L,4959.75,5015.25,1106.0,230,MAXBARS,IS,2533.0
2012-08-27 18:00:00,2012-08-31 17:00:00,L,5022.0,4984.25,-759.0,95,SL,IS,1774.0
2012-08-31 18:00:00,2012-09-04 17:00:00,L,5019.25,4981.5,-759.0,40,SL,IS,1015.0
2012-09-11 22:00:00,2012-09-13 19:00:00,S,5018.0,5055.75,-759.0,45,SL,IS,256.0
2012-09-13 20:00:00,2012-09-26 17:00:00,L,5053.25,5015.5,-759.0,211,SL,IS,-503.0
2012-09-27 19:00:00,2012-10-09 10:00:00,L,5050.75,5013.0,-759.0,181,SL,IS,-1262.0
2012-10-09 18:00:00,2012-10-16 19:00:00,S,4980.0,5017.75,-759.0,120,SL,IS,-2021.0
2012-10-16 20:00:00,2012-10-18 20:00:00,L,5011.75,4974.0,-759.0,48,SL,IS,-2780.0
2012-11-01 18:00:00,2012-11-02 22:00:00,L,4925.5,4887.75,-759.0,28,SL,IS,-3539.0
2012-11-06 18:00:00,2012-11-07 16:00:00,L,4917.0,4879.25,-759.0,22,SL,IS,-4298.0
2012-11-19 03:00:00,2012-12-03 03:00:00,L,4784.25,4931.0,2931.0,230,MAXBARS,IS,-1367.0
2012-12-11 18:00:00,2012-12-13 19:00:00,L,4930.75,4893.0,-759.0,49,SL,IS,-2126.0
2012-12-17 22:00:00,2012-12-27 17:00:00,L,4907.0,4869.25,-759.0,147,SL,IS,-2885.0
2012-12-31 19:00:00,2013-01-15 21:00:00,L,4879.25,4964.25,1696.0,230,MAXBARS,IS,-1189.0
2013-01-16 20:00:00,2013-01-30 16:00:00,L,4981.0,4995.75,291.0,230,MAXBARS,IS,-898.0
2013-01-30 18:00:00,2013-02-04 22:00:00,L,4995.75,4958.0,-759.0,76,SL,IS,-1657.0
2013-02-05 21:00:00,2013-02-07 17:00:00,L,5008.0,4970.25,-759.0,44,SL,IS,-2416.0
2013-02-13 18:00:00,2013-02-20 22:00:00,L,5026.5,4988.75,-759.0,114,SL,IS,-3175.0
2013-02-25 18:00:00,2013-02-25 22:00:00,L,4995.25,4957.5,-759.0,4,SL,IS,-3934.0
2013-02-27 18:00:00,2013-03-13 07:00:00,L,4980.75,5053.0,1441.0,230,MAXBARS,IS,-2493.0
2013-03-18 18:00:00,2013-04-02 09:00:00,L,5041.0,5041.25,1.0,230,MAXBARS,IS,-2492.0
2013-04-02 18:00:00,2013-04-03 20:00:00,L,5073.0,5035.25,-759.0,26,SL,IS,-3251.0
2013-04-08 23:00:00,2013-04-18 17:00:00,L,5038.5,5000.75,-759.0,186,SL,IS,-4010.0
2013-04-22 18:00:00,2013-05-06 08:00:00,L,5037.5,5193.0,3106.0,230,MAXBARS,IS,-904.0
2013-05-09 21:00:00,2013-05-23 11:00:00,L,5229.25,5217.25,-244.0,230,MAXBARS,IS,-1148.0
2013-05-28 18:00:00,2013-05-29 10:00:00,L,5281.5,5243.75,-759.0,16,SL,IS,-1907.0
2013-05-30 18:00:00,2013-05-31 23:00:00,L,5270.0,5232.25,-759.0,29,SL,IS,-2666.0
2013-06-10 19:00:00,2013-06-11 12:00:00,L,5254.0,5216.25,-759.0,17,SL,IS,-3425.0
2013-06-17 18:00:00,2013-06-20 04:00:00,L,5237.5,5199.75,-759.0,58,SL,IS,-4184.0
2013-06-21 18:00:00,2013-06-27 16:00:00,S,5127.5,5165.25,-759.0,94,SL,IS,-4943.0
2013-06-27 18:00:00,2013-07-11 18:00:00,L,5172.0,5300.0,2556.0,230,MAXBARS,IS,-2387.0
2013-07-11 19:00:00,2013-07-25 09:00:00,L,5300.5,5308.0,146.0,230,MAXBARS,IS,-2241.0
2013-07-31 18:00:00,2013-08-14 08:00:00,L,5353.25,5395.5,841.0,230,MAXBARS,IS,-1400.0
2013-08-22 18:00:00,2013-08-27 21:00:00,L,5358.5,5320.75,-759.0,75,SL,IS,-2159.0
2013-09-02 18:00:00,2013-09-16 14:00:00,L,5369.5,5467.5,1956.0,230,MAXBARS,IS,-203.0
2013-09-18 22:00:00,2013-09-30 16:00:00,L,5492.0,5454.25,-759.0,186,SL,IS,-962.0
2013-10-14 19:00:00,2013-10-28 08:00:00,L,5495.75,5651.0,3101.0,230,MAXBARS,IS,2139.0
2013-10-28 18:00:00,2013-11-07 17:00:00,L,5641.75,5604.0,-759.0,190,SL,IS,1380.0
2013-11-13 20:00:00,2013-11-27 10:00:00,L,5645.75,5714.0,1361.0,230,MAXBARS,IS,2741.0
2013-11-27 18:00:00,2013-12-11 18:00:00,L,5728.75,5760.25,626.0,230,MAXBARS,IS,3367.0
2013-12-18 21:00:00,2014-01-06 15:00:00,L,5749.25,5801.5,1041.0,230,MAXBARS,IS,4408.0
2014-01-07 18:00:00,2014-01-13 21:00:00,L,5820.75,5783.0,-759.0,99,SL,IS,3649.0
2014-01-14 19:00:00,2014-01-24 23:00:00,L,5836.75,5799.0,-759.0,190,SL,IS,2890.0
2014-01-30 18:00:00,2014-01-31 12:00:00,L,5799.25,5761.5,-759.0,18,SL,IS,2131.0
2014-02-07 18:00:00,2014-02-21 14:00:00,L,5790.5,5949.5,3176.0,230,MAXBARS,IS,5307.0
2014-02-21 18:00:00,2014-03-03 18:00:00,L,5953.75,5916.0,-759.0,144,SL,IS,4548.0
2014-03-10 18:00:00,2014-03-24 08:00:00,S,5967.0,5925.75,821.0,230,MAXBARS,IS,5369.0
2014-03-24 18:00:00,2014-03-25 14:00:00,S,5865.0,5902.75,-759.0,20,SL,IS,4610.0
2014-04-01 18:00:00,2014-04-04 17:00:00,L,5914.0,5876.25,-759.0,71,SL,IS,3851.0
2014-04-09 18:00:00,2014-04-10 19:00:00,L,5827.25,5789.5,-759.0,25,SL,IS,3092.0
2014-04-15 22:00:00,2014-04-30 12:00:00,L,5762.25,5830.75,1366.0,230,MAXBARS,IS,4458.0
2014-04-30 22:00:00,2014-05-07 16:00:00,L,5849.75,5812.0,-759.0,114,SL,IS,3699.0
2014-05-12 18:00:00,2014-05-15 17:00:00,L,5874.5,5836.75,-759.0,71,SL,IS,2940.0
2014-05-19 18:00:00,2014-06-02 13:00:00,L,5879.5,6014.0,2686.0,230,MAXBARS,IS,5626.0
2014-06-04 18:00:00,2014-06-18 08:00:00,L,6014.5,6060.0,906.0,230,MAXBARS,IS,6532.0
2014-06-30 18:00:00,2014-07-14 17:00:00,L,6123.25,6208.0,1691.0,230,MAXBARS,IS,8223.0
2014-07-14 18:00:00,2014-07-15 18:00:00,L,6208.75,6171.0,-759.0,24,SL,IS,7464.0
2014-07-18 21:00:00,2014-07-31 19:00:00,L,6211.5,6173.75,-759.0,214,SL,IS,6705.0
2014-08-04 21:00:00,2014-08-05 20:00:00,L,6185.25,6147.5,-759.0,23,SL,IS,5946.0
2014-08-11 18:00:00,2014-08-25 12:00:00,L,6193.75,6352.75,3176.0,230,MAXBARS,IS,9122.0
2014-08-25 18:00:00,2014-09-08 13:00:00,L,6360.0,6365.25,101.0,230,MAXBARS,IS,9223.0
2014-09-08 18:00:00,2014-09-09 22:00:00,L,6386.0,6348.25,-759.0,28,SL,IS,8464.0
2014-09-17 22:00:00,2014-09-22 19:00:00,L,6367.25,6329.5,-759.0,69,SL,IS,7705.0
2014-09-23 23:00:00,2014-09-24 18:00:00,S,6326.75,6364.5,-759.0,19,SL,IS,6946.0
2014-09-24 19:00:00,2014-09-25 17:00:00,L,6365.5,6327.75,-759.0,22,SL,IS,6187.0
2014-10-08 21:00:00,2014-10-09 19:00:00,L,6301.75,6264.0,-759.0,22,SL,IS,5428.0
2014-10-20 23:00:00,2014-11-03 13:00:00,L,6152.5,6437.25,5691.0,230,MAXBARS,IS,11119.0
2014-11-11 23:00:00,2014-11-25 13:00:00,L,6476.75,6579.75,2056.0,230,MAXBARS,IS,13175.0
2014-11-25 18:00:00,2014-12-09 14:00:00,L,6582.0,6544.25,-759.0,227,SL,IS,12416.0
2014-12-11 18:00:00,2014-12-11 21:00:00,L,6589.75,6552.0,-759.0,3,SL,IS,11657.0
2014-12-18 18:00:00,2015-01-05 12:00:00,L,6524.25,6500.0,-489.0,230,MAXBARS,IS,11168.0
2015-01-08 04:00:00,2015-01-13 20:00:00,L,6482.25,6444.5,-759.0,88,SL,IS,10409.0
2015-01-15 18:00:00,2015-01-17 00:00:00,S,6396.25,6434.0,-759.0,30,SL,IS,9650.0
2015-01-20 21:00:00,2015-01-29 07:00:00,L,6451.25,6413.5,-759.0,154,SL,IS,8891.0
2015-02-03 18:00:00,2015-02-17 13:00:00,L,6484.25,6676.75,3846.0,230,MAXBARS,IS,12737.0
2015-02-19 18:00:00,2015-03-05 08:00:00,L,6704.25,6742.0,751.0,230,MAXBARS,IS,13488.0
2015-03-05 18:00:00,2015-03-06 18:00:00,L,6754.75,6717.0,-759.0,24,SL,IS,12729.0
2015-03-09 19:00:00,2015-03-10 14:00:00,L,6710.5,6672.75,-759.0,19,SL,IS,11970.0
2015-03-16 18:00:00,2015-03-26 08:00:00,L,6654.75,6617.0,-759.0,182,SL,IS,11211.0
2015-03-30 18:00:00,2015-03-31 23:00:00,L,6663.5,6625.75,-759.0,29,SL,IS,10452.0
2015-04-06 18:00:00,2015-04-20 08:00:00,L,6636.25,6658.5,441.0,230,MAXBARS,IS,10893.0
2015-04-21 18:00:00,2015-04-30 22:00:00,L,6731.0,6693.25,-759.0,172,SL,IS,10134.0
2015-05-04 18:00:00,2015-05-05 16:00:00,L,6790.0,6752.25,-759.0,22,SL,IS,9375.0
2015-05-08 18:00:00,2015-05-12 10:00:00,L,6752.75,6715.0,-759.0,40,SL,IS,8616.0
2015-05-20 21:00:00,2015-05-21 01:00:00,L,6829.0,6791.25,-759.0,4,SL,IS,7857.0
2015-05-27 20:00:00,2015-06-01 17:00:00,L,6830.75,6793.0,-759.0,69,SL,IS,7098.0
2015-06-03 18:00:00,2015-06-04 10:00:00,L,6839.25,6801.5,-759.0,16,SL,IS,6339.0
2015-06-17 22:00:00,2015-06-29 01:00:00,L,6781.5,6738.25,-869.0,171,SL,IS,5470.0
2015-07-09 23:00:00,2015-07-10 01:00:00,S,6645.0,6682.75,-759.0,2,SL,IS,4711.0
2015-07-13 18:00:00,2015-07-27 08:00:00,L,6782.0,6871.5,1786.0,230,MAXBARS,IS,6497.0
2015-07-29 22:00:00,2015-07-30 16:00:00,L,6883.75,6846.0,-759.0,18,SL,IS,5738.0
2015-07-30 19:00:00,2015-08-03 20:00:00,L,6888.5,6850.75,-759.0,49,SL,IS,4979.0
2015-08-05 18:00:00,2015-08-06 16:00:00,L,6931.75,6894.0,-759.0,22,SL,IS,4220.0
2015-08-17 18:00:00,2015-08-19 16:00:00,L,6848.75,6811.0,-759.0,46,SL,IS,3461.0
2015-08-24 20:00:00,2015-08-26 22:00:00,S,6479.5,6517.25,-759.0,50,SL,IS,2702.0
2015-08-27 20:00:00,2015-08-27 21:00:00,L,6632.0,6594.25,-759.0,1,SL,IS,1943.0
2015-09-07 04:00:00,2015-09-18 23:00:00,L,6546.5,6637.75,1821.0,230,MAXBARS,IS,3764.0
2015-09-21 19:00:00,2015-09-21 23:00:00,S,6616.5,6654.25,-759.0,4,SL,IS,3005.0
2015-09-30 18:00:00,2015-09-30 19:00:00,L,6471.0,6433.25,-759.0,1,SL,IS,2246.0
2015-10-01 22:00:00,2015-10-02 15:00:00,L,6486.5,6448.75,-759.0,16,SL,IS,1487.0
2015-10-02 23:00:00,2015-10-16 23:00:00,L,6573.75,6755.75,3636.0,230,MAXBARS,IS,5123.0
2015-10-19 19:00:00,2015-10-20 20:00:00,L,6770.5,6732.75,-759.0,24,SL,IS,4364.0
2015-10-22 18:00:00,2015-11-05 18:00:00,L,6795.75,7014.25,4366.0,230,MAXBARS,IS,8730.0
2015-11-20 18:00:00,2015-11-24 10:00:00,L,6997.25,6959.5,-759.0,38,SL,IS,7971.0
2015-11-26 18:00:00,2015-11-30 18:00:00,L,7014.0,6976.25,-759.0,39,SL,IS,7212.0
2015-12-02 18:00:00,2015-12-02 21:00:00,L,7050.5,7012.75,-759.0,3,SL,IS,6453.0
2015-12-15 18:00:00,2015-12-16 21:00:00,L,6943.75,6906.0,-759.0,26,SL,IS,5694.0
2015-12-16 22:00:00,2015-12-17 18:00:00,L,6976.5,6938.75,-759.0,19,SL,IS,4935.0
2015-12-23 18:00:00,2015-12-28 17:00:00,L,6932.5,6894.75,-759.0,42,SL,IS,4176.0
2016-01-08 18:00:00,2016-01-08 19:00:00,S,6606.25,6644.0,-759.0,1,SL,IS,3417.0
2016-01-13 04:00:00,2016-01-13 17:00:00,L,6669.5,6631.75,-759.0,13,SL,IS,2658.0
2016-02-15 04:00:00,2016-02-29 07:00:00,L,6373.0,6521.75,2971.0,230,MAXBARS,IS,5629.0
2016-03-01 18:00:00,2016-03-10 20:00:00,L,6594.25,6556.5,-759.0,163,SL,IS,4870.0
2016-03-14 18:00:00,2016-03-29 19:00:00,L,6687.25,6766.5,1581.0,230,MAXBARS,IS,6451.0
2016-03-30 18:00:00,2016-03-31 10:00:00,L,6835.25,6797.5,-759.0,15,SL,IS,5692.0
2016-04-06 18:00:00,2016-04-07 21:00:00,L,6834.25,6796.5,-759.0,26,SL,IS,4933.0
2016-04-13 18:00:00,2016-04-21 23:00:00,L,6862.75,6825.0,-759.0,143,SL,IS,4174.0
2016-04-26 21:00:00,2016-05-10 21:00:00,S,6768.25,6718.75,986.0,230,MAXBARS,IS,5160.0
2016-05-16 18:00:00,2016-05-17 21:00:00,L,6693.25,6655.5,-759.0,26,SL,IS,4401.0
2016-05-20 18:00:00,2016-06-03 22:00:00,L,6698.5,6840.75,2841.0,230,MAXBARS,IS,7242.0
2016-06-13 18:00:00,2016-06-23 23:00:00,S,6778.5,6816.25,-759.0,189,SL,IS,6483.0
2016-06-28 21:00:00,2016-07-13 02:00:00,L,6608.5,6909.25,6011.0,230,MAXBARS,IS,12494.0
2016-07-14 18:00:00,2016-07-15 23:00:00,L,6930.75,6893.0,-759.0,28,SL,IS,11735.0
2016-07-18 18:00:00,2016-08-01 17:00:00,L,6954.0,7092.25,2761.0,230,MAXBARS,IS,14496.0
2016-08-04 18:00:00,2016-08-18 18:00:00,L,7082.75,7148.5,1311.0,230,MAXBARS,IS,15807.0
2016-08-26 19:00:00,2016-08-29 20:00:00,S,7108.5,7146.25,-759.0,24,SL,IS,15048.0
2016-09-01 18:00:00,2016-09-01 20:00:00,S,7091.75,7129.5,-759.0,2,SL,IS,14289.0
2016-09-06 18:00:00,2016-09-09 15:00:00,L,7148.25,7110.5,-759.0,66,SL,IS,13530.0
2016-09-14 18:00:00,2016-09-15 04:00:00,L,7106.5,7068.75,-759.0,9,SL,IS,12771.0
2016-09-22 18:00:00,2016-09-26 10:00:00,L,7222.75,7185.0,-759.0,38,SL,IS,12012.0
2016-09-27 19:00:00,2016-09-29 19:00:00,L,7204.75,7167.0,-759.0,46,SL,IS,11253.0
2016-09-30 19:00:00,2016-10-04 21:00:00,L,7221.75,7184.0,-759.0,48,SL,IS,10494.0
2016-10-27 20:00:00,2016-11-10 10:00:00,S,7184.25,7222.0,-759.0,221,SL,IS,9735.0
2016-11-17 04:00:00,2016-12-01 11:00:00,L,7142.75,7151.0,161.0,230,MAXBARS,IS,9896.0
2016-12-07 20:00:00,2016-12-21 20:00:00,L,7152.75,7298.5,2911.0,230,MAXBARS,IS,12807.0
2016-12-27 18:00:00,2016-12-28 16:00:00,L,7330.75,7293.0,-759.0,21,SL,IS,12048.0
2017-01-04 18:00:00,2017-01-18 22:00:00,L,7274.0,7396.75,2451.0,230,MAXBARS,IS,14499.0
2017-01-18 23:00:00,2017-02-01 23:00:00,L,7400.0,7495.5,1906.0,230,MAXBARS,IS,16405.0
2017-02-03 18:00:00,2017-02-17 18:00:00,L,7504.0,7651.0,2936.0,230,MAXBARS,IS,19341.0
2017-02-17 21:00:00,2017-03-06 02:00:00,L,7663.5,7701.0,746.0,230,MAXBARS,IS,20087.0
2017-03-10 03:00:00,2017-03-21 19:00:00,L,7721.75,7684.0,-759.0,178,SL,IS,19328.0
2017-03-24 18:00:00,2017-03-24 20:00:00,L,7735.75,7698.0,-759.0,2,SL,IS,18569.0
2017-03-28 19:00:00,2017-04-11 19:00:00,L,7736.75,7736.0,-19.0,230,MAXBARS,IS,18550.0
2017-04-13 20:00:00,2017-04-19 12:00:00,S,7711.0,7748.75,-759.0,61,SL,IS,17791.0
2017-04-24 02:00:00,2017-05-08 02:00:00,L,7829.25,7985.75,3126.0,230,MAXBARS,IS,20917.0
2017-05-15 18:00:00,2017-05-17 16:00:00,L,8046.5,8008.75,-759.0,44,SL,IS,20158.0
2017-05-19 18:00:00,2017-06-02 21:00:00,L,8010.75,8216.75,4116.0,230,MAXBARS,IS,24274.0
2017-06-02 22:00:00,2017-06-09 19:00:00,L,8217.5,8179.75,-759.0,112,SL,IS,23515.0
2017-06-14 18:00:00,2017-06-14 21:00:00,L,8103.5,8065.75,-759.0,3,SL,IS,22756.0
2017-06-19 18:00:00,2017-06-21 01:00:00,L,8099.0,8061.25,-759.0,29,SL,IS,21997.0
2017-06-21 21:00:00,2017-06-27 11:00:00,L,8119.0,8081.25,-759.0,82,SL,IS,21238.0
2017-07-07 18:00:00,2017-07-21 18:00:00,L,7987.75,8247.0,5181.0,230,MAXBARS,IS,26419.0
2017-07-26 18:00:00,2017-07-27 19:00:00,L,8281.25,8243.5,-759.0,24,SL,IS,25660.0
2017-08-08 19:00:00,2017-08-08 22:00:00,L,8300.75,8263.0,-759.0,3,SL,IS,24901.0
2017-08-14 04:00:00,2017-08-17 19:00:00,L,8205.0,8167.25,-759.0,84,SL,IS,24142.0
2017-08-29 18:00:00,2017-09-12 22:00:00,L,8191.0,8330.25,2781.0,230,MAXBARS,IS,26923.0
2017-09-15 18:00:00,2017-09-18 21:00:00,L,8337.25,8299.5,-759.0,26,SL,IS,26164.0
2017-09-25 18:00:00,2017-09-26 16:00:00,S,8191.0,8228.75,-759.0,21,SL,IS,25405.0
2017-09-27 18:00:00,2017-10-12 18:00:00,L,8240.25,8417.75,3546.0,230,MAXBARS,IS,28951.0
2017-10-12 20:00:00,2017-10-25 18:00:00,L,8414.25,8376.5,-759.0,205,SL,IS,28192.0
2017-10-27 18:00:00,2017-11-10 18:00:00,L,8493.5,8626.75,2661.0,230,MAXBARS,IS,30853.0
2017-11-16 18:00:00,2017-11-20 04:00:00,L,8660.0,8622.25,-759.0,32,SL,IS,30094.0
2017-12-07 03:00:00,2017-12-21 03:00:00,L,8644.75,8800.75,3116.0,230,MAXBARS,IS,33210.0
2018-01-02 18:00:00,2018-01-16 22:00:00,L,8809.5,9056.75,4941.0,230,MAXBARS,IS,38151.0
2018-01-22 18:00:00,2018-02-02 16:00:00,L,9186.5,9148.75,-759.0,205,SL,IS,37392.0
2018-02-05 18:00:00,2018-02-09 19:00:00,S,9060.75,8561.0,9991.0,93,TP,IS,47383.0
2018-02-12 18:00:00,2018-02-26 21:00:00,L,8784.0,9283.75,9991.0,229,TP,IS,57374.0
2018-02-26 22:00:00,2018-02-27 18:00:00,L,9286.0,9248.25,-759.0,19,SL,IS,56615.0
2018-03-05 18:00:00,2018-03-19 17:00:00,L,9132.25,9130.25,-44.0,230,MAXBARS,IS,56571.0
2018-03-19 18:00:00,2018-03-19 21:00:00,S,9130.25,9168.0,-759.0,3,SL,IS,55812.0
2018-03-26 21:00:00,2018-03-27 20:00:00,L,9005.0,8967.25,-759.0,22,SL,IS,55053.0
2018-03-29 20:00:00,2018-04-02 09:00:00,L,8866.0,8828.25,-759.0,12,SL,IS,54294.0
2018-04-04 22:00:00,2018-04-06 02:00:00,L,8814.5,8776.75,-759.0,26,SL,IS,53535.0
2018-04-09 19:00:00,2018-04-09 21:00:00,L,8895.0,8857.25,-759.0,2,SL,IS,52776.0
2018-04-12 18:00:00,2018-04-13 17:00:00,L,8951.75,8914.0,-759.0,22,SL,IS,52017.0
2018-04-17 04:00:00,2018-04-20 18:00:00,L,9005.75,8968.0,-759.0,83,SL,IS,51258.0
2018-04-26 04:00:00,2018-04-26 09:00:00,L,8893.25,8855.5,-759.0,5,SL,IS,50499.0
2018-05-01 23:00:00,2018-05-02 16:00:00,L,9001.75,8964.0,-759.0,16,SL,IS,49740.0
2018-05-04 18:00:00,2018-05-18 18:00:00,L,9012.75,9182.5,3391.0,230,MAXBARS,IS,53131.0
2018-05-21 18:00:00,2018-05-21 19:00:00,L,9223.5,9185.75,-759.0,1,SL,IS,52372.0
2018-05-31 18:00:00,2018-06-14 18:00:00,L,9278.5,9562.75,5681.0,230,MAXBARS,IS,58053.0
2018-06-27 18:00:00,2018-06-27 19:00:00,L,9389.75,9352.0,-759.0,1,SL,IS,57294.0
2018-06-29 18:00:00,2018-06-29 22:00:00,L,9373.75,9336.0,-759.0,4,SL,IS,56535.0
2018-07-05 18:00:00,2018-07-19 18:00:00,L,9312.5,9648.5,6716.0,230,MAXBARS,IS,63251.0
2018-07-24 18:00:00,2018-07-24 19:00:00,L,9724.75,9687.0,-759.0,1,SL,IS,62492.0
2018-08-06 18:00:00,2018-08-15 16:00:00,L,9674.75,9637.0,-759.0,159,SL,IS,61733.0
2018-08-23 18:00:00,2018-08-23 22:00:00,L,9714.75,9677.0,-759.0,4,SL,IS,60974.0
2018-08-27 18:00:00,2018-09-05 17:00:00,L,9824.75,9787.0,-759.0,156,SL,IS,60215.0
2018-09-06 18:00:00,2018-09-07 16:00:00,S,9704.0,9741.75,-759.0,21,SL,IS,59456.0
2018-09-11 18:00:00,2018-09-12 17:00:00,L,9743.25,9705.5,-759.0,22,SL,IS,58697.0
2018-09-13 18:00:00,2018-09-17 16:00:00,L,9810.0,9772.25,-759.0,44,SL,IS,57938.0
2018-10-05 18:00:00,2018-10-11 04:00:00,S,9687.75,9188.0,9991.0,78,TP,IS,67929.0
2018-10-16 18:00:00,2018-10-18 18:00:00,L,9428.75,9391.0,-759.0,46,SL,IS,67170.0
2018-10-19 21:00:00,2018-10-19 22:00:00,S,9325.75,9363.5,-759.0,1,SL,IS,66411.0
2018-10-31 18:00:00,2018-11-02 18:00:00,L,9193.25,9155.5,-759.0,46,SL,IS,65652.0
2018-11-07 04:00:00,2018-11-09 20:00:00,L,9283.0,9245.25,-759.0,62,SL,IS,64893.0
2018-11-12 18:00:00,2018-11-13 16:00:00,S,9105.75,9143.5,-759.0,21,SL,IS,64134.0
2018-11-27 19:00:00,2018-11-27 20:00:00,L,8938.75,8901.0,-759.0,1,SL,IS,63375.0
2018-11-28 18:00:00,2018-12-06 01:00:00,L,8956.25,8918.5,-759.0,114,SL,IS,62616.0
2018-12-11 18:00:00,2018-12-11 19:00:00,L,8979.0,8941.25,-759.0,1,SL,IS,61857.0
2018-12-17 18:00:00,2018-12-17 19:00:00,S,8810.0,8847.75,-759.0,1,SL,IS,61098.0
2018-12-19 18:00:00,2018-12-19 20:00:00,L,8788.75,8751.0,-759.0,2,SL,IS,60339.0
2018-12-24 18:00:00,2018-12-26 18:00:00,S,8236.25,8274.0,-759.0,20,SL,IS,59580.0
2018-12-26 19:00:00,2018-12-27 20:00:00,L,8329.75,8292.0,-759.0,24,SL,IS,58821.0
2019-01-02 03:00:00,2019-01-02 04:00:00,L,8585.0,8547.25,-759.0,1,SL,IS,58062.0
2019-01-04 18:00:00,2019-01-18 18:00:00,L,8591.5,9019.25,8551.0,230,MAXBARS,IS,66613.0
2019-01-18 19:00:00,2019-01-18 21:00:00,L,9019.75,8982.0,-759.0,2,SL,IS,65854.0
2019-01-23 18:00:00,2019-01-23 21:00:00,S,8817.75,8855.5,-759.0,3,SL,IS,65095.0
2019-01-25 18:00:00,2019-01-28 10:00:00,L,8993.25,8955.5,-759.0,15,SL,IS,64336.0
2019-01-31 19:00:00,2019-01-31 20:00:00,L,9143.5,9105.75,-759.0,1,SL,IS,63577.0
2019-02-04 18:00:00,2019-02-07 18:00:00,L,9135.75,9098.0,-759.0,69,SL,IS,62818.0
2019-02-11 18:00:00,2019-02-25 22:00:00,L,9135.25,9326.75,3826.0,230,MAXBARS,IS,66644.0
2019-02-25 23:00:00,2019-02-26 04:00:00,L,9327.25,9289.5,-759.0,4,SL,IS,65885.0
2019-03-04 02:00:00,2019-03-04 18:00:00,L,9409.25,9371.5,-759.0,16,SL,IS,65126.0
2019-03-15 18:00:00,2019-03-25 03:00:00,L,9517.5,9479.75,-759.0,123,SL,IS,64367.0
2019-03-29 18:00:00,2019-04-12 19:00:00,L,9563.5,9819.25,5111.0,230,MAXBARS,IS,69478.0
2019-04-17 18:00:00,2019-04-18 11:00:00,L,9876.75,9839.0,-759.0,16,SL,IS,68719.0
2019-04-22 23:00:00,2019-05-02 18:00:00,L,9912.0,9874.25,-759.0,180,SL,IS,67960.0
2019-05-10 03:00:00,2019-05-10 04:00:00,L,9823.75,9786.0,-759.0,1,SL,IS,67201.0
2019-05-10 18:00:00,2019-05-10 19:00:00,S,9638.75,9676.5,-759.0,1,SL,IS,66442.0
2019-05-15 19:00:00,2019-05-20 13:00:00,L,9684.25,9646.5,-759.0,63,SL,IS,65683.0
2019-06-04 18:00:00,2019-06-18 16:00:00,L,9311.75,9811.5,9991.0,228,TP,IS,75674.0
2019-06-18 18:00:00,2019-06-18 19:00:00,L,9868.25,9830.5,-759.0,1,SL,IS,74915.0
2019-06-20 03:00:00,2019-06-25 17:00:00,L,9880.75,9843.0,-759.0,83,SL,IS,74156.0
2019-07-01 02:00:00,2019-07-01 21:00:00,L,9954.75,9917.0,-759.0,19,SL,IS,73397.0
2019-07-03 18:00:00,2019-07-05 15:00:00,L,10019.5,9981.75,-759.0,36,SL,IS,72638.0
2019-07-09 20:00:00,2019-07-23 20:00:00,L,9997.25,10111.0,2271.0,230,MAXBARS,IS,74909.0
2019-08-01 18:00:00,2019-08-01 20:00:00,L,10154.5,10116.75,-759.0,2,SL,IS,74150.0
2019-08-01 21:00:00,2019-08-01 21:00:00,S,9935.0,9972.75,-759.0,1,SL_SAMEBAR,IS,73391.0
2019-08-13 18:00:00,2019-08-14 12:00:00,L,9882.5,9844.75,-759.0,17,SL,IS,72632.0
2019-08-19 18:00:00,2019-08-20 16:00:00,L,9878.0,9840.25,-759.0,21,SL,IS,71873.0
2019-08-21 18:00:00,2019-08-21 21:00:00,L,9905.25,9867.5,-759.0,3,SL,IS,71114.0
2019-09-05 18:00:00,2019-09-09 19:00:00,L,10014.25,9976.5,-759.0,47,SL,IS,70355.0
2019-09-12 03:00:00,2019-09-12 09:00:00,L,10107.0,10069.25,-759.0,6,SL,IS,69596.0
2019-10-04 18:00:00,2019-10-08 14:00:00,L,9839.75,9802.0,-759.0,42,SL,IS,68837.0
2019-10-10 18:00:00,2019-10-10 19:00:00,L,9907.0,9869.25,-759.0,1,SL,IS,68078.0
2019-10-11 18:00:00,2019-10-11 19:00:00,L,10021.25,9983.5,-759.0,1,SL,IS,67319.0
2019-10-22 18:00:00,2019-10-22 20:00:00,L,10089.75,10052.0,-759.0,2,SL,IS,66560.0
2019-10-24 18:00:00,2019-11-07 18:00:00,L,10073.75,10408.75,6696.0,230,MAXBARS,IS,73256.0
2019-11-18 18:00:00,2019-11-20 19:00:00,L,10456.25,10418.5,-759.0,47,SL,IS,72497.0
2019-11-26 04:00:00,2019-12-02 16:00:00,L,10533.5,10495.75,-759.0,97,SL,IS,71738.0
2019-12-02 18:00:00,2019-12-02 20:00:00,S,10417.0,10454.75,-759.0,2,SL,IS,70979.0
2019-12-12 18:00:00,2019-12-12 18:00:00,L,10613.75,10576.0,-759.0,1,SL_SAMEBAR,IS,70220.0
2019-12-19 19:00:00,2020-01-06 22:00:00,L,10760.5,10971.25,4211.0,230,MAXBARS,IS,74431.0
2020-01-09 18:00:00,2020-01-09 19:00:00,L,11119.75,11082.0,-759.0,1,SL,IS,73672.0
2020-01-10 18:00:00,2020-01-10 19:00:00,L,11143.5,11105.75,-759.0,1,SL,IS,72913.0
2020-01-13 18:00:00,2020-01-27 01:00:00,L,11163.25,11125.5,-759.0,209,SL,IS,72154.0
2020-01-28 18:00:00,2020-01-30 09:00:00,L,11184.75,11147.0,-759.0,37,SL,IS,71395.0
2020-02-04 18:00:00,2020-02-18 22:00:00,L,11392.75,11743.0,7001.0,230,MAXBARS,IS,78396.0
2020-02-25 18:00:00,2020-02-27 17:00:00,S,11133.75,10634.0,9991.0,45,TP,IS,88387.0
2020-03-02 18:00:00,2020-03-03 21:00:00,L,10682.5,10644.75,-759.0,26,SL,IS,87628.0
2020-03-09 02:00:00,2020-03-09 03:00:00,S,10221.5,10259.25,-759.0,1,SL,IS,86869.0
2020-03-10 21:00:00,2020-03-11 01:00:00,L,10348.0,10310.25,-759.0,3,SL,IS,86110.0
2020-03-13 03:00:00,2020-03-13 06:00:00,S,9164.0,9201.75,-759.0,3,SL,IS,85351.0
2020-03-23 02:00:00,2020-03-23 03:00:00,S,8747.5,8785.25,-759.0,1,SL,IS,84592.0
2020-03-23 18:00:00,2020-03-24 11:00:00,L,8968.0,9467.75,9991.0,16,TP,IS,94583.0
2020-03-24 18:00:00,2020-03-24 19:00:00,L,9572.5,9534.75,-759.0,1,SL,IS,93824.0
2020-04-06 03:00:00,2020-04-07 10:00:00,L,9779.5,10279.25,9991.0,30,TP,IS,103815.0
2020-04-09 18:00:00,2020-04-09 21:00:00,L,10361.25,10323.5,-759.0,3,SL,IS,103056.0
2020-04-16 18:00:00,2020-04-16 19:00:00,L,10826.75,10789.0,-759.0,1,SL,IS,102297.0
2020-04-23 18:00:00,2020-04-23 18:00:00,L,10887.5,10849.75,-759.0,1,SL_SAMEBAR,IS,101538.0
2020-04-27 18:00:00,2020-04-28 05:00:00,L,10935.75,10898.0,-759.0,10,SL,IS,100779.0
2020-04-29 19:00:00,2020-04-30 19:00:00,L,11065.0,11027.25,-759.0,23,SL,IS,100020.0
2020-05-05 18:00:00,2020-05-05 22:00:00,L,11082.0,11044.25,-759.0,4,SL,IS,99261.0
2020-05-06 18:00:00,2020-05-06 22:00:00,L,11147.5,11109.75,-759.0,4,SL,IS,98502.0
2020-05-08 18:00:00,2020-05-11 15:00:00,L,11292.5,11254.75,-759.0,20,SL,IS,97743.0
2020-05-11 18:00:00,2020-05-12 22:00:00,L,11357.25,11319.5,-759.0,27,SL,IS,96984.0
2020-05-15 20:00:00,2020-05-15 21:00:00,L,11223.25,11185.5,-759.0,1,SL,IS,96225.0
2020-05-25 02:00:00,2020-05-26 22:00:00,L,11567.0,11529.25,-759.0,39,SL,IS,95466.0
2020-06-01 19:00:00,2020-06-02 17:00:00,L,11709.75,11672.0,-759.0,21,SL,IS,94707.0
2020-06-02 20:00:00,2020-06-10 21:00:00,L,11725.0,12224.75,9991.0,139,TP,IS,104698.0
2020-06-10 22:00:00,2020-06-11 01:00:00,L,12215.75,12178.0,-759.0,2,SL,IS,103939.0
2020-06-16 18:00:00,2020-06-29 01:00:00,L,11964.0,11918.25,-919.0,190,SL,IS,103020.0
2020-06-30 20:00:00,2020-07-06 17:00:00,L,12198.0,12697.75,9991.0,85,TP,IS,113011.0
2020-07-06 18:00:00,2020-07-06 21:00:00,L,12706.5,12668.75,-759.0,3,SL,IS,112252.0
2020-07-09 19:00:00,2020-07-10 17:00:00,L,12806.25,12768.5,-759.0,21,SL,IS,111493.0
2020-07-13 02:00:00,2020-07-13 03:00:00,L,13030.5,12992.75,-759.0,1,SL,IS,110734.0
2020-07-20 18:00:00,2020-07-23 19:00:00,L,12888.0,12850.25,-759.0,70,SL,IS,109975.0
2020-07-27 18:00:00,2020-07-27 18:00:00,L,12731.0,12693.25,-759.0,1,SL_SAMEBAR,IS,109216.0
2020-08-11 22:00:00,2020-08-12 10:00:00,S,13061.0,13098.75,-759.0,11,SL,IS,108457.0
2020-08-12 19:00:00,2020-08-12 20:00:00,L,13291.0,13253.25,-759.0,1,SL,IS,107698.0
2020-08-13 18:00:00,2020-08-13 20:00:00,L,13372.0,13334.25,-759.0,2,SL,IS,106939.0
2020-08-18 18:00:00,2020-08-19 22:00:00,L,13473.75,13436.0,-759.0,27,SL,IS,106180.0
2020-08-20 21:00:00,2020-08-26 19:00:00,L,13571.25,14071.0,9991.0,90,TP,IS,116171.0
2020-08-26 20:00:00,2020-08-27 19:00:00,L,14036.25,13998.5,-759.0,22,SL,IS,115412.0
2020-08-31 03:00:00,2020-08-31 15:00:00,L,14181.75,14144.0,-759.0,12,SL,IS,114653.0
2020-09-01 18:00:00,2020-09-02 18:00:00,L,14355.5,14317.75,-759.0,23,SL,IS,113894.0
2020-09-02 19:00:00,2020-09-03 13:00:00,L,14462.0,14424.25,-759.0,17,SL,IS,113135.0
2020-09-08 18:00:00,2020-09-09 17:00:00,S,13428.25,13466.0,-759.0,22,SL,IS,112376.0
2020-09-15 18:00:00,2020-09-15 22:00:00,L,13565.25,13527.5,-759.0,4,SL,IS,111617.0
2020-09-18 18:00:00,2020-09-18 18:00:00,S,13050.0,13087.75,-759.0,1,SL_SAMEBAR,IS,110858.0
2020-09-25 19:00:00,2020-09-30 21:00:00,L,13158.0,13657.75,9991.0,71,TP,IS,120849.0
2020-09-30 22:00:00,2020-09-30 22:00:00,L,13595.0,13557.25,-759.0,1,SL_SAMEBAR,IS,120090.0
2020-10-09 18:00:00,2020-10-12 21:00:00,L,13800.25,14300.0,9991.0,26,TP,IS,130081.0
2020-10-12 22:00:00,2020-10-12 22:00:00,L,14291.0,14253.25,-759.0,1,SL_SAMEBAR,IS,129322.0
2020-10-26 18:00:00,2020-10-27 01:00:00,S,13624.25,13662.0,-759.0,6,SL,IS,128563.0
2020-11-04 04:00:00,2020-11-04 09:00:00,L,13539.5,13501.75,-759.0,5,SL,IS,127804.0
2020-11-09 22:00:00,2020-11-11 23:00:00,S,14014.0,14051.75,-759.0,47,SL,IS,127045.0
2020-11-16 02:00:00,2020-11-16 09:00:00,L,14193.25,14155.5,-759.0,7,SL,IS,126286.0
2020-11-26 18:00:00,2020-11-26 19:00:00,L,14334.25,14296.5,-759.0,1,SL,IS,125527.0
2020-12-07 02:00:00,2020-12-07 10:00:00,L,14691.0,14653.25,-759.0,8,SL,IS,124768.0
2020-12-08 21:00:00,2020-12-09 16:00:00,L,14776.25,14738.5,-759.0,18,SL,IS,124009.0
2020-12-15 20:00:00,2020-12-21 12:00:00,L,14696.5,14658.75,-759.0,84,SL,IS,123250.0
2020-12-28 02:00:00,2021-01-04 18:00:00,L,14882.25,14844.5,-759.0,108,SL,IS,122491.0
2021-01-07 18:00:00,2021-01-12 16:00:00,L,15047.5,15009.75,-759.0,67,SL,IS,121732.0
2021-01-19 02:00:00,2021-01-21 02:00:00,L,14978.75,15478.5,9991.0,46,TP,IS,131723.0
2021-01-25 02:00:00,2021-01-25 17:00:00,L,15549.25,15511.5,-759.0,15,SL,IS,130964.0
2021-02-01 18:00:00,2021-02-08 17:00:00,L,15335.0,15834.75,9991.0,114,TP,IS,140955.0
2021-02-08 18:00:00,2021-02-08 18:00:00,L,15820.5,15782.75,-759.0,1,SL_SAMEBAR,IS,140196.0
2021-02-09 18:00:00,2021-02-09 20:00:00,L,15856.5,15818.75,-759.0,2,SL,IS,139437.0
2021-02-12 20:00:00,2021-02-17 02:00:00,L,15890.75,15853.0,-759.0,47,SL,IS,138678.0
2021-03-09 19:00:00,2021-03-10 04:00:00,L,14908.25,14870.5,-759.0,8,SL,IS,137919.0
2021-03-16 18:00:00,2021-03-16 19:00:00,L,15402.25,15364.5,-759.0,1,SL,IS,137160.0
2021-03-22 02:00:00,2021-03-22 03:00:00,L,15019.5,14981.75,-759.0,1,SL,IS,136401.0
2021-03-31 18:00:00,2021-04-05 21:00:00,L,15263.5,15763.25,9991.0,65,TP,IS,146392.0
2021-04-08 03:00:00,2021-04-22 03:00:00,L,15798.25,16045.0,4931.0,230,MAXBARS,IS,151323.0
2021-04-23 19:00:00,2021-04-23 23:00:00,L,16102.0,16064.25,-759.0,4,SL,IS,150564.0
2021-05-03 18:00:00,2021-05-10 23:00:00,S,15976.5,15476.75,9991.0,120,TP,IS,160555.0
2021-05-14 18:00:00,2021-05-17 16:00:00,L,15483.75,15446.0,-759.0,21,SL,OOS,159796.0
2021-05-24 18:00:00,2021-06-01 17:00:00,L,15794.5,15756.75,-759.0,133,SL,OOS,159037.0
2021-06-01 18:00:00,2021-06-01 18:00:00,S,15771.5,15809.25,-759.0,1,SL_SAMEBAR,OOS,158278.0
2021-06-04 18:00:00,2021-06-07 12:00:00,L,15892.75,15855.0,-759.0,17,SL,OOS,157519.0
2021-06-08 18:00:00,2021-06-08 18:00:00,L,15981.25,15943.5,-759.0,1,SL_SAMEBAR,OOS,156760.0
2021-06-14 02:00:00,2021-06-14 16:00:00,L,16178.0,16140.25,-759.0,14,SL,OOS,156001.0
2021-06-17 18:00:00,2021-06-17 19:00:00,L,16271.25,16233.5,-759.0,1,SL,OOS,155242.0
2021-06-22 19:00:00,2021-07-02 22:00:00,L,16366.75,16866.5,9991.0,187,TP,OOS,165233.0
2021-07-07 18:00:00,2021-07-08 10:00:00,L,16957.75,16920.0,-759.0,15,SL,OOS,164474.0
2021-07-09 19:00:00,2021-07-15 17:00:00,L,16989.75,16952.0,-759.0,90,SL,OOS,163715.0
2021-07-20 18:00:00,2021-08-03 18:00:00,L,16850.25,17177.75,6546.0,230,MAXBARS,OOS,170261.0
2021-08-04 21:00:00,2021-08-09 02:00:00,L,17242.5,17204.75,-759.0,50,SL,OOS,169502.0
2021-08-13 18:00:00,2021-08-16 13:00:00,L,17282.5,17244.75,-759.0,18,SL,OOS,168743.0
2021-08-20 18:00:00,2021-08-20 18:00:00,L,17235.25,17197.5,-759.0,1,SL_SAMEBAR,OOS,167984.0
2021-08-23 18:00:00,2021-09-06 18:00:00,L,17439.25,17864.5,8501.0,230,MAXBARS,OOS,176485.0
2021-09-06 19:00:00,2021-09-07 11:00:00,L,17865.25,17827.5,-759.0,11,SL,OOS,175726.0
2021-09-23 18:00:00,2021-09-23 19:00:00,L,17502.5,17464.75,-759.0,1,SL,OOS,174967.0
2021-09-29 19:00:00,2021-09-29 20:00:00,S,16917.0,16954.75,-759.0,1,SL,OOS,174208.0
2021-10-07 03:00:00,2021-10-11 01:00:00,L,16986.0,16948.25,-759.0,44,SL,OOS,173449.0
2021-10-13 21:00:00,2021-10-13 21:00:00,L,16960.0,16922.25,-759.0,1,SL_SAMEBAR,OOS,172690.0
2021-10-14 18:00:00,2021-10-25 19:00:00,L,17160.5,17660.25,9991.0,162,TP,OOS,182681.0
2021-10-25 20:00:00,2021-10-25 23:00:00,L,17673.0,17635.25,-759.0,3,SL,OOS,181922.0
2021-10-26 18:00:00,2021-10-26 18:00:00,L,17846.0,17808.25,-759.0,1,SL_SAMEBAR,OOS,181163.0
2021-10-28 18:00:00,2021-10-28 23:00:00,L,17894.25,17856.5,-759.0,5,SL,OOS,180404.0
2021-10-29 20:00:00,2021-11-04 16:00:00,L,17960.75,18460.5,9991.0,89,TP,OOS,190395.0
2021-11-04 18:00:00,2021-11-08 01:00:00,L,18473.75,18436.0,-759.0,28,SL,OOS,189636.0
2021-11-12 18:00:00,2021-11-19 16:00:00,L,18290.75,18790.5,9991.0,113,TP,OOS,199627.0
2021-11-19 18:00:00,2021-11-22 18:00:00,L,18742.5,18704.75,-759.0,23,SL,OOS,198868.0
2021-11-29 20:00:00,2021-11-30 07:00:00,L,18589.75,18552.0,-759.0,10,SL,OOS,198109.0
2021-12-07 18:00:00,2021-12-09 20:00:00,L,18448.5,18410.75,-759.0,48,SL,OOS,197350.0
2021-12-15 22:00:00,2021-12-16 17:00:00,L,18305.5,18267.75,-759.0,18,SL,OOS,196591.0
2021-12-21 19:00:00,2021-12-23 22:00:00,L,18024.5,18524.25,9991.0,49,TP,OOS,206582.0
2021-12-23 23:00:00,2022-01-04 17:00:00,L,18467.5,18429.75,-759.0,155,SL,OOS,205823.0
2022-01-06 02:00:00,2022-01-06 03:00:00,S,17925.0,17962.75,-759.0,1,SL,OOS,205064.0
2022-01-12 18:00:00,2022-01-13 03:00:00,L,18031.0,17993.25,-759.0,8,SL,OOS,204305.0
2022-01-19 18:00:00,2022-01-19 19:00:00,S,17343.0,17380.75,-759.0,1,SL,OOS,203546.0
2022-01-26 19:00:00,2022-01-26 21:00:00,L,16671.75,16634.0,-759.0,2,SL,OOS,202787.0
2022-01-31 18:00:00,2022-02-02 11:00:00,L,16887.0,17386.75,9991.0,39,TP,OOS,212778.0
2022-02-04 18:00:00,2022-02-04 18:00:00,S,16628.5,16666.25,-759.0,1,SL_SAMEBAR,OOS,212019.0
2022-02-09 18:00:00,2022-02-09 19:00:00,L,17120.25,17082.5,-759.0,1,SL,OOS,211260.0
2022-02-25 19:00:00,2022-02-25 19:00:00,L,16334.75,16297.0,-759.0,1,SL_SAMEBAR,OOS,210501.0
2022-02-28 18:00:00,2022-02-28 19:00:00,L,16388.5,16350.75,-759.0,1,SL,OOS,209742.0
2022-03-07 18:00:00,2022-03-08 19:00:00,S,15736.5,15774.25,-759.0,24,SL,OOS,208983.0
2022-03-08 22:00:00,2022-03-09 03:00:00,S,15437.25,15475.0,-759.0,4,SL,OOS,208224.0
2022-03-15 21:00:00,2022-03-16 21:00:00,L,15616.25,16116.0,9991.0,23,TP,OOS,218215.0
2022-03-16 22:00:00,2022-03-17 03:00:00,L,16129.75,16092.0,-759.0,4,SL,OOS,217456.0
2022-03-21 18:00:00,2022-03-21 18:00:00,L,16616.0,16578.25,-759.0,1,SL_SAMEBAR,OOS,216697.0
2022-03-24 20:00:00,2022-03-25 17:00:00,L,16857.0,16819.25,-759.0,20,SL,OOS,215938.0
2022-03-29 18:00:00,2022-03-29 19:00:00,L,17303.5,17265.75,-759.0,1,SL,OOS,215179.0
2022-04-04 18:00:00,2022-04-05 17:00:00,L,17235.25,17197.5,-759.0,22,SL,OOS,214420.0
2022-04-07 18:00:00,2022-04-07 20:00:00,S,16569.0,16606.75,-759.0,2,SL,OOS,213661.0
2022-04-12 21:00:00,2022-04-13 05:00:00,S,16159.0,16196.75,-759.0,7,SL,OOS,212902.0
2022-04-19 03:00:00,2022-04-19 03:00:00,L,16191.25,16153.5,-759.0,1,SL_SAMEBAR,OOS,212143.0
2022-04-28 21:00:00,2022-04-28 23:00:00,L,15622.0,15584.25,-759.0,2,SL,OOS,211384.0
2022-05-03 18:00:00,2022-05-03 19:00:00,L,15259.25,15221.5,-759.0,1,SL,OOS,210625.0
2022-05-04 22:00:00,2022-05-05 16:00:00,L,15512.25,15474.5,-759.0,17,SL,OOS,209866.0
2022-05-13 18:00:00,2022-05-13 21:00:00,L,14500.0,14462.25,-759.0,3,SL,OOS,209107.0
2022-05-17 19:00:00,2022-05-17 20:00:00,L,14673.5,14635.75,-759.0,1,SL,OOS,208348.0
2022-05-25 21:00:00,2022-05-25 23:00:00,L,14092.75,14055.0,-759.0,2,SL,OOS,207589.0
2022-05-27 18:00:00,2022-05-31 17:00:00,L,14707.75,14670.0,-759.0,41,SL,OOS,206830.0
2022-06-02 20:00:00,2022-06-03 13:00:00,L,14998.25,14960.5,-759.0,16,SL,OOS,206071.0
2022-06-14 18:00:00,2022-06-14 18:00:00,S,13429.25,13467.0,-759.0,1,SL_SAMEBAR,OOS,205312.0
2022-06-20 03:00:00,2022-06-20 03:00:00,L,13572.5,13534.75,-759.0,1,SL_SAMEBAR,OOS,204553.0
2022-06-21 18:00:00,2022-06-21 18:00:00,L,13817.0,13779.25,-759.0,1,SL_SAMEBAR,OOS,203794.0
2022-06-22 18:00:00,2022-06-22 18:00:00,L,13843.0,13805.25,-759.0,1,SL_SAMEBAR,OOS,203035.0
2022-06-24 18:00:00,2022-06-28 05:00:00,L,14157.75,14120.0,-759.0,33,SL,OOS,202276.0
2022-07-05 02:00:00,2022-07-05 11:00:00,L,13797.0,13759.25,-759.0,9,SL,OOS,201517.0
2022-07-06 23:00:00,2022-07-07 04:00:00,L,14028.25,13990.5,-759.0,4,SL,OOS,200758.0
2022-07-07 18:00:00,2022-07-08 15:00:00,L,14195.25,14157.5,-759.0,20,SL,OOS,199999.0
2022-07-18 18:00:00,2022-07-18 20:00:00,L,14281.75,14244.0,-759.0,2,SL,OOS,199240.0
2022-07-19 18:00:00,2022-07-22 16:00:00,L,14331.0,14830.75,9991.0,67,TP,OOS,209231.0
2022-07-27 18:00:00,2022-07-28 23:00:00,L,14569.5,15069.25,9991.0,28,TP,OOS,219222.0
2022-08-10 18:00:00,2022-08-11 22:00:00,L,15475.25,15437.5,-759.0,27,SL,OOS,218463.0
2022-08-15 23:00:00,2022-08-16 04:00:00,L,15829.5,15791.75,-759.0,4,SL,OOS,217704.0
2022-08-25 18:00:00,2022-08-25 19:00:00,L,15221.5,15183.75,-759.0,1,SL,OOS,216945.0
2022-09-07 21:00:00,2022-09-08 15:00:00,L,14389.0,14351.25,-759.0,17,SL,OOS,216186.0
2022-09-09 04:00:00,2022-09-13 15:00:00,L,14531.75,15031.5,9991.0,57,TP,OOS,226177.0
2022-09-21 21:00:00,2022-09-21 22:00:00,L,14161.75,14124.0,-759.0,1,SL,OOS,225418.0
2022-10-03 21:00:00,2022-10-03 22:00:00,L,13426.5,13388.75,-759.0,1,SL,OOS,224659.0
2022-10-04 18:00:00,2022-10-04 19:00:00,L,13739.0,13701.25,-759.0,1,SL,OOS,223900.0
2022-10-18 18:00:00,2022-10-18 18:00:00,L,13312.5,13274.75,-759.0,1,SL_SAMEBAR,OOS,223141.0
2022-10-28 20:00:00,2022-10-31 10:00:00,L,13606.75,13569.0,-759.0,14,SL,OOS,222382.0
2022-11-01 18:00:00,2022-11-02 20:00:00,S,13433.5,13471.25,-759.0,25,SL,OOS,221623.0
2022-11-04 18:00:00,2022-11-04 19:00:00,S,12761.5,12799.25,-759.0,1,SL,OOS,220864.0
2022-11-07 21:00:00,2022-11-08 21:00:00,L,13043.5,13005.75,-759.0,23,SL,OOS,220105.0
2022-11-08 22:00:00,2022-11-09 16:00:00,L,13107.75,13070.0,-759.0,17,SL,OOS,219346.0
2022-11-10 18:00:00,2022-11-15 15:00:00,L,13517.25,14017.0,9991.0,66,TP,OOS,229337.0
2022-11-22 22:00:00,2022-11-28 01:00:00,L,13825.25,13787.5,-759.0,64,SL,OOS,228578.0
2022-11-30 20:00:00,2022-12-06 16:00:00,L,13773.75,13736.0,-759.0,88,SL,OOS,227819.0
2022-12-08 18:00:00,2022-12-08 19:00:00,L,13715.75,13678.0,-759.0,1,SL,OOS,227060.0
2022-12-09 18:00:00,2022-12-09 20:00:00,L,13776.0,13738.25,-759.0,2,SL,OOS,226301.0
2022-12-13 18:00:00,2022-12-13 18:00:00,L,14054.25,14016.5,-759.0,1,SL_SAMEBAR,OOS,225542.0
2022-12-16 18:00:00,2022-12-16 22:00:00,S,13313.0,13350.75,-759.0,4,SL,OOS,224783.0
2022-12-29 18:00:00,2022-12-30 07:00:00,L,12988.25,12950.5,-759.0,12,SL,OOS,224024.0
2023-01-03 19:00:00,2023-01-03 20:00:00,S,12811.25,12849.0,-759.0,1,SL,OOS,223265.0
2023-01-06 20:00:00,2023-01-12 15:00:00,L,13003.0,13502.75,9991.0,87,TP,OOS,233256.0
2023-01-12 18:00:00,2023-01-13 14:00:00,L,13435.75,13398.0,-759.0,19,SL,OOS,232497.0
2023-01-17 20:00:00,2023-01-18 01:00:00,L,13595.0,13557.25,-759.0,4,SL,OOS,231738.0
2023-01-20 18:00:00,2023-01-24 23:00:00,L,13443.25,13943.0,9991.0,51,TP,OOS,241729.0
2023-01-26 19:00:00,2023-01-31 05:00:00,L,13932.75,13895.0,-759.0,55,SL,OOS,240970.0
2023-02-01 22:00:00,2023-02-02 19:00:00,L,14296.75,14796.5,9991.0,20,TP,OOS,250961.0
2023-02-02 20:00:00,2023-02-02 21:00:00,L,14791.0,14753.25,-759.0,1,SL,OOS,250202.0
2023-02-07 19:00:00,2023-02-07 20:00:00,L,14564.75,14527.0,-759.0,1,SL,OOS,249443.0
2023-02-13 18:00:00,2023-02-14 16:00:00,L,14448.75,14411.0,-759.0,21,SL,OOS,248684.0
2023-02-14 20:00:00,2023-02-15 17:00:00,L,14523.25,14485.5,-759.0,20,SL,OOS,247925.0
2023-02-22 18:00:00,2023-02-22 19:00:00,S,14046.0,14083.75,-759.0,1,SL,OOS,247166.0
2023-02-23 21:00:00,2023-02-24 09:00:00,L,14146.75,14109.0,-759.0,11,SL,OOS,246407.0
2023-03-03 18:00:00,2023-03-07 21:00:00,L,14142.5,14104.75,-759.0,49,SL,OOS,245648.0
2023-03-09 18:00:00,2023-03-09 19:00:00,L,14257.5,14219.75,-759.0,1,SL,OOS,244889.0
2023-03-13 04:00:00,2023-03-13 10:00:00,L,13990.25,13952.5,-759.0,6,SL,OOS,244130.0
2023-03-16 18:00:00,2023-03-17 16:00:00,L,14471.75,14434.0,-759.0,21,SL,OOS,243371.0
2023-03-22 21:00:00,2023-03-22 21:00:00,L,14749.5,14711.75,-759.0,1,SL_SAMEBAR,OOS,242612.0
2023-03-27 03:00:00,2023-03-27 04:00:00,L,14775.75,14738.0,-759.0,1,SL,OOS,241853.0
2023-03-29 18:00:00,2023-04-13 02:00:00,L,14688.25,14758.25,1396.0,230,MAXBARS,OOS,243249.0
2023-05-03 22:00:00,2023-05-04 05:00:00,S,14937.25,14975.0,-759.0,6,SL,OOS,242490.0
2023-05-10 18:00:00,2023-05-10 20:00:00,L,15174.5,15136.75,-759.0,2,SL,OOS,241731.0
2023-05-12 04:00:00,2023-05-12 16:00:00,L,15307.25,15269.5,-759.0,12,SL,OOS,240972.0
2023-05-16 18:00:00,2023-05-16 22:00:00,L,15346.5,15308.75,-759.0,4,SL,OOS,240213.0
2023-05-17 19:00:00,2023-05-26 16:00:00,L,15382.0,15881.75,9991.0,158,TP,OOS,250204.0
2023-05-26 18:00:00,2023-06-09 22:00:00,L,16082.5,16383.5,6016.0,230,MAXBARS,OOS,256220.0
2023-06-09 23:00:00,2023-06-14 23:00:00,L,16383.5,16883.25,9991.0,69,TP,OOS,266211.0
2023-06-15 19:00:00,2023-06-15 20:00:00,L,16954.5,16916.75,-759.0,1,SL,OOS,265452.0
2023-06-20 18:00:00,2023-06-20 19:00:00,S,16797.5,16835.25,-759.0,1,SL,OOS,264693.0
2023-06-30 18:00:00,2023-07-05 09:00:00,L,16981.25,16943.5,-759.0,53,SL,OOS,263934.0
2023-07-05 18:00:00,2023-07-05 18:00:00,L,17062.5,17024.75,-759.0,1,SL_SAMEBAR,OOS,263175.0
2023-07-12 18:00:00,2023-07-12 18:00:00,L,17107.75,17070.0,-759.0,1,SL_SAMEBAR,OOS,262416.0
2023-07-13 18:00:00,2023-07-20 22:00:00,L,17257.25,17219.5,-759.0,119,SL,OOS,261657.0
2023-07-21 22:00:00,2023-07-24 10:00:00,S,17194.5,17232.25,-759.0,11,SL,OOS,260898.0
2023-07-27 18:00:00,2023-07-27 20:00:00,L,17421.0,17383.25,-759.0,2,SL,OOS,260139.0
2023-08-14 22:00:00,2023-08-15 10:00:00,L,16914.75,16877.0,-759.0,11,SL,OOS,259380.0
2023-08-22 18:00:00,2023-08-22 18:00:00,L,16695.75,16658.0,-759.0,1,SL_SAMEBAR,OOS,258621.0
2023-08-28 19:00:00,2023-08-28 20:00:00,L,16696.75,16659.0,-759.0,1,SL,OOS,257862.0
2023-08-29 18:00:00,2023-09-07 15:00:00,L,16949.75,16912.0,-759.0,154,SL,OOS,257103.0
2023-09-14 18:00:00,2023-09-15 16:00:00,L,17105.75,17068.0,-759.0,21,SL,OOS,256344.0
2023-09-29 18:00:00,2023-09-29 18:00:00,L,16443.75,16406.0,-759.0,1,SL_SAMEBAR,OOS,255585.0
2023-10-09 22:00:00,2023-10-13 18:00:00,L,16650.25,16612.5,-759.0,88,SL,OOS,254826.0
2023-10-19 18:00:00,2023-10-19 18:00:00,S,16430.5,16468.25,-759.0,1,SL_SAMEBAR,OOS,254067.0
2023-10-31 20:00:00,2023-11-01 03:00:00,L,15929.25,15891.5,-759.0,6,SL,OOS,253308.0
2023-11-01 18:00:00,2023-11-01 19:00:00,L,16063.0,16025.25,-759.0,1,SL,OOS,252549.0
2023-11-02 18:00:00,2023-11-09 18:00:00,L,16392.25,16892.0,9991.0,114,TP,OOS,262540.0
2023-11-10 19:00:00,2023-11-15 10:00:00,L,16905.5,17405.25,9991.0,60,TP,OOS,272531.0
2023-11-17 22:00:00,2023-11-17 23:00:00,L,17362.5,17324.75,-759.0,1,SL,OOS,271772.0
2023-11-27 20:00:00,2023-11-27 21:00:00,L,17528.75,17491.0,-759.0,1,SL,OOS,271013.0
2023-11-29 18:00:00,2023-11-29 18:00:00,L,17570.75,17533.0,-759.0,1,SL_SAMEBAR,OOS,270254.0
2023-12-07 19:00:00,2023-12-08 09:00:00,L,17489.5,17451.75,-759.0,13,SL,OOS,269495.0
2023-12-11 18:00:00,2023-12-18 17:00:00,L,17630.75,18130.5,9991.0,114,TP,OOS,279486.0
2023-12-18 18:00:00,2023-12-20 21:00:00,L,18128.5,18090.75,-759.0,49,SL,OOS,278727.0
2023-12-28 04:00:00,2023-12-28 17:00:00,L,18392.75,18355.0,-759.0,13,SL,OOS,277968.0
2024-01-04 18:00:00,2024-01-05 17:00:00,S,17762.75,17800.5,-759.0,22,SL,OOS,277209.0
2024-01-11 21:00:00,2024-01-11 22:00:00,L,18224.25,18186.5,-759.0,1,SL,OOS,276450.0
2024-01-18 18:00:00,2024-01-18 19:00:00,L,18297.75,18260.0,-759.0,1,SL,OOS,275691.0
2024-01-19 18:00:00,2024-01-24 17:00:00,L,18468.0,18967.75,9991.0,68,TP,OOS,285682.0
2024-01-24 18:00:00,2024-01-24 20:00:00,L,18977.25,18939.5,-759.0,2,SL,OOS,284923.0
2024-01-29 21:00:00,2024-01-30 19:00:00,L,18873.25,18835.5,-759.0,21,SL,OOS,284164.0
2024-02-01 23:00:00,2024-02-09 17:00:00,L,18725.25,19225.0,9991.0,132,TP,OOS,294155.0
2024-02-22 03:00:00,2024-03-01 19:00:00,L,19012.25,19512.0,9991.0,154,TP,OOS,304146.0
2024-03-01 20:00:00,2024-03-04 23:00:00,L,19527.75,19490.0,-759.0,26,SL,OOS,303387.0
2024-03-07 18:00:00,2024-03-07 23:00:00,L,19492.0,19454.25,-759.0,5,SL,OOS,302628.0
2024-03-11 18:00:00,2024-03-11 20:00:00,S,19212.0,19249.75,-759.0,2,SL,OOS,301869.0
2024-03-12 18:00:00,2024-03-12 18:00:00,L,19410.75,19373.0,-759.0,1,SL_SAMEBAR,OOS,301110.0
2024-03-20 18:00:00,2024-03-20 19:00:00,L,19280.0,19242.25,-759.0,1,SL,OOS,300351.0
2024-03-21 18:00:00,2024-03-21 19:00:00,L,19672.75,19635.0,-759.0,1,SL,OOS,299592.0
2024-04-09 23:00:00,2024-04-10 15:00:00,L,19366.75,19329.0,-759.0,15,SL,OOS,298833.0
2024-04-11 21:00:00,2024-04-12 12:00:00,L,19465.0,19427.25,-759.0,14,SL,OOS,298074.0
2024-04-23 18:00:00,2024-04-24 23:00:00,L,18583.75,18546.0,-759.0,28,SL,OOS,297315.0
2024-04-25 23:00:00,2024-04-26 01:00:00,L,18786.25,18748.5,-759.0,1,SL,OOS,296556.0
2024-05-03 18:00:00,2024-05-14 22:00:00,L,18916.5,19416.25,9991.0,165,TP,OOS,306547.0
2024-05-14 23:00:00,2024-05-23 05:00:00,L,19401.75,19901.5,9991.0,143,TP,OOS,316538.0
2024-05-30 02:00:00,2024-05-30 15:00:00,S,19716.25,19754.0,-759.0,13,SL,OOS,315779.0
2024-06-11 21:00:00,2024-06-13 10:00:00,L,20155.25,20655.0,9991.0,35,TP,OOS,325770.0
2024-06-17 18:00:00,2024-06-21 16:00:00,L,20708.0,20670.25,-759.0,86,SL,OOS,325011.0
2024-06-28 18:00:00,2024-06-28 19:00:00,L,20871.25,20833.5,-759.0,1,SL,OOS,324252.0
2024-07-02 18:00:00,2024-07-02 19:00:00,L,20841.75,20804.0,-759.0,1,SL,OOS,323493.0
2024-07-03 19:00:00,2024-07-10 20:00:00,L,21110.0,21609.75,9991.0,109,TP,OOS,333484.0
2024-07-15 18:00:00,2024-07-15 18:00:00,L,21471.75,21434.0,-759.0,1,SL_SAMEBAR,OOS,332725.0
2024-07-18 18:00:00,2024-07-22 16:00:00,S,20696.0,20733.75,-759.0,43,SL,OOS,331966.0
2024-07-22 18:00:00,2024-07-22 18:00:00,L,20707.5,20669.75,-759.0,1,SL_SAMEBAR,OOS,331207.0
2024-07-25 18:00:00,2024-07-25 18:00:00,S,19899.0,19936.75,-759.0,1,SL_SAMEBAR,OOS,330448.0
2024-07-29 04:00:00,2024-07-29 10:00:00,L,20030.5,19992.75,-759.0,6,SL,OOS,329689.0
2024-07-31 18:00:00,2024-07-31 20:00:00,L,20183.0,20145.25,-759.0,2,SL,OOS,328930.0
2024-08-21 21:00:00,2024-08-21 22:00:00,L,20661.75,20624.0,-759.0,1,SL,OOS,328171.0
2024-09-11 19:00:00,2024-09-12 18:00:00,L,19609.25,20109.0,9991.0,22,TP,OOS,338162.0
2024-09-12 22:00:00,2024-09-12 23:00:00,L,20184.5,20146.75,-759.0,1,SL,OOS,337403.0
2024-09-13 19:00:00,2024-09-13 21:00:00,L,20265.75,20228.0,-759.0,2,SL,OOS,336644.0
2024-09-17 18:00:00,2024-09-17 19:00:00,L,20278.0,20240.25,-759.0,1,SL,OOS,335885.0
2024-09-25 18:00:00,2024-09-25 19:00:00,L,20723.5,20685.75,-759.0,1,SL,OOS,335126.0
2024-09-26 04:00:00,2024-09-26 17:00:00,L,20791.25,20753.5,-759.0,13,SL,OOS,334367.0
2024-10-04 18:00:00,2024-10-04 19:00:00,L,20620.0,20582.25,-759.0,1,SL,OOS,333608.0
2024-10-08 21:00:00,2024-10-09 07:00:00,L,20761.25,20723.5,-759.0,9,SL,OOS,332849.0
2024-10-09 19:00:00,2024-10-09 19:00:00,L,20940.0,20902.25,-759.0,1,SL_SAMEBAR,OOS,332090.0
2024-10-25 18:00:00,2024-10-25 19:00:00,L,21150.0,21112.25,-759.0,1,SL,OOS,331331.0
2024-10-29 19:00:00,2024-10-30 15:00:00,L,21170.5,21132.75,-759.0,19,SL,OOS,330572.0
2024-11-06 18:00:00,2024-11-07 21:00:00,L,21219.0,21718.75,9991.0,26,TP,OOS,340563.0
2024-11-07 22:00:00,2024-11-08 12:00:00,L,21727.25,21689.5,-759.0,13,SL,OOS,339804.0
2024-11-19 21:00:00,2024-11-19 21:00:00,L,21278.75,21241.0,-759.0,1,SL_SAMEBAR,OOS,339045.0
2024-11-25 18:00:00,2024-11-25 19:00:00,L,21389.5,21351.75,-759.0,1,SL,OOS,338286.0
2024-11-29 18:00:00,2024-12-04 16:00:00,L,21448.5,21948.25,9991.0,64,TP,OOS,348277.0
2024-12-04 18:00:00,2024-12-04 20:00:00,L,21977.0,21939.25,-759.0,2,SL,OOS,347518.0
2024-12-06 18:00:00,2024-12-09 17:00:00,L,22113.75,22076.0,-759.0,22,SL,OOS,346759.0
2024-12-13 20:00:00,2024-12-18 21:00:00,L,22266.5,22228.75,-759.0,70,SL,OOS,346000.0
2024-12-20 18:00:00,2024-12-20 20:00:00,L,21905.5,21867.75,-759.0,2,SL,OOS,345241.0
2024-12-24 18:00:00,2024-12-26 11:00:00,L,22168.5,22130.75,-759.0,13,SL,OOS,344482.0
2024-12-31 19:00:00,2024-12-31 19:00:00,S,21460.25,21498.0,-759.0,1,SL_SAMEBAR,OOS,343723.0
2025-01-06 18:00:00,2025-01-06 19:00:00,L,22078.0,22040.25,-759.0,1,SL,OOS,342964.0
2025-01-10 18:00:00,2025-01-10 19:00:00,S,21196.75,21234.5,-759.0,1,SL,OOS,342205.0
2025-01-17 18:00:00,2025-01-20 01:00:00,L,21800.75,21763.0,-759.0,6,SL,OOS,341446.0
2025-02-06 23:00:00,2025-02-07 01:00:00,L,22079.0,22025.0,-1084.0,1,SL,OOS,340362.0
2025-02-07 04:00:00,2025-02-07 07:00:00,L,22099.75,22062.0,-759.0,3,SL,OOS,339603.0
2025-02-14 22:00:00,2025-02-18 17:00:00,L,22386.25,22348.5,-759.0,37,SL,OOS,338844.0
2025-02-21 19:00:00,2025-02-24 17:00:00,S,22158.25,21658.5,9991.0,21,TP,OOS,348835.0
2025-03-10 04:00:00,2025-03-10 05:00:00,L,20354.75,20317.0,-759.0,1,SL,OOS,348076.0
2025-03-10 18:00:00,2025-03-11 20:00:00,S,19793.25,19831.0,-759.0,25,SL,OOS,347317.0
2025-03-14 18:00:00,2025-03-14 19:00:00,L,19901.75,19864.0,-759.0,1,SL,OOS,346558.0
2025-03-17 18:00:00,2025-03-18 15:00:00,L,19893.75,19856.0,-759.0,20,SL,OOS,345799.0
2025-03-19 21:00:00,2025-03-19 21:00:00,L,20061.25,20023.5,-759.0,1,SL_SAMEBAR,OOS,345040.0
2025-03-24 02:00:00,2025-03-26 20:00:00,L,20110.0,20072.25,-759.0,64,SL,OOS,344281.0
2025-03-31 22:00:00,2025-03-31 22:00:00,S,19348.0,19385.75,-759.0,1,SL_SAMEBAR,OOS,343522.0
2025-04-02 20:00:00,2025-04-02 20:00:00,L,19815.75,19778.0,-759.0,1,SL_SAMEBAR,OOS,342763.0
2025-04-07 18:00:00,2025-04-07 19:00:00,S,17387.25,17425.0,-759.0,1,SL,OOS,342004.0
2025-04-09 20:00:00,2025-04-09 20:00:00,L,18357.5,18857.25,9991.0,1,TP_SAMEBAR,OOS,351995.0
2025-04-22 18:00:00,2025-04-22 20:00:00,L,18383.75,18346.0,-759.0,2,SL,OOS,351236.0
2025-04-23 18:00:00,2025-04-23 18:00:00,L,19062.5,19024.75,-759.0,1,SL_SAMEBAR,OOS,350477.0
2025-04-24 18:00:00,2025-04-29 20:00:00,L,19165.75,19665.5,9991.0,71,TP,OOS,360468.0
2025-04-30 23:00:00,2025-05-02 18:00:00,L,19688.75,20188.5,9991.0,41,TP,OOS,370459.0
2025-05-07 02:00:00,2025-05-07 03:00:00,L,20080.0,20042.25,-759.0,1,SL,OOS,369700.0
2025-05-07 21:00:00,2025-05-07 21:00:00,S,19738.75,19776.5,-759.0,1,SL_SAMEBAR,OOS,368941.0
2025-05-08 18:00:00,2025-05-09 03:00:00,L,20134.0,20096.25,-759.0,8,SL,OOS,368182.0
2025-05-13 18:00:00,2025-05-15 11:00:00,L,21251.0,21213.25,-759.0,39,SL,OOS,367423.0
2025-05-15 20:00:00,2025-05-15 21:00:00,L,21491.75,21454.0,-759.0,1,SL,OOS,366664.0
2025-05-26 18:00:00,2025-05-27 04:00:00,L,21236.25,21198.5,-759.0,5,SL,OOS,365905.0
2025-05-27 20:00:00,2025-05-28 22:00:00,L,21430.75,21393.0,-759.0,25,SL,OOS,365146.0
2025-05-29 19:00:00,2025-05-29 19:00:00,S,21321.0,21358.75,-759.0,1,SL_SAMEBAR,OOS,364387.0
