rank,engine,block,start,end,net_profit,avg_trade,n_trades
1,TF_M,1,2021-06-02,2022-09-29,44595.0,991.0,45
1,TF_M,2,2022-09-29,2024-01-30,38532.0,741.0,52
1,TF_M,3,2024-01-30,2025-05-30,20283.0,382.6981132075472,53
2,BO,1,2021-06-02,2022-09-29,47221.0,1523.258064516129,31
2,BO,2,2022-09-29,2024-01-30,12667.0,342.35135135135135,37
2,BO,3,2024-01-30,2025-05-30,-3243.0,-120.11111111111111,27
3,BO,1,2021-06-02,2022-09-29,53640.0,1341.0,40
3,BO,2,2022-09-29,2024-01-30,2667.0,72.08108108108108,37
3,BO,3,2024-01-30,2025-05-30,17568.0,366.0,48
4,TF_M,1,2021-06-02,2022-09-29,42604.0,968.2727272727273,44
4,TF_M,2,2022-09-29,2024-01-30,31032.0,596.7692307692307,52
4,TF_M,3,2024-01-30,2025-05-30,14032.0,269.84615384615387,52
5,TF_M,1,2021-06-02,2022-09-29,54500.0,990.9090909090909,55
5,TF_M,2,2022-09-29,2024-01-30,10307.0,133.85714285714286,77
5,TF_M,3,2024-01-30,2025-05-30,11771.0,145.320987654321,81
6,BO,1,2021-06-02,2022-09-29,5604.0,127.36363636363636,44
6,BO,2,2022-09-29,2024-01-30,4140.0,103.5,40
6,BO,3,2024-01-30,2025-05-30,40095.0,891.0,45
7,BO,1,2021-06-02,2022-09-29,6604.0,150.0909090909091,44
7,BO,2,2022-09-29,2024-01-30,4640.0,116.0,40
7,BO,3,2024-01-30,2025-05-30,29595.0,657.6666666666666,45
8,BO,1,2021-06-02,2022-09-29,586.0,12.73913043478261,46
8,BO,2,2022-09-29,2024-01-30,-110.0,-2.75,40
8,BO,3,2024-01-30,2025-05-30,43336.0,942.0869565217391,46
9,TF_M,1,2021-06-02,2022-09-29,80541.0,1579.235294117647,51
9,TF_M,2,2022-09-29,2024-01-30,32132.0,479.5820895522388,67
9,TF_M,3,2024-01-30,2025-05-30,-702.0,-9.0,78
10,TF_M,1,2021-06-02,2022-09-29,14550.0,291.0,50
10,TF_M,2,2022-09-29,2024-01-30,29460.0,491.0,60
10,TF_M,3,2024-01-30,2025-05-30,7496.0,133.85714285714286,56
11,BO,1,2021-06-02,2022-09-29,14604.0,331.90909090909093,44
11,BO,2,2022-09-29,2024-01-30,-5360.0,-134.0,40
11,BO,3,2024-01-30,2025-05-30,39586.0,860.5652173913044,46
12,TF_M,1,2021-06-02,2022-09-29,44550.0,891.0,50
12,TF_M,2,2022-09-29,2024-01-30,5731.0,86.83333333333333,66
12,TF_M,3,2024-01-30,2025-05-30,18807.0,244.24675324675326,77
13,TF_M,1,2021-06-02,2022-09-29,22059.0,450.18367346938777,49
13,TF_M,2,2022-09-29,2024-01-30,21951.0,359.8524590163934,61
13,TF_M,3,2024-01-30,2025-05-30,2005.0,36.45454545454545,55
14,BO,1,2021-06-02,2022-09-29,15622.0,371.95238095238096,42
14,BO,2,2022-09-29,2024-01-30,-1360.0,-34.0,40
14,BO,3,2024-01-30,2025-05-30,35595.0,791.0,45
15,TF_U,1,2021-06-02,2022-09-29,35904.0,381.9574468085106,94
15,TF_U,2,2022-09-29,2024-01-30,25377.0,261.6185567010309,97
15,TF_U,3,2024-01-30,2025-05-30,30492.0,272.25,112
16,TF_M,1,2021-06-02,2022-09-29,41847.0,890.3617021276596,47
16,TF_M,2,2022-09-29,2024-01-30,49810.0,905.6363636363636,55
16,TF_M,3,2024-01-30,2025-05-30,39856.0,781.4901960784314,51
17,BO,1,2021-06-02,2022-09-29,47356.0,1155.0243902439024,41
17,BO,2,2022-09-29,2024-01-30,-4647.0,-122.28947368421052,38
17,BO,3,2024-01-30,2025-05-30,29443.0,613.3958333333334,48
18,BO,1,2021-06-02,2022-09-29,51640.0,1291.0,40
18,BO,2,2022-09-29,2024-01-30,8862.0,239.51351351351352,37
18,BO,3,2024-01-30,2025-05-30,28518.0,594.125,48
19,TF_M,1,2021-06-02,2022-09-29,57588.0,1199.75,48
19,TF_M,2,2022-09-29,2024-01-30,19129.0,324.22033898305085,59
19,TF_M,3,2024-01-30,2025-05-30,27874.0,516.1851851851852,54
20,TF_M,1,2021-06-02,2022-09-29,20227.0,430.36170212765956,47
20,TF_M,2,2022-09-29,2024-01-30,59769.0,1013.0338983050848,59
20,TF_M,3,2024-01-30,2025-05-30,34638.0,653.5471698113207,53
21,TF_M,1,2021-06-02,2022-09-29,44307.0,942.7021276595744,47
21,TF_M,2,2022-09-29,2024-01-30,58440.0,1062.5454545454545,55
21,TF_M,3,2024-01-30,2025-05-30,33661.0,660.0196078431372,51
22,TF_M,1,2021-06-02,2022-09-29,50588.0,1053.9166666666667,48
22,TF_M,2,2022-09-29,2024-01-30,29129.0,493.7118644067797,59
22,TF_M,3,2024-01-30,2025-05-30,22634.0,419.14814814814815,54
23,TF_M,1,2021-06-02,2022-09-29,34464.0,703.3469387755102,49
23,TF_M,2,2022-09-29,2024-01-30,37066.0,607.639344262295,61
23,TF_M,3,2024-01-30,2025-05-30,18569.0,343.8703703703704,54
24,TF_M,1,2021-06-02,2022-09-29,28222.0,600.468085106383,47
24,TF_M,2,2022-09-29,2024-01-30,52594.0,891.4237288135594,59
24,TF_M,3,2024-01-30,2025-05-30,34588.0,652.6037735849056,53
25,TF_M,1,2021-06-02,2022-09-29,54588.0,1137.25,48
25,TF_M,2,2022-09-29,2024-01-30,23999.0,406.76271186440675,59
25,TF_M,3,2024-01-30,2025-05-30,16874.0,312.48148148148147,54
26,TF_M,1,2021-06-02,2022-09-29,41474.0,942.5909090909091,44
26,TF_M,2,2022-09-29,2024-01-30,31032.0,596.7692307692307,52
26,TF_M,3,2024-01-30,2025-05-30,14032.0,269.84615384615387,52
27,TF_M,1,2021-06-02,2022-09-29,34732.0,738.9787234042553,47
27,TF_M,2,2022-09-29,2024-01-30,55992.0,982.3157894736842,57
27,TF_M,3,2024-01-30,2025-05-30,22108.0,417.1320754716981,53
28,TF_M,1,2021-06-02,2022-09-29,37224.0,759.6734693877551,49
28,TF_M,2,2022-09-29,2024-01-30,39851.0,653.2950819672132,61
28,TF_M,3,2024-01-30,2025-05-30,19839.0,367.3888888888889,54
29,BO,1,2021-06-02,2022-09-29,25077.0,597.0714285714286,42
29,BO,2,2022-09-29,2024-01-30,10954.0,280.87179487179486,39
29,BO,3,2024-01-30,2025-05-30,23199.0,473.44897959183675,49
30,BO,1,2021-06-02,2022-09-29,38572.0,1205.375,32
30,BO,2,2022-09-29,2024-01-30,-4324.0,-120.11111111111111,36
30,BO,3,2024-01-30,2025-05-30,48748.0,1741.0,28
31,TF_U,1,2021-06-02,2022-09-29,16044.0,364.6363636363636,44
31,TF_U,2,2022-09-29,2024-01-30,34551.0,677.4705882352941,51
31,TF_U,3,2024-01-30,2025-05-30,17406.0,263.72727272727275,66
32,TF_M,1,2021-06-02,2022-09-29,38819.0,792.2244897959183,49
32,TF_M,2,2022-09-29,2024-01-30,29771.0,488.04918032786884,61
32,TF_M,3,2024-01-30,2025-05-30,25829.0,478.31481481481484,54
33,TF_M,1,2021-06-02,2022-09-29,46451.0,1009.804347826087,46
33,TF_M,2,2022-09-29,2024-01-30,44967.0,864.75,52
33,TF_M,3,2024-01-30,2025-05-30,18143.0,342.3207547169811,53
34,TF_M,1,2021-06-02,2022-09-29,31451.0,683.7173913043479,46
34,TF_M,2,2022-09-29,2024-01-30,44689.0,827.574074074074,54
34,TF_M,3,2024-01-30,2025-05-30,18514.0,342.85185185185185,54
35,TF_M,1,2021-06-02,2022-09-29,40577.0,863.3404255319149,47
35,TF_M,2,2022-09-29,2024-01-30,51505.0,936.4545454545455,55
35,TF_M,3,2024-01-30,2025-05-30,35301.0,692.1764705882352,51
36,TF_M,1,2021-06-02,2022-09-29,26237.0,558.2340425531914,47
36,TF_M,2,2022-09-29,2024-01-30,61257.0,1074.6842105263158,57
36,TF_M,3,2024-01-30,2025-05-30,16519.0,305.9074074074074,54
37,TF_M,1,2021-06-02,2022-09-29,55059.0,1123.6530612244899,49
37,TF_M,2,2022-09-29,2024-01-30,22721.0,372.4754098360656,61
37,TF_M,3,2024-01-30,2025-05-30,-486.0,-9.0,54
38,TF_M,1,2021-06-02,2022-09-29,24307.0,517.1702127659574,47
38,TF_M,2,2022-09-29,2024-01-30,53171.0,949.4821428571429,56
38,TF_M,3,2024-01-30,2025-05-30,27014.0,500.25925925925924,54
39,TF_M,1,2021-06-02,2022-09-29,31852.0,677.7021276595744,47
39,TF_M,2,2022-09-29,2024-01-30,51280.0,932.3636363636364,55
39,TF_M,3,2024-01-30,2025-05-30,19512.0,375.2307692307692,52
40,TF_M,1,2021-06-02,2022-09-29,22097.0,470.1489361702128,47
40,TF_M,2,2022-09-29,2024-01-30,51671.0,922.6964285714286,56
40,TF_M,3,2024-01-30,2025-05-30,17802.0,342.34615384615387,52
41,TF_U,1,2021-06-02,2022-09-29,34717.0,826.5952380952381,42
41,TF_U,2,2022-09-29,2024-01-30,25409.0,518.5510204081633,49
41,TF_U,3,2024-01-30,2025-05-30,26829.0,419.203125,64
42,BO,1,2021-06-02,2022-09-29,57519.0,1474.8461538461538,39
42,BO,2,2022-09-29,2024-01-30,-1333.0,-36.027027027027025,37
42,BO,3,2024-01-30,2025-05-30,39568.0,824.3333333333334,48
43,TF_M,1,2021-06-02,2022-09-29,30079.0,613.8571428571429,49
43,TF_M,2,2022-09-29,2024-01-30,35629.0,603.8813559322034,59
43,TF_M,3,2024-01-30,2025-05-30,10505.0,191.0,55
44,TF_M,1,2021-06-02,2022-09-29,68235.0,802.7647058823529,85
44,TF_M,2,2022-09-29,2024-01-30,17091.0,169.21782178217822,101
44,TF_M,3,2024-01-30,2025-05-30,3028.0,28.037037037037038,108
45,TF_M,1,2021-06-02,2022-09-29,50059.0,1021.6122448979592,49
45,TF_M,2,2022-09-29,2024-01-30,2451.0,40.18032786885246,61
45,TF_M,3,2024-01-30,2025-05-30,11014.0,203.96296296296296,54
46,TF_M,1,2021-06-02,2022-09-29,43559.0,888.9591836734694,49
46,TF_M,2,2022-09-29,2024-01-30,14451.0,236.9016393442623,61
46,TF_M,3,2024-01-30,2025-05-30,7774.0,143.96296296296296,54
47,BO,1,2021-06-02,2022-09-29,32640.0,816.0,40
47,BO,2,2022-09-29,2024-01-30,17185.0,491.0,35
47,BO,3,2024-01-30,2025-05-30,-1432.0,-29.833333333333332,48
48,TF_M,1,2021-06-02,2022-09-29,27464.0,560.4897959183673,49
48,TF_M,2,2022-09-29,2024-01-30,19392.0,312.7741935483871,62
48,TF_M,3,2024-01-30,2025-05-30,4069.0,75.35185185185185,54
49,TF_M,1,2021-06-02,2022-09-29,42237.0,741.0,57
49,TF_M,2,2022-09-29,2024-01-30,10530.0,131.625,80
49,TF_M,3,2024-01-30,2025-05-30,4262.0,51.97560975609756,82
50,TF_M,1,2021-06-02,2022-09-29,14532.0,309.1914893617021,47
50,TF_M,2,2022-09-29,2024-01-30,46586.0,831.8928571428571,56
50,TF_M,3,2024-01-30,2025-05-30,22898.0,432.0377358490566,53
51,TF_U,1,2021-06-02,2022-09-29,16005.0,291.0,55
51,TF_U,2,2022-09-29,2024-01-30,10505.0,191.0,55
51,TF_U,3,2024-01-30,2025-05-30,19874.0,288.0289855072464,69
52,TF_M,1,2021-06-02,2022-09-29,37278.0,866.9302325581396,43
52,TF_M,2,2022-09-29,2024-01-30,28719.0,586.1020408163265,49
52,TF_M,3,2024-01-30,2025-05-30,15681.0,307.47058823529414,51
53,BO,1,2021-06-02,2022-09-29,25994.0,590.7727272727273,44
53,BO,2,2022-09-29,2024-01-30,-4360.0,-109.0,40
53,BO,3,2024-01-30,2025-05-30,33595.0,746.5555555555555,45
54,TF_U,1,2021-06-02,2022-09-29,18211.0,395.89130434782606,46
54,TF_U,2,2022-09-29,2024-01-30,25672.0,493.6923076923077,52
54,TF_U,3,2024-01-30,2025-05-30,17406.0,263.72727272727275,66
55,BO,1,2021-06-02,2022-09-29,43501.0,1061.0,41
55,BO,2,2022-09-29,2024-01-30,-351.0,-9.0,39
55,BO,3,2024-01-30,2025-05-30,17568.0,366.0,48
56,BO,1,2021-06-02,2022-09-29,46185.0,1154.625,40
56,BO,2,2022-09-29,2024-01-30,12991.0,360.8611111111111,36
56,BO,3,2024-01-30,2025-05-30,41878.0,872.4583333333334,48
57,BO,1,2021-06-02,2022-09-29,30080.0,752.0,40
57,BO,2,2022-09-29,2024-01-30,15906.0,441.8333333333333,36
57,BO,3,2024-01-30,2025-05-30,23118.0,481.625,48
58,TF_M,1,2021-06-02,2022-09-29,26301.0,571.7608695652174,46
58,TF_M,2,2022-09-29,2024-01-30,12129.0,205.57627118644066,59
58,TF_M,3,2024-01-30,2025-05-30,54093.0,1020.622641509434,53
59,TF_U,1,2021-06-02,2022-09-29,764.0,15.591836734693878,49
59,TF_U,2,2022-09-29,2024-01-30,25801.0,505.9019607843137,51
59,TF_U,3,2024-01-30,2025-05-30,29897.0,446.2238805970149,67
60,TF_M,1,2021-06-02,2022-09-29,70023.0,1321.188679245283,53
60,TF_M,2,2022-09-29,2024-01-30,19346.0,272.4788732394366,71
60,TF_M,3,2024-01-30,2025-05-30,12789.0,161.8860759493671,79
61,BO,1,2021-06-02,2022-09-29,45850.0,1146.25,40
61,BO,2,2022-09-29,2024-01-30,16211.0,450.30555555555554,36
61,BO,3,2024-01-30,2025-05-30,13463.0,280.4791666666667,48
62,TF_M,1,2021-06-02,2022-09-29,63023.0,1189.1132075471698,53
62,TF_M,2,2022-09-29,2024-01-30,7337.0,101.90277777777777,72
62,TF_M,3,2024-01-30,2025-05-30,12789.0,161.8860759493671,79
63,BO,1,2021-06-02,2022-09-29,21994.0,499.8636363636364,44
63,BO,2,2022-09-29,2024-01-30,-3369.0,-82.17073170731707,41
63,BO,3,2024-01-30,2025-05-30,26586.0,577.9565217391304,46
64,TF_U,1,2021-06-02,2022-09-29,43519.0,399.25688073394497,109
64,TF_U,2,2022-09-29,2024-01-30,2474.0,21.70175438596491,114
64,TF_U,3,2024-01-30,2025-05-30,19379.0,156.28225806451613,124
65,TF_M,1,2021-06-02,2022-09-29,26389.0,599.75,44
65,TF_M,2,2022-09-29,2024-01-30,20812.0,365.12280701754383,57
65,TF_M,3,2024-01-30,2025-05-30,35652.0,685.6153846153846,52
66,BO,1,2021-06-02,2022-09-29,33097.0,788.0238095238095,42
66,BO,2,2022-09-29,2024-01-30,-3126.0,-80.15384615384616,39
66,BO,3,2024-01-30,2025-05-30,35579.0,726.1020408163265,49
67,BO,1,2021-06-02,2022-09-29,18609.0,422.9318181818182,44
67,BO,2,2022-09-29,2024-01-30,1950.0,48.75,40
67,BO,3,2024-01-30,2025-05-30,38001.0,826.1086956521739,46
68,BO,1,2021-06-02,2022-09-29,44870.0,1121.75,40
68,BO,2,2022-09-29,2024-01-30,4806.0,133.5,36
68,BO,3,2024-01-30,2025-05-30,11120.0,278.0,40
69,BO,1,2021-06-02,2022-09-29,44022.0,1048.142857142857,42
69,BO,2,2022-09-29,2024-01-30,10927.0,295.3243243243243,37
69,BO,3,2024-01-30,2025-05-30,15942.0,379.57142857142856,42
70,BO,1,2021-06-02,2022-09-29,25826.0,561.4347826086956,46
70,BO,2,2022-09-29,2024-01-30,-8878.0,-211.38095238095238,42
70,BO,3,2024-01-30,2025-05-30,35586.0,773.6086956521739,46
71,BO,1,2021-06-02,2022-09-29,38790.0,969.75,40
71,BO,2,2022-09-29,2024-01-30,-7745.0,-221.28571428571428,35
71,BO,3,2024-01-30,2025-05-30,31622.0,752.9047619047619,42
72,BO,1,2021-06-02,2022-09-29,21622.0,514.8095238095239,42
72,BO,2,2022-09-29,2024-01-30,3649.0,93.56410256410257,39
72,BO,3,2024-01-30,2025-05-30,18559.0,378.7551020408163,49
73,BO,1,2021-06-02,2022-09-29,25112.0,784.75,32
73,BO,2,2022-09-29,2024-01-30,-3133.0,-84.67567567567568,37
73,BO,3,2024-01-30,2025-05-30,59413.0,2121.8928571428573,28
74,BO,1,2021-06-02,2022-09-29,19749.0,448.84090909090907,44
74,BO,2,2022-09-29,2024-01-30,5950.0,148.75,40
74,BO,3,2024-01-30,2025-05-30,36501.0,793.5,46
75,BO,1,2021-06-02,2022-09-29,42444.0,1248.3529411764705,34
75,BO,2,2022-09-29,2024-01-30,10737.0,290.18918918918916,37
75,BO,3,2024-01-30,2025-05-30,-7511.0,-259.0,29
76,BO,1,2021-06-02,2022-09-29,21879.0,497.25,44
76,BO,2,2022-09-29,2024-01-30,6110.0,152.75,40
76,BO,3,2024-01-30,2025-05-30,32405.0,720.1111111111111,45
77,TF_M,1,2021-06-02,2022-09-29,43815.0,876.3,50
77,TF_M,2,2022-09-29,2024-01-30,8641.0,130.92424242424244,66
77,TF_M,3,2024-01-30,2025-05-30,13566.0,178.5,76
78,BO,1,2021-06-02,2022-09-29,29563.0,895.8484848484849,33
78,BO,2,2022-09-29,2024-01-30,5176.0,143.77777777777777,36
78,BO,3,2024-01-30,2025-05-30,37248.0,1330.2857142857142,28
79,TF_M,1,2021-06-02,2022-09-29,69523.0,1311.754716981132,53
79,TF_M,2,2022-09-29,2024-01-30,16222.0,242.11940298507463,67
79,TF_M,3,2024-01-30,2025-05-30,5798.0,74.33333333333333,78
80,TF_M,1,2021-06-02,2022-09-29,40333.0,840.2708333333334,48
80,TF_M,2,2022-09-29,2024-01-30,26205.0,403.15384615384613,65
80,TF_M,3,2024-01-30,2025-05-30,15803.0,216.4794520547945,73
81,TF_U,1,2021-06-02,2022-09-29,10717.0,123.183908045977,87
81,TF_U,2,2022-09-29,2024-01-30,4654.0,49.51063829787234,94
81,TF_U,3,2024-01-30,2025-05-30,24519.0,224.94495412844037,109
82,BO,1,2021-06-02,2022-09-29,14747.0,351.1190476190476,42
82,BO,2,2022-09-29,2024-01-30,3649.0,93.56410256410257,39
82,BO,3,2024-01-30,2025-05-30,18699.0,381.61224489795916,49
83,TF_M,1,2021-06-02,2022-09-29,5016.0,98.3529411764706,51
83,TF_M,2,2022-09-29,2024-01-30,30882.0,498.0967741935484,62
83,TF_M,3,2024-01-30,2025-05-30,21255.0,386.45454545454544,55
84,TF_M,1,2021-06-02,2022-09-29,56514.0,1046.5555555555557,54
84,TF_M,2,2022-09-29,2024-01-30,19283.0,247.21794871794873,78
84,TF_M,3,2024-01-30,2025-05-30,771.0,9.518518518518519,81
85,BO,1,2021-06-02,2022-09-29,24716.0,537.304347826087,46
85,BO,2,2022-09-29,2024-01-30,1117.0,26.595238095238095,42
85,BO,3,2024-01-30,2025-05-30,34396.0,747.7391304347826,46
86,BO,1,2021-06-02,2022-09-29,18960.0,421.3333333333333,45
86,BO,2,2022-09-29,2024-01-30,7941.0,193.6829268292683,41
86,BO,3,2024-01-30,2025-05-30,23001.0,500.0217391304348,46
87,BO,1,2021-06-02,2022-09-29,15057.0,470.53125,32
87,BO,2,2022-09-29,2024-01-30,1742.0,47.08108108108108,37
87,BO,3,2024-01-30,2025-05-30,48483.0,1731.5357142857142,28
88,TF_M,1,2021-06-02,2022-09-29,9541.0,187.07843137254903,51
88,TF_M,2,2022-09-29,2024-01-30,9683.0,153.6984126984127,63
88,TF_M,3,2024-01-30,2025-05-30,8246.0,147.25,56
89,TF_M,1,2021-06-02,2022-09-29,17658.0,333.1698113207547,53
89,TF_M,2,2022-09-29,2024-01-30,16090.0,247.53846153846155,65
89,TF_M,3,2024-01-30,2025-05-30,28282.0,496.17543859649123,57
90,BO,1,2021-06-02,2022-09-29,7535.0,167.44444444444446,45
90,BO,2,2022-09-29,2024-01-30,7220.0,180.5,40
90,BO,3,2024-01-30,2025-05-30,35751.0,777.195652173913,46
91,BO,1,2021-06-02,2022-09-29,1201.0,26.108695652173914,46
91,BO,2,2022-09-29,2024-01-30,2970.0,74.25,40
91,BO,3,2024-01-30,2025-05-30,37001.0,804.3695652173913,46
92,TF_M,1,2021-06-02,2022-09-29,12542.0,241.19230769230768,52
92,TF_M,2,2022-09-29,2024-01-30,12719.0,184.33333333333334,69
92,TF_M,3,2024-01-30,2025-05-30,18219.0,308.79661016949154,59
93,BO,1,2021-06-02,2022-09-29,18826.0,409.2608695652174,46
93,BO,2,2022-09-29,2024-01-30,-2378.0,-56.61904761904762,42
93,BO,3,2024-01-30,2025-05-30,29586.0,643.1739130434783,46
94,TF_M,1,2021-06-02,2022-09-29,80541.0,1579.235294117647,51
94,TF_M,2,2022-09-29,2024-01-30,22427.0,361.7258064516129,62
94,TF_M,3,2024-01-30,2025-05-30,-7193.0,-93.41558441558442,77
95,BO,1,2021-06-02,2022-09-29,36538.0,961.5263157894736,38
95,BO,2,2022-09-29,2024-01-30,27234.0,801.0,34
95,BO,3,2024-01-30,2025-05-30,2577.0,54.829787234042556,47
96,TF_M,1,2021-06-02,2022-09-29,69564.0,1288.2222222222222,54
96,TF_M,2,2022-09-29,2024-01-30,5290.0,75.57142857142857,70
96,TF_M,3,2024-01-30,2025-05-30,9057.0,117.62337662337663,77
97,BO,1,2021-06-02,2022-09-29,26411.0,644.170731707317,41
97,BO,2,2022-09-29,2024-01-30,11501.0,319.47222222222223,36
97,BO,3,2024-01-30,2025-05-30,16483.0,343.3958333333333,48
98,TF_M,1,2021-06-02,2022-09-29,77961.0,1528.6470588235295,51
98,TF_M,2,2022-09-29,2024-01-30,41400.0,636.9230769230769,65
98,TF_M,3,2024-01-30,2025-05-30,9807.0,127.36363636363636,77
99,TF_M,1,2021-06-02,2022-09-29,4266.0,83.6470588235294,51
99,TF_M,2,2022-09-29,2024-01-30,26542.0,428.0967741935484,62
99,TF_M,3,2024-01-30,2025-05-30,6246.0,111.53571428571429,56
100,TF_M,1,2021-06-02,2022-09-29,22946.0,449.921568627451,51
100,TF_M,2,2022-09-29,2024-01-30,24513.0,389.0952380952381,63
100,TF_M,3,2024-01-30,2025-05-30,25656.0,458.14285714285717,56
101,BO,1,2021-06-02,2022-09-29,23253.0,540.7674418604652,43
101,BO,2,2022-09-29,2024-01-30,8173.0,215.07894736842104,38
101,BO,3,2024-01-30,2025-05-30,35221.0,765.6739130434783,46
102,TF_M,1,2021-06-02,2022-09-29,38342.0,737.3461538461538,52
102,TF_M,2,2022-09-29,2024-01-30,11919.0,172.7391304347826,69
102,TF_M,3,2024-01-30,2025-05-30,18807.0,244.24675324675326,77
103,BO,1,2021-06-02,2022-09-29,19776.0,429.9130434782609,46
103,BO,2,2022-09-29,2024-01-30,4602.0,109.57142857142857,42
103,BO,3,2024-01-30,2025-05-30,18501.0,402.19565217391306,46
104,TF_M,1,2021-06-02,2022-09-29,35201.0,577.0655737704918,61
104,TF_M,2,2022-09-29,2024-01-30,19738.0,237.80722891566265,83
104,TF_M,3,2024-01-30,2025-05-30,-5488.0,-66.92682926829268,82
105,BO,1,2021-06-02,2022-09-29,15601.0,339.1521739130435,46
105,BO,2,2022-09-29,2024-01-30,6602.0,157.1904761904762,42
105,BO,3,2024-01-30,2025-05-30,20001.0,434.80434782608694,46
106,TF_M,1,2021-06-02,2022-09-29,41496.0,741.0,56
106,TF_M,2,2022-09-29,2024-01-30,25274.0,319.9240506329114,79
106,TF_M,3,2024-01-30,2025-05-30,-5229.0,-64.55555555555556,81
107,BO,1,2021-06-02,2022-09-29,27343.0,635.8837209302326,43
107,BO,2,2022-09-29,2024-01-30,-13243.0,-357.9189189189189,37
107,BO,3,2024-01-30,2025-05-30,44500.0,988.8888888888889,45
108,TF_U,1,2021-06-02,2022-09-29,43769.0,401.55045871559633,109
108,TF_U,2,2022-09-29,2024-01-30,-5267.0,-46.610619469026545,113
108,TF_U,3,2024-01-30,2025-05-30,20447.0,174.76068376068375,117
109,TF_U,1,2021-06-02,2022-09-29,24589.0,206.63025210084032,119
109,TF_U,2,2022-09-29,2024-01-30,911.0,7.528925619834711,121
109,TF_U,3,2024-01-30,2025-05-30,20307.0,153.8409090909091,132
110,TF_U,1,2021-06-02,2022-09-29,33950.0,295.2173913043478,115
110,TF_U,2,2022-09-29,2024-01-30,15595.0,129.95833333333334,120
110,TF_U,3,2024-01-30,2025-05-30,13080.0,100.61538461538461,130
111,TF_M,1,2021-06-02,2022-09-29,14050.0,281.0,50
111,TF_M,2,2022-09-29,2024-01-30,13433.0,213.22222222222223,63
111,TF_M,3,2024-01-30,2025-05-30,3101.0,55.375,56
112,TF_U,1,2021-06-02,2022-09-29,49314.0,474.1730769230769,104
112,TF_U,2,2022-09-29,2024-01-30,7296.0,68.83018867924528,106
112,TF_U,3,2024-01-30,2025-05-30,10929.0,91.84033613445378,119
113,TF_M,1,2021-06-02,2022-09-29,30912.0,594.4615384615385,52
113,TF_M,2,2022-09-29,2024-01-30,15919.0,230.71014492753622,69
113,TF_M,3,2024-01-30,2025-05-30,16316.0,214.68421052631578,76
114,TF_U,1,2021-06-02,2022-09-29,16735.0,196.88235294117646,85
114,TF_U,2,2022-09-29,2024-01-30,3968.0,42.666666666666664,93
114,TF_U,3,2024-01-30,2025-05-30,26028.0,241.0,108
115,RBB_M,1,2021-06-02,2022-09-29,-1176.9663329158502,-12.520918435275002,94
115,RBB_M,2,2022-09-29,2024-01-30,16600.114485027414,169.38892331660625,98
115,RBB_M,3,2024-01-30,2025-05-30,57367.4466341806,637.4160737131177,90
116,BO,1,2021-06-02,2022-09-29,19435.0,555.2857142857143,35
116,BO,2,2022-09-29,2024-01-30,-40.0,-1.0,40
116,BO,3,2024-01-30,2025-05-30,21012.0,656.625,32
117,BO,1,2021-06-02,2022-09-29,6120.0,136.0,45
117,BO,2,2022-09-29,2024-01-30,7470.0,186.75,40
117,BO,3,2024-01-30,2025-05-30,25501.0,554.3695652173913,46
118,TF_M,1,2021-06-02,2022-09-29,-1984.0,-38.90196078431372,51
118,TF_M,2,2022-09-29,2024-01-30,15033.0,238.61904761904762,63
118,TF_M,3,2024-01-30,2025-05-30,21505.0,391.0,55
119,BO,1,2021-06-02,2022-09-29,14920.0,426.2857142857143,35
119,BO,2,2022-09-29,2024-01-30,950.0,23.75,40
119,BO,3,2024-01-30,2025-05-30,3822.0,119.4375,32
120,BO,1,2021-06-02,2022-09-29,12640.0,316.0,40
120,BO,2,2022-09-29,2024-01-30,6801.0,188.91666666666666,36
120,BO,3,2024-01-30,2025-05-30,28604.0,650.0909090909091,44
121,TF_U,1,2021-06-02,2022-09-29,46496.0,418.8828828828829,111
121,TF_U,2,2022-09-29,2024-01-30,9220.0,80.17391304347827,115
121,TF_U,3,2024-01-30,2025-05-30,7380.0,61.5,120
122,TF_U,1,2021-06-02,2022-09-29,50195.0,501.95,100
122,TF_U,2,2022-09-29,2024-01-30,17357.0,162.21495327102804,107
122,TF_U,3,2024-01-30,2025-05-30,13599.0,114.27731092436974,119
123,TF_M,1,2021-06-02,2022-09-29,60541.0,1187.078431372549,51
123,TF_M,2,2022-09-29,2024-01-30,24391.0,369.56060606060606,66
123,TF_M,3,2024-01-30,2025-05-30,8307.0,107.88311688311688,77
124,TF_U,1,2021-06-02,2022-09-29,62326.0,684.9010989010989,91
124,TF_U,2,2022-09-29,2024-01-30,18515.0,185.15,100
124,TF_U,3,2024-01-30,2025-05-30,10194.0,93.5229357798165,109
125,TF_U,1,2021-06-02,2022-09-29,41450.0,360.4347826086956,115
125,TF_U,2,2022-09-29,2024-01-30,11854.0,99.61344537815125,119
125,TF_U,3,2024-01-30,2025-05-30,9080.0,69.84615384615384,130
126,TF_M,1,2021-06-02,2022-09-29,14946.0,293.05882352941177,51
126,TF_M,2,2022-09-29,2024-01-30,26768.0,424.8888888888889,63
126,TF_M,3,2024-01-30,2025-05-30,10701.0,191.08928571428572,56
127,TF_M,1,2021-06-02,2022-09-29,22716.0,445.4117647058824,51
127,TF_M,2,2022-09-29,2024-01-30,21588.0,342.6666666666667,63
127,TF_M,3,2024-01-30,2025-05-30,-1854.0,-33.107142857142854,56
128,TF_U,1,2021-06-02,2022-09-29,33718.0,298.3893805309734,113
128,TF_U,2,2022-09-29,2024-01-30,11438.0,96.9322033898305,118
128,TF_U,3,2024-01-30,2025-05-30,8589.0,66.5813953488372,129
129,BO,1,2021-06-02,2022-09-29,10494.0,238.5,44
129,BO,2,2022-09-29,2024-01-30,-2495.0,-62.375,40
129,BO,3,2024-01-30,2025-05-30,34471.0,749.3695652173913,46
130,TF_U,1,2021-06-02,2022-09-29,51321.0,462.35135135135135,111
130,TF_U,2,2022-09-29,2024-01-30,-1767.0,-15.63716814159292,113
130,TF_U,3,2024-01-30,2025-05-30,12960.0,108.0,120
131,TF_U,1,2021-06-02,2022-09-29,46926.0,442.6981132075472,106
131,TF_U,2,2022-09-29,2024-01-30,12271.0,110.54954954954955,111
131,TF_U,3,2024-01-30,2025-05-30,1126.0,9.305785123966942,121
132,TF_U,1,2021-06-02,2022-09-29,54177.0,558.5257731958762,97
132,TF_U,2,2022-09-29,2024-01-30,7836.0,73.9245283018868,106
132,TF_U,3,2024-01-30,2025-05-30,30040.0,261.2173913043478,115
133,TF_U,1,2021-06-02,2022-09-29,43857.0,409.8785046728972,107
133,TF_U,2,2022-09-29,2024-01-30,-5267.0,-46.610619469026545,113
133,TF_U,3,2024-01-30,2025-05-30,14904.0,125.24369747899159,119
134,TF_U,1,2021-06-02,2022-09-29,31214.0,332.06382978723406,94
134,TF_U,2,2022-09-29,2024-01-30,29210.0,292.1,100
134,TF_U,3,2024-01-30,2025-05-30,18431.0,158.88793103448276,116
135,TF_M,1,2021-06-02,2022-09-29,17787.0,312.05263157894734,57
135,TF_M,2,2022-09-29,2024-01-30,14645.0,195.26666666666668,75
135,TF_M,3,2024-01-30,2025-05-30,33167.0,430.7402597402597,77
136,TF_U,1,2021-06-02,2022-09-29,47938.0,465.41747572815535,103
136,TF_U,2,2022-09-29,2024-01-30,9537.0,89.13084112149532,107
136,TF_U,3,2024-01-30,2025-05-30,4145.0,34.541666666666664,120
137,BO,1,2021-06-02,2022-09-29,12987.0,309.2142857142857,42
137,BO,2,2022-09-29,2024-01-30,-1451.0,-37.205128205128204,39
137,BO,3,2024-01-30,2025-05-30,27989.0,571.204081632653,49
138,TF_M,1,2021-06-02,2022-09-29,8524.0,157.85185185185185,54
138,TF_M,2,2022-09-29,2024-01-30,18233.0,268.13235294117646,68
138,TF_M,3,2024-01-30,2025-05-30,46174.0,782.6101694915254,59
139,TF_U,1,2021-06-02,2022-09-29,58341.0,607.71875,96
139,TF_U,2,2022-09-29,2024-01-30,7836.0,73.9245283018868,106
139,TF_U,3,2024-01-30,2025-05-30,14898.0,131.84070796460176,113
140,TF_M,1,2021-06-02,2022-09-29,66041.0,1294.921568627451,51
140,TF_M,2,2022-09-29,2024-01-30,16373.0,240.77941176470588,68
140,TF_M,3,2024-01-30,2025-05-30,-1202.0,-15.41025641025641,78
141,TF_U,1,2021-06-02,2022-09-29,2667.0,46.78947368421053,57
141,TF_U,2,2022-09-29,2024-01-30,26325.0,478.6363636363636,55
141,TF_U,3,2024-01-30,2025-05-30,38639.0,559.9855072463768,69
142,TF_M,1,2021-06-02,2022-09-29,48523.0,836.6034482758621,58
142,TF_M,2,2022-09-29,2024-01-30,14961.0,196.85526315789474,76
142,TF_M,3,2024-01-30,2025-05-30,11955.0,149.4375,80
143,TF_U,1,2021-06-02,2022-09-29,11708.0,133.04545454545453,88
143,TF_U,2,2022-09-29,2024-01-30,15103.0,154.1122448979592,98
143,TF_U,3,2024-01-30,2025-05-30,13510.0,122.81818181818181,110
144,TF_U,1,2021-06-02,2022-09-29,30699.0,269.2894736842105,114
144,TF_U,2,2022-09-29,2024-01-30,5048.0,42.779661016949156,118
144,TF_U,3,2024-01-30,2025-05-30,17316.0,132.18320610687022,131
145,TF_U,1,2021-06-02,2022-09-29,2181.0,38.94642857142857,56
145,TF_U,2,2022-09-29,2024-01-30,14826.0,264.75,56
145,TF_U,3,2024-01-30,2025-05-30,43264.0,627.0144927536232,69
146,TF_M,1,2021-06-02,2022-09-29,52434.0,971.0,54
146,TF_M,2,2022-09-29,2024-01-30,13292.0,172.62337662337663,77
146,TF_M,3,2024-01-30,2025-05-30,9280.0,116.0,80
147,TF_M,1,2021-06-02,2022-09-29,44343.0,764.5344827586207,58
147,TF_M,2,2022-09-29,2024-01-30,4096.0,53.89473684210526,76
147,TF_M,3,2024-01-30,2025-05-30,9280.0,116.0,80
148,TF_U,1,2021-06-02,2022-09-29,34808.0,308.0353982300885,113
148,TF_U,2,2022-09-29,2024-01-30,13642.0,116.5982905982906,117
148,TF_U,3,2024-01-30,2025-05-30,19001.0,150.8015873015873,126
149,TF_U,1,2021-06-02,2022-09-29,3881.0,45.127906976744185,86
149,TF_U,2,2022-09-29,2024-01-30,8160.0,85.89473684210526,95
149,TF_U,3,2024-01-30,2025-05-30,27198.0,251.83333333333334,108
150,TF_U,1,2021-06-02,2022-09-29,42558.0,376.6194690265487,113
150,TF_U,2,2022-09-29,2024-01-30,6142.0,52.495726495726494,117
150,TF_U,3,2024-01-30,2025-05-30,13510.0,108.08,125
151,RBB_M,1,2021-06-02,2022-09-29,34729.29872682817,189.7775886711922,183
151,RBB_M,2,2022-09-29,2024-01-30,11181.58269849998,55.35436979455436,202
151,RBB_M,3,2024-01-30,2025-05-30,67133.16337963282,335.6658168981641,200
152,TF_U,1,2021-06-02,2022-09-29,8646.0,100.53488372093024,86
152,TF_U,2,2022-09-29,2024-01-30,14984.0,159.40425531914894,94
152,TF_U,3,2024-01-30,2025-05-30,26896.0,253.73584905660377,106
153,RBB_M,1,2021-06-02,2022-09-29,33992.81243706432,190.9708563880018,178
153,RBB_M,2,2022-09-29,2024-01-30,9210.45734472791,47.23311458834826,195
153,RBB_M,3,2024-01-30,2025-05-30,59636.03340034376,302.7209817276333,197
154,TF_U,1,2021-06-02,2022-09-29,37155.0,337.77272727272725,110
154,TF_U,2,2022-09-29,2024-01-30,7151.0,61.64655172413793,116
154,TF_U,3,2024-01-30,2025-05-30,18510.0,148.08,125
155,TF_U,1,2021-06-02,2022-09-29,58080.0,528.0,110
155,TF_U,2,2022-09-29,2024-01-30,1465.0,12.73913043478261,115
155,TF_U,3,2024-01-30,2025-05-30,11370.0,90.96,125
156,TF_U,1,2021-06-02,2022-09-29,36518.0,338.1296296296296,108
156,TF_U,2,2022-09-29,2024-01-30,17868.0,158.12389380530973,113
156,TF_U,3,2024-01-30,2025-05-30,6386.0,50.682539682539684,126
157,TF_U,1,2021-06-02,2022-09-29,4011.0,46.63953488372093,86
157,TF_U,2,2022-09-29,2024-01-30,5291.0,55.114583333333336,96
157,TF_U,3,2024-01-30,2025-05-30,23129.0,212.19266055045873,109
158,TF_U,1,2021-06-02,2022-09-29,8469.0,100.82142857142857,84
158,TF_U,2,2022-09-29,2024-01-30,10886.0,113.39583333333333,96
158,TF_U,3,2024-01-30,2025-05-30,17010.0,154.63636363636363,110
159,TF_U,1,2021-06-02,2022-09-29,27753.0,235.1949152542373,118
159,TF_U,2,2022-09-29,2024-01-30,16427.0,134.64754098360655,122
159,TF_U,3,2024-01-30,2025-05-30,11720.0,90.15384615384616,130
160,TF_U,1,2021-06-02,2022-09-29,22533.0,190.95762711864407,118
160,TF_U,2,2022-09-29,2024-01-30,8942.0,73.29508196721312,122
160,TF_U,3,2024-01-30,2025-05-30,37935.0,291.8076923076923,130
161,TF_U,1,2021-06-02,2022-09-29,24813.0,210.27966101694915,118
161,TF_U,2,2022-09-29,2024-01-30,13112.0,107.47540983606558,122
161,TF_U,3,2024-01-30,2025-05-30,25280.0,194.46153846153845,130
162,TF_U,1,2021-06-02,2022-09-29,37525.0,326.30434782608694,115
162,TF_U,2,2022-09-29,2024-01-30,14930.0,124.41666666666667,120
162,TF_U,3,2024-01-30,2025-05-30,10970.0,84.38461538461539,130
163,TF_U,1,2021-06-02,2022-09-29,31525.0,274.1304347826087,115
163,TF_U,2,2022-09-29,2024-01-30,18671.0,154.30578512396696,121
163,TF_U,3,2024-01-30,2025-05-30,14970.0,115.15384615384616,130
164,RBB_M,1,2021-06-02,2022-09-29,25125.376666002026,151.35769075904835,166
164,RBB_M,2,2022-09-29,2024-01-30,17557.569458966384,102.07889220329292,172
164,RBB_M,3,2024-01-30,2025-05-30,61556.96910090464,338.22510495002547,182
165,TF_U,1,2021-06-02,2022-09-29,34913.0,308.9646017699115,113
165,TF_U,2,2022-09-29,2024-01-30,14514.0,121.96638655462185,119
165,TF_U,3,2024-01-30,2025-05-30,7720.0,59.38461538461539,130
166,TF_U,1,2021-06-02,2022-09-29,23799.0,199.99159663865547,119
166,TF_U,2,2022-09-29,2024-01-30,5537.0,45.385245901639344,122
166,TF_U,3,2024-01-30,2025-05-30,16730.0,128.69230769230768,130
167,TF_U,1,2021-06-02,2022-09-29,35731.0,372.1979166666667,96
167,TF_U,2,2022-09-29,2024-01-30,34829.0,334.8942307692308,104
167,TF_U,3,2024-01-30,2025-05-30,9726.0,80.3801652892562,121
168,RBB_M,1,2021-06-02,2022-09-29,29905.665936854704,173.8701507956669,172
168,RBB_M,2,2022-09-29,2024-01-30,-7335.508548611768,-39.22731844177416,187
168,RBB_M,3,2024-01-30,2025-05-30,49124.843535816166,253.22084296812457,194
169,RBB_M,1,2021-06-02,2022-09-29,37043.71175199585,199.1597406021282,186
169,RBB_M,2,2022-09-29,2024-01-30,7380.449435114344,34.813440731671434,212
169,RBB_M,3,2024-01-30,2025-05-30,62717.07758563766,300.08171093606535,209
170,TF_U,1,2021-06-02,2022-09-29,22774.0,191.3781512605042,119
170,TF_U,2,2022-09-29,2024-01-30,18017.0,147.68032786885246,122
170,TF_U,3,2024-01-30,2025-05-30,20640.0,158.76923076923077,130
171,TF_U,1,2021-06-02,2022-09-29,24434.0,205.32773109243698,119
171,TF_U,2,2022-09-29,2024-01-30,4322.0,35.42622950819672,122
171,TF_U,3,2024-01-30,2025-05-30,36755.0,282.7307692307692,130
172,TF_U,1,2021-06-02,2022-09-29,26425.0,229.7826086956522,115
172,TF_U,2,2022-09-29,2024-01-30,10836.0,89.55371900826447,121
172,TF_U,3,2024-01-30,2025-05-30,14562.0,110.31818181818181,132
173,TF_U,1,2021-06-02,2022-09-29,25614.0,215.2436974789916,119
173,TF_U,2,2022-09-29,2024-01-30,-663.0,-5.434426229508197,122
173,TF_U,3,2024-01-30,2025-05-30,25826.0,197.14503816793894,131
174,TF_U,1,2021-06-02,2022-09-29,22634.0,190.2016806722689,119
174,TF_U,2,2022-09-29,2024-01-30,16169.0,130.3951612903226,124
174,TF_U,3,2024-01-30,2025-05-30,30751.0,234.74045801526717,131
175,TF_U,1,2021-06-02,2022-09-29,13774.0,115.74789915966386,119
175,TF_U,2,2022-09-29,2024-01-30,11469.0,92.49193548387096,124
175,TF_U,3,2024-01-30,2025-05-30,34371.0,262.37404580152673,131
176,RBB_M,1,2021-06-02,2022-09-29,39393.08266720953,212.93558198491638,185
176,RBB_M,2,2022-09-29,2024-01-30,-7903.4174433943335,-40.73926517213574,194
176,RBB_M,3,2024-01-30,2025-05-30,42524.76239377618,207.43786533549357,205
177,RBB_M,1,2021-06-02,2022-09-29,21755.183481024047,113.90148419384317,191
177,RBB_M,2,2022-09-29,2024-01-30,10501.466842662398,47.9519033911525,219
177,RBB_M,3,2024-01-30,2025-05-30,32645.081660973578,149.06429982179716,219
178,PC,1,2021-06-02,2022-09-29,31813.0,467.8382352941176,68
178,PC,2,2022-09-29,2024-01-30,48475.0,692.5,70
178,PC,3,2024-01-30,2025-05-30,74548.0,955.7435897435897,78
179,PC,1,2021-06-02,2022-09-29,13205.0,240.0909090909091,55
179,PC,2,2022-09-29,2024-01-30,33635.0,611.5454545454545,55
179,PC,3,2024-01-30,2025-05-30,50436.0,826.8196721311475,61
180,PC,1,2021-06-02,2022-09-29,30893.0,423.1917808219178,73
180,PC,2,2022-09-29,2024-01-30,41370.0,551.6,75
180,PC,3,2024-01-30,2025-05-30,58578.0,705.7590361445783,83
181,PC,1,2021-06-02,2022-09-29,16578.0,285.82758620689657,58
181,PC,2,2022-09-29,2024-01-30,32689.0,554.0508474576271,59
181,PC,3,2024-01-30,2025-05-30,36068.0,572.5079365079365,63
182,PC,1,2021-06-02,2022-09-29,-6406.0,-100.09375,64
182,PC,2,2022-09-29,2024-01-30,30427.0,490.758064516129,62
182,PC,3,2024-01-30,2025-05-30,48486.0,682.9014084507043,71
183,RHL,1,2021-06-02,2022-09-29,1246.0,40.193548387096776,31
183,RHL,2,2022-09-29,2024-01-30,13050.0,435.0,30
183,RHL,3,2024-01-30,2025-05-30,33232.0,1038.5,32
184,PC,1,2021-06-02,2022-09-29,30439.0,411.3378378378378,74
184,PC,2,2022-09-29,2024-01-30,31577.0,410.09090909090907,77
184,PC,3,2024-01-30,2025-05-30,47007.0,573.2560975609756,82
185,PC,1,2021-06-02,2022-09-29,8965.0,149.41666666666666,60
185,PC,2,2022-09-29,2024-01-30,21685.0,333.61538461538464,65
185,PC,3,2024-01-30,2025-05-30,42857.0,639.6567164179105,67
186,PC,1,2021-06-02,2022-09-29,-3523.0,-48.93055555555556,72
186,PC,2,2022-09-29,2024-01-30,59040.0,787.2,75
186,PC,3,2024-01-30,2025-05-30,26717.0,371.06944444444446,72
187,BIASW,1,2021-06-02,2022-09-29,-5698.0,-259.0,22
187,BIASW,2,2022-09-29,2024-01-30,14850.0,742.5,20
187,BIASW,3,2024-01-30,2025-05-30,17196.0,661.3846153846154,26
188,PC,1,2021-06-02,2022-09-29,26577.0,345.15584415584414,77
188,PC,2,2022-09-29,2024-01-30,31176.0,384.8888888888889,81
188,PC,3,2024-01-30,2025-05-30,34228.0,412.3855421686747,83
189,PC,1,2021-06-02,2022-09-29,2965.0,59.3,50
189,PC,2,2022-09-29,2024-01-30,11262.0,216.57692307692307,52
189,PC,3,2024-01-30,2025-05-30,33008.0,687.6666666666666,48
190,TF_U,1,2021-06-02,2022-09-29,15985.0,188.05882352941177,85
190,TF_U,2,2022-09-29,2024-01-30,3895.0,41.0,95
190,TF_U,3,2024-01-30,2025-05-30,19787.0,184.92523364485982,107
191,BIASW,1,2021-06-02,2022-09-29,16303.0,158.28155339805826,103
191,BIASW,2,2022-09-29,2024-01-30,42587.0,398.0093457943925,107
191,BIASW,3,2024-01-30,2025-05-30,25092.0,258.680412371134,97
192,TF_M,1,2021-06-02,2022-09-29,21238.0,400.7169811320755,53
192,TF_M,2,2022-09-29,2024-01-30,1789.0,22.645569620253166,79
192,TF_M,3,2024-01-30,2025-05-30,33199.0,420.24050632911394,79
193,TF_M,1,2021-06-02,2022-09-29,37978.0,654.7931034482758,58
193,TF_M,2,2022-09-29,2024-01-30,-4720.0,-59.0,80
193,TF_M,3,2024-01-30,2025-05-30,7762.0,94.65853658536585,82
194,LF,1,2021-06-02,2022-09-29,14868.0,280.52830188679246,53
194,LF,2,2022-09-29,2024-01-30,-1909.0,-61.58064516129032,31
194,LF,3,2024-01-30,2025-05-30,11426.0,317.3888888888889,36
195,TF_U,1,2021-06-02,2022-09-29,8708.0,98.95454545454545,88
195,TF_U,2,2022-09-29,2024-01-30,4127.0,42.54639175257732,97
195,TF_U,3,2024-01-30,2025-05-30,18760.0,170.54545454545453,110
196,BO,1,2021-06-02,2022-09-29,8329.0,189.29545454545453,44
196,BO,2,2022-09-29,2024-01-30,-2745.0,-68.625,40
196,BO,3,2024-01-30,2025-05-30,29166.0,634.0434782608696,46
197,TF_U,1,2021-06-02,2022-09-29,-445.0,-5.235294117647059,85
197,TF_U,2,2022-09-29,2024-01-30,35468.0,381.3763440860215,93
197,TF_U,3,2024-01-30,2025-05-30,37661.0,372.8811881188119,101
198,TF_U,1,2021-06-02,2022-09-29,11427.0,131.3448275862069,87
198,TF_U,2,2022-09-29,2024-01-30,23720.0,249.68421052631578,95
198,TF_U,3,2024-01-30,2025-05-30,36812.0,344.0373831775701,107
199,TF_U,1,2021-06-02,2022-09-29,1560.0,18.352941176470587,85
199,TF_U,2,2022-09-29,2024-01-30,40348.0,433.8494623655914,93
199,TF_U,3,2024-01-30,2025-05-30,33770.0,337.7,100
200,TF_U,1,2021-06-02,2022-09-29,10711.0,124.54651162790698,86
200,TF_U,2,2022-09-29,2024-01-30,7265.0,76.47368421052632,95
200,TF_U,3,2024-01-30,2025-05-30,19737.0,184.45794392523365,107
201,TF_U,1,2021-06-02,2022-09-29,2476.0,28.790697674418606,86
201,TF_U,2,2022-09-29,2024-01-30,36493.0,392.39784946236557,93
201,TF_U,3,2024-01-30,2025-05-30,28500.0,271.42857142857144,105
202,TF_U,1,2021-06-02,2022-09-29,407.0,4.67816091954023,87
202,TF_U,2,2022-09-29,2024-01-30,3980.0,41.89473684210526,95
202,TF_U,3,2024-01-30,2025-05-30,28878.0,267.3888888888889,108
203,TF_U,1,2021-06-02,2022-09-29,6719.0,79.98809523809524,84
203,TF_U,2,2022-09-29,2024-01-30,4066.0,42.354166666666664,96
203,TF_U,3,2024-01-30,2025-05-30,24022.0,224.50467289719626,107
204,TF_U,1,2021-06-02,2022-09-29,9667.0,117.89024390243902,82
204,TF_U,2,2022-09-29,2024-01-30,5105.0,53.73684210526316,95
204,TF_U,3,2024-01-30,2025-05-30,24506.0,231.18867924528303,106
205,BIAS,1,2021-06-02,2022-09-29,37379.0,131.6161971830986,284
205,BIAS,2,2022-09-29,2024-01-30,46232.0,161.0871080139373,287
205,BIAS,3,2024-01-30,2025-05-30,33967.0,120.45035460992908,282
206,BIAS,1,2021-06-02,2022-09-29,34050.0,115.42372881355932,295
206,BIAS,2,2022-09-29,2024-01-30,47720.0,156.45901639344262,305
206,BIAS,3,2024-01-30,2025-05-30,12567.0,42.313131313131315,297
207,MAC,1,2021-06-02,2022-09-29,-5112.0,-43.32203389830509,118
207,MAC,2,2022-09-29,2024-01-30,23512.0,171.62043795620437,137
207,MAC,3,2024-01-30,2025-05-30,25459.0,183.15827338129498,139
208,BIAS,1,2021-06-02,2022-09-29,35512.0,115.6742671009772,307
208,BIAS,2,2022-09-29,2024-01-30,23722.0,72.54434250764525,327
208,BIAS,3,2024-01-30,2025-05-30,25462.0,81.60897435897436,312
209,BIAS,1,2021-06-02,2022-09-29,26537.0,81.15290519877676,327
209,BIAS,2,2022-09-29,2024-01-30,5640.0,16.347826086956523,345
209,BIAS,3,2024-01-30,2025-05-30,15650.0,47.42424242424242,330
