n_trades,net_profit,gross_profit,gross_loss,profit_factor,win_rate,avg_trade,avg_win,avg_loss,max_dd,max_dd_closed,max_dd_pct,n_years,profitable_years,profitable_years_ratio,yearly_trades_mean,yearly_trades_std,yearly_trades_cv,min_yearly_trades,top_trade_pct,np_dd,recovery_trades,unger_score,first_trade,last_trade,engine,phase,p_fast,p_slow,p_gradient_length,p_gradient_factor,p_daily_factor,p_direction,p_stop_loss,p_take_profit,p_trailing_stop,oos_n_trades,oos_net_profit,oos_gross_profit,oos_gross_loss,oos_profit_factor,oos_win_rate,oos_avg_trade,oos_avg_win,oos_avg_loss,oos_max_dd,oos_max_dd_closed,oos_max_dd_pct,oos_n_years,oos_profitable_years,oos_profitable_years_ratio,oos_yearly_trades_mean,oos_yearly_trades_std,oos_yearly_trades_cv,oos_min_yearly_trades,oos_top_trade_pct,oos_np_dd,oos_recovery_trades,oos_unger_score,passes_oos_gate,passes_oos_hard,overall_pass
538,60363.0,171249.0,110886.0,1.5443698934040366,0.3513011152416357,112.19888475836431,906.0793650793651,-317.7249283667622,20959.0,19960.0,0.20959,10,6,0.6,53.8,14.5657131648265,0.2707381629149907,22,0.30492188923678415,2.8800515291760105,186.8022132763448,1.1673648597523172,2012-01-24 01:45:00,2021-05-27 03:15:00,MAC,5,5,50,2,2.0,0.3,1,1500,0,0,207,16757.0,157119.0,140362.0,1.1193841638050184,0.28502415458937197,80.95169082125604,2663.0338983050847,-948.3918918918919,23820.0,21727.0,0.2382,5,2,0.4,41.4,16.29232948353304,0.3935345285877546,23,0.7081219788745002,0.7034844668345928,294.24956734499017,0.7900569544621341,True,False,False
538,57758.0,171249.0,113491.0,1.5089214122705765,0.3513011152416357,107.35687732342008,906.0793650793651,-325.18911174785103,19969.0,18970.0,0.19969,10,6,0.6,53.8,14.5657131648265,0.2707381629149907,22,0.3186744693375809,2.8923831939506233,186.00578274871012,1.1443399686468763,2012-01-24 01:45:00,2021-05-27 03:15:00,MAC,5,5,50,2,2.0,0.3,1,3000,0,0,207,7287.0,164829.0,157542.0,1.046254332178086,0.30917874396135264,35.20289855072464,2575.453125,-1101.6923076923076,30747.0,29072.0,0.30747,5,2,0.4,41.4,16.29232948353304,0.3935345285877546,23,1.628379305612735,0.23699873158356913,873.4223960477563,0.3023990377003975,False,False,False
538,58443.0,171249.0,112806.0,1.518084144460401,0.3513011152416357,108.63011152416357,906.0793650793651,-323.22636103151865,20449.0,19450.0,0.20449,10,6,0.6,53.8,14.5657131648265,0.2707381629149907,22,0.3149393426073268,2.8579881656804735,188.24430641821945,1.14424109860656,2012-01-24 01:45:00,2021-05-27 03:15:00,MAC,5,5,50,2,2.0,0.3,1,2000,0,0,207,12387.0,162502.0,150115.0,1.082516737168171,0.2995169082125604,59.84057971014493,2621.0,-1035.2758620689656,26842.0,25167.0,0.26842,5,3,0.6,41.4,16.29232948353304,0.3935345285877546,23,0.9579397755711633,0.46147828030698157,448.55848873819326,0.5501634196599083,True,False,False
960,78870.0,252398.0,173528.0,1.4545087824443317,0.41458333333333336,82.15625,634.1658291457286,-308.7686832740213,11828.0,9611.0,0.11828,10,7,0.7,96.0,24.547912334860577,0.2557074201547977,32,0.025244072524407253,6.668075752451809,143.9695701787752,1.1378586216089321,2012-01-11 16:45:00,2021-05-27 21:15:00,MAC,5,8,30,2,2.0,0.5,1,3000,2000,4000,394,-11981.0,252816.0,264797.0,0.9547540191165308,0.4467005076142132,-30.408629441624367,1436.4545454545455,-1214.665137614679,37382.0,36250.0,0.37382,5,3,0.6,78.8,28.589508565206224,0.3628110224010942,42,0.0,0.0,0.0,0.0,False,False,False
960,78155.0,252398.0,174243.0,1.4485402569974117,0.41458333333333336,81.41145833333333,634.1658291457286,-310.0409252669039,11828.0,9611.0,0.11828,10,7,0.7,96.0,24.547912334860577,0.2557074201547977,32,0.025475017593244196,6.607625972269192,145.2866739172158,1.1275433063502736,2012-01-11 16:45:00,2021-05-27 21:15:00,MAC,5,8,30,2,2.0,0.5,1,3000,2000,0,394,-11131.0,252816.0,263947.0,0.9578286549951316,0.4467005076142132,-28.251269035532996,1436.4545454545455,-1210.7660550458716,35187.0,34055.0,0.35187,5,3,0.6,78.8,28.589508565206224,0.3628110224010942,42,0.0,0.0,0.0,0.0,False,False,False
538,51543.0,164688.0,113145.0,1.4555481903751823,0.34014869888475835,95.80483271375465,899.9344262295082,-318.71830985915494,19779.0,18620.0,0.19779,10,6,0.6,53.8,14.5657131648265,0.2707381629149907,22,0.357099897173234,2.6059456999848325,206.4509632733834,1.0260974452676084,2012-01-24 01:45:00,2021-05-27 03:15:00,MAC,5,5,50,2,2.0,0.3,1,1000,0,0,207,22977.0,143950.0,120973.0,1.1899349441610938,0.24154589371980675,111.0,2879.0,-770.5286624203821,25219.0,23045.0,0.25219,5,2,0.4,41.4,16.29232948353304,0.3935345285877546,23,0.5164294729512121,0.911098774733336,227.19819819819818,1.052840063326763,True,False,False
960,70685.0,251751.0,181066.0,1.3903825124540223,0.40729166666666666,73.63020833333333,643.8644501278773,-318.2179261862917,13134.0,11918.0,0.13134,10,7,0.7,96.0,24.547912334860577,0.2557074201547977,32,0.10187451368748673,5.3818334094716,178.3778736648511,0.9677448704001311,2012-01-11 16:45:00,2021-05-27 21:15:00,MAC,5,8,30,2,2.0,0.5,1,3000,0,4000,394,30719.0,324795.0,294076.0,1.1044593914498293,0.38071065989847713,77.96700507614213,2165.3,-1205.2295081967213,34932.0,31527.0,0.34932,5,4,0.8,78.8,28.589508565206224,0.3628110224010942,42,0.4085744978677691,0.8793942516889958,448.0356782447345,0.6283512466225674,True,False,False
960,70220.0,251286.0,181066.0,1.3878143881236675,0.40729166666666666,73.14583333333333,642.6751918158568,-318.2179261862917,13134.0,11918.0,0.13134,10,7,0.7,96.0,24.547912334860577,0.2557074201547977,32,0.08531757334092852,5.346429115273336,179.5590999715181,0.9613785781919391,2012-01-11 16:45:00,2021-05-27 21:15:00,MAC,5,8,30,2,2.0,0.5,1,3000,6000,4000,394,18144.0,312220.0,294076.0,1.0616983364844461,0.38071065989847713,46.0507614213198,2081.4666666666667,-1205.2295081967213,35802.0,32397.0,0.35802,5,3,0.6,78.8,28.589508565206224,0.3628110224010942,42,0.33019179894179895,0.5067873303167421,777.4464285714286,0.36659499040359345,True,False,False
960,69415.0,250481.0,181066.0,1.3833684954657417,0.40729166666666666,72.30729166666667,640.616368286445,-318.2179261862917,13134.0,11918.0,0.13134,10,7,0.7,96.0,24.547912334860577,0.2557074201547977,32,0.05749477778578117,5.285137810263438,181.64143196715406,0.9503573626487248,2012-01-11 16:45:00,2021-05-27 21:15:00,MAC,5,8,30,2,2.0,0.5,1,3000,4000,4000,394,-8546.0,285530.0,294076.0,0.9709394850310804,0.38071065989847713,-21.690355329949238,1903.5333333333333,-1205.2295081967213,34155.0,32940.0,0.34155,5,3,0.6,78.8,28.589508565206224,0.3628110224010942,42,0.0,0.0,0.0,0.0,False,False,False
538,47883.0,158769.0,110886.0,1.4318218711108706,0.3513011152416357,89.00185873605948,840.047619047619,-317.7249283667622,20959.0,19960.0,0.20959,10,6,0.6,53.8,14.5657131648265,0.2707381629149907,22,0.21230917026919785,2.284603273056921,235.48946390159347,0.9260131467872738,2012-01-24 01:45:00,2021-05-27 03:15:00,MAC,5,5,50,2,2.0,0.3,1,1500,0,4000,207,22097.0,155376.0,133279.0,1.165795061487556,0.2946859903381642,106.7487922705314,2547.1475409836066,-912.8698630136986,24983.0,23053.0,0.24983,5,3,0.6,41.4,16.29232948353304,0.3935345285877546,23,0.5369959723039327,0.8844814473842213,234.0354346743902,1.017288256137719,True,False,False
538,45963.0,158769.0,112806.0,1.4074517312908887,0.3513011152416357,85.43308550185874,840.047619047619,-323.22636103151865,20449.0,19450.0,0.20449,10,6,0.6,53.8,14.5657131648265,0.2707381629149907,22,0.2211779039662337,2.2476893735634995,239.3569175206144,0.899898253259643,2012-01-24 01:45:00,2021-05-27 03:15:00,MAC,5,5,50,2,2.0,0.3,1,2000,0,4000,207,22162.0,160759.0,138597.0,1.1599024509910028,0.30917874396135264,107.06280193236715,2511.859375,-969.2097902097902,25028.0,22784.0,0.25028,5,3,0.6,41.4,16.29232948353304,0.3935345285877546,23,0.5354209908852992,0.8854882531564647,233.7693348975724,1.019363048646462,True,False,False
538,45558.0,156444.0,110886.0,1.4108543909961582,0.3513011152416357,84.68029739776952,827.7460317460317,-317.7249283667622,20959.0,19960.0,0.20959,10,6,0.6,53.8,14.5657131648265,0.2707381629149907,22,0.13150269985512972,2.1736724080347343,247.5073971640546,0.8810497867997958,2012-01-24 01:45:00,2021-05-27 03:15:00,MAC,5,5,50,2,2.0,0.3,1,1500,6000,0,207,12147.0,151000.0,138853.0,1.0874810050917156,0.2898550724637681,58.68115942028985,2516.6666666666665,-944.578231292517,23820.0,21727.0,0.2382,5,2,0.4,41.4,16.29232948353304,0.3935345285877546,23,0.4932081995554458,0.5099496221662468,405.9224499876513,0.5727052471117469,True,False,False
538,44298.0,158769.0,114471.0,1.3869801084990958,0.3513011152416357,82.33828996282529,840.047619047619,-327.9971346704871,19969.0,18970.0,0.19969,10,6,0.6,53.8,14.5657131648265,0.2707381629149907,22,0.22949117341640707,2.218338424558065,242.52386112239827,0.8776614829308377,2012-01-24 01:45:00,2021-05-27 03:15:00,MAC,5,5,50,2,2.0,0.3,1,3000,0,4000,207,16537.0,162870.0,146333.0,1.113009369041843,0.3140096618357488,79.88888888888889,2505.6923076923076,-1030.5140845070423,28148.0,25904.0,0.28148,5,3,0.6,41.4,16.29232948353304,0.3935345285877546,23,0.7175424804982766,0.5875017763251386,352.3393602225313,0.7172424154209408,True,False,False
960,53070.0,216203.0,163133.0,1.3253173790710646,0.4041666666666667,55.28125,557.2242268041238,-285.1975524475524,9276.0,8961.0,0.09276,10,7,0.7,96.0,24.547912334860577,0.2557074201547977,32,0.03751648765781044,5.721216041397154,167.79649519502544,0.8645713488207457,2012-01-11 16:45:00,2021-05-27 16:00:00,MAC,5,8,30,2,2.0,0.5,1,2000,2000,1000,394,17119.0,168834.0,151715.0,1.1128365685660613,0.4289340101522843,43.4492385786802,999.0177514792899,-674.2888888888889,14169.0,13003.0,0.14169,5,3,0.6,78.8,28.589508565206224,0.3628110224010942,42,0.11630352240200946,1.2082010021878749,326.1046790116245,0.549814165175323,True,False,False
960,53060.0,216203.0,163143.0,1.3252361425252692,0.4041666666666667,55.270833333333336,557.2242268041238,-285.215034965035,9276.0,8961.0,0.09276,10,7,0.7,96.0,24.547912334860577,0.2557074201547977,32,0.03752355823595929,5.720137990513153,167.828119110441,0.8644084373172936,2012-01-11 16:45:00,2021-05-27 16:00:00,MAC,5,8,30,2,2.0,0.5,1,3000,2000,1000,394,13559.0,170825.0,157266.0,1.0862169826917452,0.43147208121827413,34.41370558375635,1004.8529411764706,-702.0803571428571,16972.0,15801.0,0.16972,5,3,0.6,78.8,28.589508565206224,0.3628110224010942,42,0.1468397374437643,0.7989040773037945,493.17560292056936,0.39789481699151724,True,False,False
538,43638.0,156444.0,112806.0,1.3868411254720494,0.3513011152416357,81.11152416356877,827.7460317460317,-323.22636103151865,20449.0,19450.0,0.20449,10,6,0.6,53.8,14.5657131648265,0.2707381629149907,22,0.1372886016774371,2.1339918822436306,252.10967505385216,0.8543776510615996,2012-01-24 01:45:00,2021-05-27 03:15:00,MAC,5,5,50,2,2.0,0.3,1,2000,6000,0,207,8277.0,156383.0,148106.0,1.0558856494672735,0.30434782608695654,39.98550724637681,2482.2698412698414,-1028.513888888889,26842.0,25167.0,0.26842,5,2,0.4,41.4,16.29232948353304,0.3935345285877546,23,0.723812975715839,0.3083600327844423,671.29322218195,0.3676194901529879,False,False,False
538,42953.0,156444.0,113491.0,1.3784705395141466,0.3513011152416357,79.83828996282529,827.7460317460317,-325.18911174785103,19969.0,18970.0,0.19969,10,6,0.6,53.8,14.5657131648265,0.2707381629149907,22,0.1394780341303285,2.150984025239121,250.11808255535118,0.8510134470253345,2012-01-24 01:45:00,2021-05-27 03:15:00,MAC,5,5,50,2,2.0,0.3,1,3000,6000,0,207,9047.0,163580.0,154533.0,1.058544129732808,0.3140096618357488,43.70531400966183,2516.6153846153848,-1088.2605633802816,30747.0,29072.0,0.30747,5,3,0.6,41.4,16.29232948353304,0.3935345285877546,23,0.6622084668951034,0.2942400884639152,703.5071294351719,0.3754362692569639,True,False,False
538,41973.0,156444.0,114471.0,1.366669287417774,0.3513011152416357,78.01672862453532,827.7460317460317,-327.9971346704871,19969.0,18970.0,0.19969,10,6,0.6,53.8,14.5657131648265,0.2707381629149907,22,0.1427346151097134,2.1019079573338675,255.95792533295213,0.8315970342466036,2012-01-24 01:45:00,2021-05-27 03:15:00,MAC,5,5,50,2,2.0,0.3,1,3000,6000,4000,207,11027.0,157360.0,146333.0,1.0753555247278468,0.3140096618357488,53.270531400966185,2420.923076923077,-1030.5140845070423,28148.0,25904.0,0.28148,5,3,0.6,41.4,16.29232948353304,0.3935345285877546,23,0.5433028022127505,0.3917507460565582,528.3972068558992,0.47826281156477685,True,False,False
960,50950.0,214083.0,163133.0,1.312321847817425,0.4041666666666667,53.072916666666664,551.7603092783505,-285.1975524475524,9276.0,8961.0,0.09276,10,7,0.7,96.0,24.547912334860577,0.2557074201547977,32,0.07833169774288518,5.4926692539887885,174.7784102060844,0.8300341100888825,2012-01-11 16:45:00,2021-05-27 16:00:00,MAC,5,8,30,2,2.0,0.5,1,2000,4000,1000,394,9749.0,161792.0,152043.0,1.0641200186789264,0.42385786802030456,24.743654822335024,968.814371257485,-669.7929515418502,17922.0,16338.0,0.17922,5,4,0.8,78.8,28.589508565206224,0.3628110224010942,42,0.409375320545697,0.5439683071085817,724.3069032721305,0.2784030358534474,False,False,False
960,50940.0,214083.0,163143.0,1.3122414078446516,0.4041666666666667,53.0625,551.7603092783505,-285.215034965035,9276.0,8961.0,0.09276,10,7,0.7,96.0,24.547912334860577,0.2557074201547977,32,0.07834707499018453,5.491591203104787,174.81272084805653,0.8298711985854303,2012-01-11 16:45:00,2021-05-27 16:00:00,MAC,5,8,30,2,2.0,0.5,1,3000,4000,1000,394,8189.0,165783.0,157594.0,1.051962638171504,0.4263959390862944,20.784263959390863,986.8035714285714,-697.3185840707964,20212.0,18628.0,0.20212,5,4,0.8,78.8,28.589508565206224,0.3628110224010942,42,0.48736109415068996,0.4051553532554918,972.4664794236171,0.22020813520042845,False,False,False
960,61265.0,241750.0,180485.0,1.3394464913981772,0.40625,63.817708333333336,619.8717948717949,-316.640350877193,13698.0,12978.0,0.13698,10,7,0.7,96.0,24.547912334860577,0.2557074201547977,32,0.11753856198482004,4.4725507373339175,214.64261813433444,0.8213267704914443,2012-01-11 16:45:00,2021-05-27 21:15:00,MAC,5,8,30,2,2.0,0.5,1,2000,0,2000,394,41299.0,260734.0,219435.0,1.1882060746918222,0.39086294416243655,104.81979695431473,1693.077922077922,-914.3125,25834.0,24853.0,0.25834,5,3,0.6,78.8,28.589508565206224,0.3628110224010942,42,0.2174628925639846,1.5986297127816056,246.4610765393835,0.982315147815142,True,False,False
960,50350.0,213483.0,163133.0,1.3086438672739422,0.4041666666666667,52.447916666666664,550.2139175257732,-285.1975524475524,9276.0,8961.0,0.09276,10,7,0.7,96.0,24.547912334860577,0.2557074201547977,32,0.09058589870903674,5.427986200948685,176.86117179741808,0.8202594198817514,2012-01-11 16:45:00,2021-05-27 16:00:00,MAC,5,8,30,2,2.0,0.5,1,2000,0,1000,394,10734.0,162777.0,152043.0,1.0705984491229454,0.42385786802030456,27.243654822335024,974.7125748502993,-669.7929515418502,17922.0,16338.0,0.17922,5,4,0.8,78.8,28.589508565206224,0.3628110224010942,42,0.6009875163033352,0.5989286909943087,657.8412520961431,0.30653176601199145,True,False,False
960,50340.0,213483.0,163143.0,1.3085636527463635,0.4041666666666667,52.4375,550.2139175257732,-285.215034965035,9276.0,8961.0,0.09276,10,7,0.7,96.0,24.547912334860577,0.2557074201547977,32,0.09060389352403656,5.426908150064683,176.89630512514898,0.8200965083782993,2012-01-11 16:45:00,2021-05-27 16:00:00,MAC,5,8,30,2,2.0,0.5,1,3000,0,1000,394,9569.0,167163.0,157594.0,1.060719316725256,0.4263959390862944,24.28680203045685,995.0178571428571,-697.3185840707964,20212.0,18628.0,0.20212,5,3,0.6,78.8,28.589508565206224,0.3628110224010942,42,0.6741561291671021,0.47343162477736,832.2215487511758,0.2573173337077665,False,False,False
960,61120.0,241750.0,180630.0,1.338371256158999,0.40625,63.666666666666664,619.8717948717949,-316.89473684210526,13698.0,12978.0,0.13698,10,7,0.7,96.0,24.547912334860577,0.2557074201547977,32,0.11781740837696335,4.461965250401518,215.151832460733,0.8193828811301244,2012-01-11 16:45:00,2021-05-27 21:15:00,MAC,5,8,30,2,2.0,0.5,1,3000,0,2000,394,40154.0,265365.0,225211.0,1.1782950211135335,0.3934010152284264,101.91370558375634,1712.032258064516,-942.3054393305439,30174.0,29193.0,0.30174,5,3,0.6,78.8,28.589508565206224,0.3628110224010942,42,0.22366389400806894,1.3307483263736992,296.074015042088,0.883729809231831,True,False,False
960,50235.0,214212.0,163977.0,1.3063539398818127,0.403125,52.328125,553.5193798449612,-286.17277486910996,9276.0,8961.0,0.09276,10,7,0.7,96.0,24.547912334860577,0.2557074201547977,32,0.039633721508908135,5.415588615782665,177.26604956703494,0.8183859375920512,2012-01-11 16:45:00,2021-05-27 16:00:00,MAC,5,8,30,2,2.0,0.5,1,1500,2000,1000,394,13574.0,164852.0,151278.0,1.0897288435859809,0.42385786802030456,34.45177664974619,987.1377245508982,-666.4229074889868,16062.0,14478.0,0.16062,5,4,0.8,78.8,28.589508565206224,0.3628110224010942,42,0.146677471636953,0.84510023658324,466.2168852217475,0.40946347412097506,True,False,False
960,61825.0,242247.0,180422.0,1.342668854130871,0.4083333333333333,64.40104166666667,617.9770408163265,-317.6443661971831,14212.0,12491.0,0.14212,10,7,0.7,96.0,24.547912334860577,0.2557074201547977,32,0.03220380105135463,4.350197016605685,220.67966033158106,0.8137081151456078,2012-01-11 16:45:00,2021-05-27 21:15:00,MAC,5,8,30,2,2.0,0.5,1,2000,2000,2000,394,11789.0,230896.0,219107.0,1.0538047620568947,0.39593908629441626,29.921319796954315,1480.1025641025642,-920.6176470588235,25450.0,24770.0,0.2545,5,3,0.6,78.8,28.589508565206224,0.3628110224010942,42,0.16888624989396894,0.4632220039292731,850.564085164136,0.2825141515862415,False,False,False
960,61680.0,242247.0,180567.0,1.3415906560999518,0.4083333333333333,64.25,617.9770408163265,-317.89964788732397,14212.0,12491.0,0.14212,10,7,0.7,96.0,24.547912334860577,0.2557074201547977,32,0.03227950713359274,4.339994370954123,221.19844357976655,0.8117997014505635,2012-01-11 16:45:00,2021-05-27 21:15:00,MAC,5,8,30,2,2.0,0.5,1,3000,2000,2000,394,8004.0,232887.0,224883.0,1.0355918410907006,0.39847715736040606,20.314720812182742,1483.3566878980891,-948.873417721519,29790.0,29110.0,0.2979,5,3,0.6,78.8,28.589508565206224,0.3628110224010942,42,0.24875062468765619,0.2686807653575025,1466.424287856072,0.1772878450672047,False,False,False
960,60450.0,240935.0,180485.0,1.3349308806826052,0.40625,62.96875,617.7820512820513,-316.640350877193,13698.0,12978.0,0.13698,10,7,0.7,96.0,24.547912334860577,0.2557074201547977,32,0.09910669975186104,4.41305300043802,217.536476426799,0.8104007716674742,2012-01-11 16:45:00,2021-05-27 21:15:00,MAC,5,8,30,2,2.0,0.5,1,2000,6000,2000,394,37429.0,256864.0,219435.0,1.1705698726274296,0.39086294416243655,94.99746192893402,1667.948051948052,-914.3125,25340.0,25070.0,0.2534,5,3,0.6,78.8,28.589508565206224,0.3628110224010942,42,0.16006305271313687,1.47707182320442,266.74396858051244,0.8989013893649594,True,False,False
960,60305.0,240935.0,180630.0,1.3338592703316172,0.40625,62.817708333333336,617.7820512820513,-316.89473684210526,13698.0,12978.0,0.13698,10,7,0.7,96.0,24.547912334860577,0.2557074201547977,32,0.09934499626896609,4.402467513505621,218.05953071884585,0.8084568823061542,2012-01-11 16:45:00,2021-05-27 21:15:00,MAC,5,8,30,2,2.0,0.5,1,3000,6000,2000,394,37644.0,262855.0,225211.0,1.1671499171887696,0.3934010152284264,95.54314720812182,1695.8387096774193,-942.3054393305439,29680.0,29410.0,0.2968,5,3,0.6,78.8,28.589508565206224,0.3628110224010942,42,0.15914886834555309,1.2683288409703504,310.64498990542984,0.835354755472177,True,False,False
960,49605.0,212221.0,162616.0,1.3050437841294829,0.40208333333333335,51.671875,549.7953367875648,-283.30313588850174,9276.0,8961.0,0.09276,10,7,0.7,96.0,24.547912334860577,0.2557074201547977,32,0.04013708295534724,5.347671410090556,179.51738736014514,0.8081225128745637,2012-01-11 16:45:00,2021-05-27 16:00:00,MAC,5,8,30,2,2.0,0.5,1,1000,2000,1000,394,17519.0,162219.0,144700.0,1.1210711817553558,0.41624365482233505,44.464467005076145,989.140243902439,-629.1304347826087,12169.0,11000.0,0.12169,5,3,0.6,78.8,28.589508565206224,0.3628110224010942,42,0.11364803927164792,1.4396417125482783,273.6792054341001,0.6071402147681159,True,False,False
960,64385.0,246425.0,182040.0,1.353686003076247,0.4114583333333333,67.06770833333333,623.8607594936709,-322.1946902654867,15653.0,13436.0,0.15653,10,7,0.7,96.0,24.547912334860577,0.2557074201547977,32,0.030923351712355364,4.113269021912733,233.3910072221791,0.807454443865281,2012-01-11 16:45:00,2021-05-27 21:15:00,MAC,5,8,30,2,2.0,0.5,1,2000,2000,0,394,-3226.0,249591.0,252817.0,0.9872397821349039,0.434010152284264,-8.187817258883248,1459.5964912280701,-1133.7085201793723,32088.0,31288.0,0.32088,5,3,0.6,78.8,28.589508565206224,0.3628110224010942,42,0.0,0.0,0.0,0.0,False,False,False
960,59775.0,240260.0,180485.0,1.3311909576973155,0.40625,62.265625,616.0512820512821,-316.640350877193,13698.0,12978.0,0.13698,10,7,0.7,96.0,24.547912334860577,0.2557074201547977,32,0.06676704307820995,4.36377573368375,219.99297365119196,0.8013516315371921,2012-01-11 16:45:00,2021-05-27 21:15:00,MAC,5,8,30,2,2.0,0.5,1,2000,4000,2000,394,16204.0,235639.0,219435.0,1.0738441907626404,0.39086294416243655,41.12690355329949,1530.1233766233765,-914.3125,29008.0,28988.0,0.29008,5,3,0.6,78.8,28.589508565206224,0.3628110224010942,42,0.24629721056529252,0.5586045228902372,705.329054554431,0.3637227566833089,True,False,False
960,63640.0,251185.0,187545.0,1.3393318936788503,0.40625,66.29166666666667,644.0641025641025,-329.0263157894737,15534.0,14318.0,0.15534,10,7,0.7,96.0,24.547912334860577,0.2557074201547977,32,0.11315210559396606,4.096819878975151,234.32809553739784,0.801162553705232,2012-01-11 16:45:00,2021-05-27 21:15:00,MAC,5,8,30,2,2.0,0.5,1,2000,0,4000,394,30469.0,312565.0,282096.0,1.1080093301571097,0.3680203045685279,77.33248730964468,2155.6206896551726,-1132.9156626506024,41499.0,39930.0,0.41499,5,4,0.8,78.8,28.589508565206224,0.3628110224010942,42,0.4119268764974236,0.7342104629027205,536.6308707210607,0.5718031161782579,True,False,False
960,59630.0,240260.0,180630.0,1.3301223495543375,0.40625,62.114583333333336,616.0512820512821,-316.89473684210526,13698.0,12978.0,0.13698,10,7,0.7,96.0,24.547912334860577,0.2557074201547977,32,0.06692939795404998,4.353190246751351,220.5279221868187,0.7994077421758723,2012-01-11 16:45:00,2021-05-27 21:15:00,MAC,5,8,30,2,2.0,0.5,1,3000,4000,2000,394,14419.0,239630.0,225211.0,1.0640244037813429,0.3934010152284264,36.59644670050761,1546.0,-942.3054393305439,33348.0,33328.0,0.33348,5,3,0.6,78.8,28.589508565206224,0.3628110224010942,42,0.27678757195367226,0.43237975290872016,911.2360080449407,0.3018612584417907,True,False,False
960,63190.0,252129.0,188939.0,1.3344465674106458,0.40520833333333334,65.82291666666667,648.146529562982,-330.89141856392297,15534.0,14318.0,0.15534,10,7,0.7,96.0,24.547912334860577,0.2557074201547977,32,0.11395790473176136,4.067851165186044,235.99683494223768,0.7954975136491768,2012-01-11 16:45:00,2021-05-27 21:15:00,MAC,5,8,30,2,2.0,0.5,1,2000,0,0,394,37934.0,331159.0,293225.0,1.1293682325858982,0.36548223350253806,96.27918781725889,2299.715277777778,-1172.9,31867.0,30403.0,0.31867,5,4,0.8,78.8,28.589508565206224,0.3628110224010942,42,0.5283123319449571,1.190385037813412,330.98534296409554,0.8123911478890721,True,False,False
960,63175.0,250720.0,187545.0,1.3368524887360367,0.40625,65.80729166666667,642.8717948717949,-329.0263157894737,15534.0,14318.0,0.15534,10,7,0.7,96.0,24.547912334860577,0.2557074201547977,32,0.09483181638306291,4.066885541393074,236.05286901464186,0.7953086789806415,2012-01-11 16:45:00,2021-05-27 21:15:00,MAC,5,8,30,2,2.0,0.5,1,2000,6000,4000,394,22899.0,304995.0,282096.0,1.0811744937893484,0.3680203045685279,58.119289340101524,2103.4137931034484,-1132.9156626506024,41199.0,39630.0,0.41199,5,4,0.8,78.8,28.589508565206224,0.3628110224010942,42,0.2616271452901873,0.5558144615160562,708.8696449626622,0.43130084852027445,True,False,False
960,62725.0,251664.0,188939.0,1.3319854556232436,0.40520833333333334,65.33854166666667,646.9511568123394,-330.89141856392297,15534.0,14318.0,0.15534,10,7,0.7,96.0,24.547912334860577,0.2557074201547977,32,0.09551215623754483,4.037916827603966,237.74635312873653,0.7896436389245863,2012-01-11 16:45:00,2021-05-27 21:15:00,MAC,5,8,30,2,2.0,0.5,1,2000,6000,0,394,32819.0,322026.0,289207.0,1.1134792726317135,0.37055837563451777,83.29695431472081,2205.6575342465753,-1166.157258064516,32601.0,31029.0,0.32601,5,4,0.8,78.8,28.589508565206224,0.3628110224010942,42,0.18254669551174624,1.0066869114444341,391.3828574910875,0.6948915263769009,True,False,False
960,48450.0,211066.0,162616.0,1.297941162001279,0.40208333333333335,50.46875,546.8031088082902,-283.30313588850174,9276.0,8961.0,0.09276,10,7,0.7,96.0,24.547912334860577,0.2557074201547977,32,0.0823735810113519,5.223156532988357,183.7969040247678,0.7893062342258363,2012-01-11 16:45:00,2021-05-27 16:00:00,MAC,5,8,30,2,2.0,0.5,1,1000,4000,1000,394,12864.0,157578.0,144714.0,1.0888925743190017,0.4137055837563452,32.6497461928934,966.7361963190184,-626.4675324675325,14707.0,13123.0,0.14707,5,4,0.8,78.8,28.589508565206224,0.3628110224010942,42,0.31024564676616917,0.8746855239001836,450.447605721393,0.40552825421818456,True,False,False
960,63535.0,252695.0,189160.0,1.3358796785789808,0.40625,66.18229166666667,647.9358974358975,-331.859649122807,15978.0,13530.0,0.15978,10,7,0.7,96.0,24.547912334860577,0.2557074201547977,32,0.11333910443062879,3.9764050569533107,241.42409695443456,0.7886493459411492,2012-01-11 16:45:00,2021-05-27 21:15:00,MAC,5,8,30,2,2.0,0.5,1,3000,0,0,394,25059.0,343439.0,318380.0,1.078707833406621,0.37817258883248733,63.601522842639596,2304.959731543624,-1299.5102040816328,46942.0,45478.0,0.46942,5,3,0.6,78.8,28.589508565206224,0.3628110224010942,42,0.7997525839019913,0.5338289804439521,738.0640887505486,0.4421708153649379,True,False,False
960,63070.0,252230.0,189160.0,1.3334214421653627,0.40625,65.69791666666667,646.7435897435897,-331.859649122807,15820.0,13530.0,0.1582,10,7,0.7,96.0,24.547912334860577,0.2557074201547977,32,0.09498969399080387,3.9867256637168142,240.79911209766925,0.7867771040264202,2012-01-11 16:45:00,2021-05-27 21:15:00,MAC,5,8,30,2,2.0,0.5,1,3000,6000,0,394,16889.0,329251.0,312362.0,1.0540686767276428,0.383248730964467,42.86548223350254,2180.4701986754967,-1285.440329218107,36617.0,32914.0,0.36617,5,3,0.6,78.8,28.589508565206224,0.3628110224010942,42,0.354727929421517,0.4612338531283284,854.2304458523299,0.33741912006605357,True,False,False
960,62370.0,249915.0,187545.0,1.3325601855554667,0.40625,64.96875,640.8076923076923,-329.0263157894737,15534.0,14318.0,0.15534,10,7,0.7,96.0,24.547912334860577,0.2557074201547977,32,0.06398909732243066,4.015063731170336,239.0995670995671,0.7851745517692538,2012-01-11 16:45:00,2021-05-27 21:15:00,MAC,5,8,30,2,2.0,0.5,1,2000,4000,4000,394,-1791.0,280305.0,282096.0,0.9936510974987238,0.3680203045685279,-4.5456852791878175,1933.1379310344828,-1132.9156626506024,41429.0,39860.0,0.41429,5,4,0.8,78.8,28.589508565206224,0.3628110224010942,42,0.0,0.0,0.0,0.0,False,False,False
960,48100.0,212077.0,163977.0,1.2933338212066325,0.403125,50.104166666666664,548.0025839793282,-286.17277486910996,9276.0,8961.0,0.09276,10,7,0.7,96.0,24.547912334860577,0.2557074201547977,32,0.08297297297297297,5.185424752048297,185.13430353430354,0.7836043316050099,2012-01-11 16:45:00,2021-05-27 16:00:00,MAC,5,8,30,2,2.0,0.5,1,1500,4000,1000,394,8999.0,160291.0,151292.0,1.0594810036221347,0.4213197969543147,22.84010152284264,965.6084337349398,-663.561403508772,19907.0,18323.0,0.19907,5,4,0.8,78.8,28.589508565206224,0.3628110224010942,42,0.44349372152461386,0.45205204199527804,871.5810645627291,0.24383636555490146,False,False,False
960,47850.0,210466.0,162616.0,1.294251488168446,0.40208333333333335,49.84375,545.2487046632124,-283.30313588850174,9276.0,8961.0,0.09276,10,7,0.7,96.0,24.547912334860577,0.2557074201547977,32,0.09531870428422153,5.1584734799482534,186.10156739811913,0.7795315440187052,2012-01-11 16:45:00,2021-05-27 16:00:00,MAC,5,8,30,2,2.0,0.5,1,1000,0,1000,394,13849.0,158563.0,144714.0,1.0956991030584464,0.4137055837563452,35.1497461928934,972.7791411042945,-626.4675324675325,14707.0,13123.0,0.14707,5,3,0.6,78.8,28.589508565206224,0.3628110224010942,42,0.46580980576214887,0.9416604338070307,418.4098490865766,0.43657966360911366,True,False,False
538,39063.0,152208.0,113145.0,1.3452472491051306,0.34014869888475835,72.60780669144981,831.7377049180328,-318.71830985915494,19779.0,18620.0,0.19779,10,6,0.6,53.8,14.5657131648265,0.2707381629149907,22,0.26024626884775875,1.9749734566964963,272.4087243683281,0.7776505927960846,2012-01-24 01:45:00,2021-05-27 03:15:00,MAC,5,5,50,2,2.0,0.3,1,1000,0,4000,207,24672.0,142207.0,117535.0,1.2099119411239205,0.25120772946859904,119.18840579710145,2734.75,-758.2903225806451,25139.0,22965.0,0.25139,5,3,0.6,41.4,16.29232948353304,0.3935345285877546,23,0.4809500648508431,0.9814232865269104,210.91816634241243,1.1323048475705697,True,False,False
960,61545.0,249915.0,188370.0,1.3267240006370442,0.40625,64.109375,640.8076923076923,-330.4736842105263,15534.0,14318.0,0.15534,10,7,0.7,96.0,24.547912334860577,0.2557074201547977,32,0.06484686002112276,3.9619544225569716,242.3046551303924,0.7747886449998193,2012-01-11 16:45:00,2021-05-27 21:15:00,MAC,5,8,30,2,2.0,0.5,1,2000,4000,0,394,-1271.0,285927.0,287198.0,0.9955744817164465,0.3730964467005076,-3.2258883248730963,1945.0816326530612,-1162.7449392712551,36194.0,34625.0,0.36194,5,4,0.8,78.8,28.589508565206224,0.3628110224010942,42,0.0,0.0,0.0,0.0,False,False,False
960,47500.0,211477.0,163977.0,1.2896747714618513,0.403125,49.479166666666664,546.452196382429,-286.17277486910996,9276.0,8961.0,0.09276,10,7,0.7,96.0,24.547912334860577,0.2557074201547977,32,0.09602105263157895,5.120741699008193,187.47284210526317,0.7738296413978787,2012-01-11 16:45:00,2021-05-27 16:00:00,MAC,5,8,30,2,2.0,0.5,1,1500,0,1000,394,9984.0,161276.0,151292.0,1.0659915924173122,0.4213197969543147,25.34010152284264,971.5421686746988,-663.561403508772,19907.0,18323.0,0.19907,5,4,0.8,78.8,28.589508565206224,0.3628110224010942,42,0.6461338141025641,0.5015321243783594,785.5927483974359,0.2705258666185283,True,False,False
960,61890.0,250481.0,188591.0,1.3281704853359917,0.40729166666666666,64.46875,640.616368286445,-331.4428822495606,15820.0,13530.0,0.1582,10,7,0.7,96.0,24.547912334860577,0.2557074201547977,32,0.064485377282275,3.9121365360303413,245.39020843431896,0.7720569996542754,2012-01-11 16:45:00,2021-05-27 21:15:00,MAC,5,8,30,2,2.0,0.5,1,3000,4000,0,394,-18201.0,291152.0,309353.0,0.9411643009765543,0.38578680203045684,-46.19543147208122,1915.4736842105262,-1278.3181818181818,40035.0,38820.0,0.40035,5,3,0.6,78.8,28.589508565206224,0.3628110224010942,42,0.0,0.0,0.0,0.0,False,False,False
960,59705.0,242443.0,182738.0,1.3267246002473487,0.409375,62.192708333333336,616.9033078880407,-322.28924162257493,14858.0,12641.0,0.14858,10,7,0.7,96.0,24.547912334860577,0.2557074201547977,32,0.033347290846662755,4.018373939965002,238.90260447198727,0.768533224593665,2012-01-11 16:45:00,2021-05-27 21:15:00,MAC,5,8,30,2,2.0,0.5,1,1500,2000,0,394,2504.0,237969.0,235465.0,1.010634276856433,0.41624365482233505,6.355329949238579,1451.030487804878,-1023.7608695652174,27246.0,26484.0,0.27246,5,3,0.6,78.8,28.589508565206224,0.3628110224010942,42,0.7951277955271565,0.09190339866402408,4287.110223642173,0.05799493703270355,False,False,False
960,56600.0,238265.0,181665.0,1.3115624913990036,0.40625,58.958333333333336,610.9358974358975,-318.7105263157895,13712.0,11991.0,0.13712,10,7,0.7,96.0,24.547912334860577,0.2557074201547977,32,0.03517667844522968,4.12777129521587,232.57102473498233,0.7583996964939607,2012-01-11 16:45:00,2021-05-27 21:15:00,MAC,5,8,30,2,2.0,0.5,1,1500,2000,2000,394,14729.0,224923.0,210194.0,1.0700733608000228,0.3883248730964467,37.38324873096447,1470.0849673202615,-872.1742738589212,20291.0,19529.0,0.20291,5,3,0.6,78.8,28.589508565206224,0.3628110224010942,42,0.13517550410754295,0.7258883248730964,542.7832167832167,0.39530168866303206,True,False,False
960,56975.0,244933.0,187958.0,1.303126230328052,0.4041666666666667,59.348958333333336,631.270618556701,-328.5979020979021,14739.0,13523.0,0.14739,10,7,0.7,96.0,24.547912334860577,0.2557074201547977,32,0.12638876700307153,3.865594680778886,248.34471259324263,0.736346871622942,2012-01-11 16:45:00,2021-05-27 21:15:00,MAC,5,8,30,2,2.0,0.5,1,1500,0,4000,394,36234.0,297479.0,261245.0,1.1386973913376333,0.35279187817258884,91.96446700507614,2140.136690647482,-1024.4901960784314,30489.0,28920.0,0.30489,5,4,0.8,78.8,28.589508565206224,0.3628110224010942,42,0.3463873709775349,1.1884286135983468,331.53022023513824,0.793326246340005,True,False,False
960,53770.0,235498.0,181728.0,1.2958817573516463,0.4041666666666667,56.010416666666664,606.9536082474227,-317.7062937062937,13198.0,12478.0,0.13198,10,7,0.7,96.0,24.547912334860577,0.2557074201547977,32,0.13392226148409894,4.074102136687377,235.63474056165148,0.7343753587240569,2012-01-11 16:45:00,2021-05-27 21:15:00,MAC,5,8,30,2,2.0,0.5,1,1500,0,2000,394,43859.0,254067.0,210208.0,1.2086457223321663,0.38578680203045684,111.31725888324873,1671.4934210526317,-868.6280991735537,21767.0,20606.0,0.21767,5,4,0.8,78.8,28.589508565206224,0.3628110224010942,42,0.2047698305934928,2.0149308586392247,195.54020839508425,1.1364924883666756,True,True,True
538,36738.0,149883.0,113145.0,1.3246983958637146,0.34014869888475835,68.28624535315986,819.0327868852459,-318.71830985915494,19779.0,18620.0,0.19779,10,6,0.6,53.8,14.5657131648265,0.2707381629149907,22,0.16307365670422996,1.8574245411800394,289.6483749795851,0.7313654219630483,2012-01-24 01:45:00,2021-05-27 03:15:00,MAC,5,5,50,2,2.0,0.3,1,1000,6000,0,207,17867.0,137831.0,119964.0,1.148936347570938,0.2463768115942029,86.31400966183575,2702.5686274509803,-769.0,25219.0,23045.0,0.25219,5,3,0.6,41.4,16.29232948353304,0.3935345285877546,23,0.335310908378575,0.7084737697767556,292.17736609391613,0.8186923189040899,True,False,False
960,56510.0,244468.0,187958.0,1.3006522733802233,0.4041666666666667,58.864583333333336,630.0721649484536,-328.5979020979021,14739.0,13523.0,0.14739,10,7,0.7,96.0,24.547912334860577,0.2557074201547977,32,0.10601663422403114,3.834045729018251,250.3882498672801,0.7303371955315919,2012-01-11 16:45:00,2021-05-27 21:15:00,MAC,5,8,30,2,2.0,0.5,1,1500,6000,4000,394,28269.0,289514.0,261245.0,1.1082087695458287,0.35279187817258884,71.748730964467,2082.834532374101,-1024.4901960784314,30189.0,28620.0,0.30189,5,4,0.8,78.8,28.589508565206224,0.3628110224010942,42,0.21192826063886236,0.9364006757428203,420.760055184124,0.6220040535714028,True,False,False
960,56345.0,245877.0,189532.0,1.2972848912057067,0.403125,58.692708333333336,635.3410852713179,-330.7713787085515,14739.0,13523.0,0.14739,10,7,0.7,96.0,24.547912334860577,0.2557074201547977,32,0.12780193451060431,3.822850939683832,251.1214837163901,0.728204729821758,2012-01-11 16:45:00,2021-05-27 21:15:00,MAC,5,8,30,2,2.0,0.5,1,1500,0,0,394,37429.0,306712.0,269283.0,1.1389950349632172,0.3477157360406091,94.99746192893402,2238.7737226277372,-1047.7937743190662,32857.0,31393.0,0.32857,5,4,0.8,78.8,28.589508565206224,0.3628110224010942,42,0.5354404338881615,1.1391484310801352,345.8723984076518,0.7894077814759766,True,False,False
960,52955.0,234683.0,181728.0,1.2913970329283324,0.4041666666666667,55.161458333333336,604.8530927835052,-317.7062937062937,13198.0,12478.0,0.13198,10,7,0.7,96.0,24.547912334860577,0.2557074201547977,32,0.11313379284297989,4.012350356114563,239.26125956000377,0.7232443206478043,2012-01-11 16:45:00,2021-05-27 21:15:00,MAC,5,8,30,2,2.0,0.5,1,1500,6000,2000,394,39989.0,250197.0,210208.0,1.190235385903486,0.38578680203045684,101.49492385786802,1646.032894736842,-868.6280991735537,20021.0,19598.0,0.20021,5,3,0.6,78.8,28.589508565206224,0.3628110224010942,42,0.14981619945485009,1.9973527795814394,197.26109680162045,1.0804502988275875,True,False,False
960,55960.0,243918.0,187958.0,1.2977260877430064,0.4041666666666667,58.291666666666664,628.6546391752578,-328.5979020979021,14739.0,13523.0,0.14739,10,7,0.7,96.0,24.547912334860577,0.2557074201547977,32,0.07131879914224445,3.796729764570188,252.8491779842745,0.7232289764988122,2012-01-11 16:45:00,2021-05-27 21:15:00,MAC,5,8,30,2,2.0,0.5,1,1500,4000,4000,394,2264.0,263509.0,261245.0,1.008666194568317,0.35279187817258884,5.746192893401015,1895.7482014388488,-1024.4901960784314,34399.0,32830.0,0.34399,5,4,0.8,78.8,28.589508565206224,0.3628110224010942,42,1.762809187279152,0.06581586674031221,5986.398409893993,0.04666708204551677,False,False,False
960,55880.0,245412.0,189532.0,1.2948314796445983,0.403125,58.208333333333336,634.1395348837209,-330.7713787085515,14739.0,13523.0,0.14739,10,7,0.7,96.0,24.547912334860577,0.2557074201547977,32,0.1072118826055834,3.791301987923197,253.21116678596994,0.7221950537304079,2012-01-11 16:45:00,2021-05-27 21:15:00,MAC,5,8,30,2,2.0,0.5,1,1500,6000,0,394,30919.0,297184.0,266265.0,1.1161211574934746,0.35279187817258884,78.4746192893401,2138.0143884892086,-1044.1764705882354,29489.0,27920.0,0.29489,5,4,0.8,78.8,28.589508565206224,0.3628110224010942,42,0.1937643520165594,1.0484926582793583,375.77754778615093,0.6883392739146379,True,False,False
960,52535.0,234263.0,181728.0,1.2890858865997534,0.4041666666666667,54.723958333333336,603.770618556701,-317.7062937062937,13198.0,12478.0,0.13198,10,7,0.7,96.0,24.547912334860577,0.2557074201547977,32,0.07596840201770248,3.980527352629186,241.17407442657276,0.7175080801667907,2012-01-11 16:45:00,2021-05-27 21:15:00,MAC,5,8,30,2,2.0,0.5,1,1500,4000,2000,394,17449.0,227657.0,210208.0,1.0830082584868321,0.38578680203045684,44.286802030456855,1497.7434210526317,-868.6280991735537,22603.0,22583.0,0.22603,5,3,0.6,78.8,28.589508565206224,0.3628110224010942,42,0.22872370909507708,0.7719771711719683,510.37778669264713,0.4437053169981945,True,False,False
960,54955.0,243918.0,188963.0,1.2908241295915073,0.4041666666666667,57.244791666666664,628.6546391752578,-330.3548951048951,14739.0,13523.0,0.14739,10,7,0.7,96.0,24.547912334860577,0.2557074201547977,32,0.07262305522700391,3.728543320442364,257.4732053498317,0.7102403217207331,2012-01-11 16:45:00,2021-05-27 21:15:00,MAC,5,8,30,2,2.0,0.5,1,1500,4000,0,394,384.0,265140.0,264756.0,1.0014503920591036,0.3553299492385787,0.9746192893401016,1893.857142857143,-1042.3464566929133,33699.0,32130.0,0.33699,5,4,0.8,78.8,28.589508565206224,0.3628110224010942,42,10.393229166666666,0.011394996884180539,34576.578125,0.007997050718916234,False,False,False
538,32538.0,139484.0,106946.0,1.3042470031604736,0.3420074349442379,60.479553903345725,758.0652173913044,-302.1073446327684,16934.0,15775.0,0.16934,10,6,0.6,53.8,14.5657131648265,0.2707381629149907,22,0.18412317905218514,1.9214597850478328,279.9954514721249,0.7000549908001394,2012-01-24 01:45:00,2021-05-27 03:15:00,MAC,5,5,50,2,2.0,0.3,1,1000,6000,2000,207,727.0,103456.0,102729.0,1.0070768721587866,0.2946859903381642,3.5120772946859904,1696.0,-703.6232876712329,28804.0,26880.0,0.28804,5,2,0.4,41.4,16.29232948353304,0.3935345285877546,23,8.240715268225584,0.02523955006249132,8201.414030261349,0.031170302638544936,False,False,False
538,35813.0,146699.0,110886.0,1.3229713399347076,0.3513011152416357,66.56691449814126,776.1851851851852,-317.7249283667622,20959.0,19960.0,0.20959,10,6,0.6,53.8,14.5657131648265,0.2707381629149907,22,0.11143997989556864,1.7087170189417433,314.8561137017285,0.692590456443678,2012-01-24 01:45:00,2021-05-27 03:15:00,MAC,5,5,50,2,2.0,0.3,1,1500,4000,0,207,5062.0,140693.0,135631.0,1.0373218511992097,0.30434782608695654,24.454106280193237,2233.222222222222,-941.8819444444445,22088.0,19844.0,0.22088,5,3,0.6,41.4,16.29232948353304,0.3935345285877546,23,0.7884235480047412,0.22917421224194132,903.2429869616752,0.2478431688538482,False,False,False
538,31653.0,138599.0,106946.0,1.295971798851757,0.3420074349442379,58.83457249070632,753.2554347826087,-302.1073446327684,16934.0,15775.0,0.16934,10,6,0.6,53.8,14.5657131648265,0.2707381629149907,22,0.24566391811202729,1.869198063068383,287.82396613275205,0.6810142179542938,2012-01-24 01:45:00,2021-05-27 03:15:00,MAC,5,5,50,2,2.0,0.3,1,1000,0,2000,207,737.0,103466.0,102729.0,1.007174215654781,0.2946859903381642,3.5603864734299515,1696.1639344262296,-703.6232876712329,28804.0,26880.0,0.28804,5,2,0.4,41.4,16.29232948353304,0.3935345285877546,23,9.343283582089553,0.02558672406610193,8090.1329715061065,0.03159905508199122,False,False,False
538,33893.0,146699.0,112806.0,1.3004538765668492,0.3513011152416357,62.99814126394052,776.1851851851852,-323.22636103151865,20449.0,19450.0,0.20449,10,6,0.6,53.8,14.5657131648265,0.2707381629149907,22,0.11775292833328416,1.657440461636266,324.59687841147144,0.6635826969024885,2012-01-24 01:45:00,2021-05-27 03:15:00,MAC,5,5,50,2,2.0,0.3,1,2000,4000,0,207,5502.0,149386.0,143884.0,1.0382391370826498,0.3188405797101449,26.579710144927535,2263.4242424242425,-1020.4539007092199,25028.0,22784.0,0.25028,5,3,0.6,41.4,16.29232948353304,0.3935345285877546,23,0.7253725917848055,0.21983378615950136,941.6205016357688,0.2530699166886036,False,False,False
538,33208.0,146699.0,113491.0,1.2926046999321532,0.3513011152416357,61.72490706319702,776.1851851851852,-325.18911174785103,19969.0,18970.0,0.19969,10,6,0.6,53.8,14.5657131648265,0.2707381629149907,22,0.12018188388340159,1.6629776153037208,323.51608046253915,0.6579390158735666,2012-01-24 01:45:00,2021-05-27 03:15:00,MAC,5,5,50,2,2.0,0.3,1,3000,4000,0,207,1672.0,153377.0,151705.0,1.0110213901980818,0.32367149758454106,8.077294685990339,2289.208955223881,-1083.607142857143,28318.0,26074.0,0.28318,5,3,0.6,41.4,16.29232948353304,0.3935345285877546,23,2.386961722488038,0.05904371777667915,3505.876794258373,0.07229994944277199,False,False,False
538,31253.0,139931.0,108678.0,1.2875743020666557,0.34572490706319703,58.0910780669145,752.3172043010753,-308.7443181818182,18664.0,17665.0,0.18664,10,6,0.6,53.8,14.5657131648265,0.2707381629149907,22,0.1916935974146482,1.67450707243892,321.28858029629157,0.6404871604384402,2012-01-24 01:45:00,2021-05-27 03:15:00,MAC,5,5,50,2,2.0,0.3,1,1500,6000,2000,207,4947.0,114829.0,109882.0,1.0450210225514642,0.3333333333333333,23.89855072463768,1664.1884057971015,-796.2463768115942,26944.0,25020.0,0.26944,5,2,0.4,41.4,16.29232948353304,0.3935345285877546,23,1.2110369921164341,0.18360302850356294,1127.4323832625835,0.21930265254932949,False,False,False
538,32228.0,146699.0,114471.0,1.2815385556167065,0.3513011152416357,59.90334572490706,776.1851851851852,-327.9971346704871,19969.0,18970.0,0.19969,10,6,0.6,53.8,14.5657131648265,0.2707381629149907,22,0.12383641553928261,1.6139015473984677,333.3536676182202,0.6385226030948358,2012-01-24 01:45:00,2021-05-27 03:15:00,MAC,5,5,50,2,2.0,0.3,1,3000,4000,4000,207,3177.0,149386.0,146209.0,1.0217291685190377,0.3188405797101449,15.347826086956522,2263.4242424242425,-1036.9432624113474,28148.0,25904.0,0.28148,5,3,0.6,41.4,16.29232948353304,0.3935345285877546,23,1.2562165564998427,0.11286769930368054,1834.0056657223797,0.13779277703285536,False,False,False
960,47380.0,231415.0,184035.0,1.257451028337001,0.4010416666666667,49.354166666666664,601.077922077922,-320.0608695652174,13767.0,12046.0,0.13767,10,7,0.7,96.0,24.547912334860577,0.2557074201547977,32,0.04202195018995357,3.4415631582770394,278.94301392992827,0.6335888440855393,2012-01-11 16:45:00,2021-05-27 21:15:00,MAC,5,8,30,2,2.0,0.5,1,1000,2000,2000,394,21929.0,211479.0,189550.0,1.115689791611712,0.36548223350253806,55.65736040609137,1468.6041666666667,-758.2,19810.0,19540.0,0.1981,5,3,0.6,78.8,28.589508565206224,0.3628110224010942,42,0.09079301381731954,1.1069661786976275,355.92776688403484,0.5956398185134976,True,False,False
538,30368.0,139046.0,108678.0,1.2794309795910856,0.34572490706319703,56.446096654275095,747.5591397849462,-308.7443181818182,18664.0,17665.0,0.18664,10,6,0.6,53.8,14.5657131648265,0.2707381629149907,22,0.256059009483667,1.627089584226318,330.6517386722866,0.6223503051929272,2012-01-24 01:45:00,2021-05-27 03:15:00,MAC,5,5,50,2,2.0,0.3,1,1500,0,2000,207,4957.0,114839.0,109882.0,1.04511202926776,0.3333333333333333,23.946859903381643,1664.3333333333333,-796.2463768115942,26944.0,25020.0,0.26944,5,2,0.4,41.4,16.29232948353304,0.3935345285877546,23,1.3891466612870689,0.18397416864608077,1125.1579584426063,0.21974595688033685,False,False,False
538,28093.0,135039.0,106946.0,1.262683971350027,0.3420074349442379,52.21747211895911,733.9076086956521,-302.1073446327684,16934.0,15775.0,0.16934,10,6,0.6,53.8,14.5657131648265,0.2707381629149907,22,0.14206385932438687,1.6589701192866422,324.2975830278005,0.6044208266195931,2012-01-24 01:45:00,2021-05-27 03:15:00,MAC,5,5,50,2,2.0,0.3,1,1000,4000,2000,207,207.0,102936.0,102729.0,1.0020150103670824,0.2946859903381642,1.0,1687.4754098360656,-703.6232876712329,23069.0,21145.0,0.23069,5,3,0.6,41.4,16.29232948353304,0.3935345285877546,23,19.280193236714975,0.00897308075772682,23069.0,0.009917197680387567,False,False,False
960,42680.0,226778.0,184098.0,1.2318330454431878,0.39895833333333336,44.458333333333336,592.1096605744125,-319.06065857885613,12723.0,12003.0,0.12723,10,7,0.7,96.0,24.547912334860577,0.2557074201547977,32,0.09350984067478912,3.354554743378134,286.1780693533271,0.5936927818650369,2012-01-11 16:45:00,2021-05-27 21:15:00,MAC,5,8,30,2,2.0,0.5,1,1000,4000,2000,394,25899.0,215463.0,189564.0,1.1366240425397227,0.3629441624365482,65.73350253807106,1506.7342657342658,-755.2350597609561,21358.0,21338.0,0.21358,5,2,0.4,78.8,28.589508565206224,0.3628110224010942,42,0.15409861384609444,1.2126135405936886,324.9180277230781,0.6775008390325458,True,False,False
960,43930.0,233166.0,189236.0,1.232143989515737,0.396875,45.760416666666664,611.9842519685039,-326.832469775475,13487.0,12118.0,0.13487,10,7,0.7,96.0,24.547912334860577,0.2557074201547977,32,0.09084907807876166,3.257210647289983,294.7307079444571,0.59352039368539,2012-01-11 16:45:00,2021-05-27 21:15:00,MAC,5,8,30,2,2.0,0.5,1,1000,4000,4000,394,12989.0,234901.0,221912.0,1.0585322109665092,0.3197969543147208,32.96700507614213,1864.2936507936508,-828.0298507462686,21038.0,20923.0,0.21038,5,2,0.4,78.8,28.589508565206224,0.3628110224010942,42,0.3072599892216491,0.6174065975853218,638.1532065593965,0.3423581132194874,True,False,False
960,42480.0,231716.0,189236.0,1.2244815996956182,0.396875,44.25,608.1784776902887,-326.832469775475,12838.0,12118.0,0.12838,10,7,0.7,96.0,24.547912334860577,0.2557074201547977,32,0.14103107344632768,3.3089266240847484,290.1242937853107,0.5882581381115992,2012-01-11 16:45:00,2021-05-27 21:15:00,MAC,5,8,30,2,2.0,0.5,1,1000,6000,4000,394,33849.0,255761.0,221912.0,1.1525334366776019,0.3197969543147208,85.91116751269035,2029.8492063492063,-828.0298507462686,22701.0,21557.0,0.22701,5,2,0.4,78.8,28.589508565206224,0.3628110224010942,42,0.1769919347691217,1.4910796881194661,264.2380572542763,0.858876027999804,True,False,False
960,43425.0,233166.0,189741.0,1.228864610179139,0.396875,45.234375,611.9842519685039,-327.7046632124352,13487.0,12118.0,0.13487,10,7,0.7,96.0,24.547912334860577,0.2557074201547977,32,0.0919055843408175,3.219767183213465,298.1582037996546,0.5866975437238348,2012-01-11 16:45:00,2021-05-27 21:15:00,MAC,5,8,30,2,2.0,0.5,1,1000,4000,0,394,13874.0,236532.0,222658.0,1.0623108085045225,0.3223350253807107,35.213197969543145,1862.4566929133857,-833.9250936329588,21593.0,21573.0,0.21593,5,2,0.4,78.8,28.589508565206224,0.3628110224010942,42,0.28766037191869687,0.6425230398740333,613.2075825284705,0.36095439205270774,True,False,False
960,42350.0,232660.0,190310.0,1.222531658872366,0.3958333333333333,44.114583333333336,612.2631578947369,-328.12068965517244,12838.0,12118.0,0.12838,10,7,0.7,96.0,24.547912334860577,0.2557074201547977,32,0.14146399055489964,3.2988004362050165,291.0148760330578,0.5864579131126703,2012-01-11 16:45:00,2021-05-27 21:15:00,MAC,5,8,30,2,2.0,0.5,1,1000,6000,0,394,34909.0,258576.0,223667.0,1.1560757733595033,0.3197969543147208,88.6015228426396,2052.190476190476,-834.5783582089553,21166.0,20305.0,0.21166,5,2,0.4,78.8,28.589508565206224,0.3628110224010942,42,0.17161763442092298,1.6492960408201833,238.8897991921854,0.9173290462127125,True,False,False
538,28923.0,139931.0,111008.0,1.2605487892764486,0.34572490706319703,53.760223048327134,752.3172043010753,-315.3636363636364,19174.0,18175.0,0.19174,10,6,0.6,53.8,14.5657131648265,0.2707381629149907,22,0.20713618919199253,1.5084489412746427,356.6577464301767,0.5848009306246904,2012-01-24 01:45:00,2021-05-27 03:15:00,MAC,5,5,50,2,2.0,0.3,1,2000,6000,2000,207,5517.0,118225.0,112708.0,1.0489494978173688,0.33816425120772947,26.652173913043477,1688.9285714285713,-822.6861313868613,22784.0,20860.0,0.22784,5,2,0.4,41.4,16.29232948353304,0.3935345285877546,23,1.085916258836324,0.2421436095505618,854.8646003262643,0.26596286781015005,False,False,False
960,44890.0,231415.0,186525.0,1.240664790242595,0.4010416666666667,46.760416666666664,601.077922077922,-324.39130434782606,14642.0,12921.0,0.14642,10,7,0.7,96.0,24.547912334860577,0.2557074201547977,32,0.04435286255290711,3.0658380002731866,313.1280908888394,0.5820784565113384,2012-01-11 16:45:00,2021-05-27 21:15:00,MAC,5,8,30,2,2.0,0.5,1,1000,2000,0,394,14319.0,216105.0,201786.0,1.0709613154530047,0.38071065989847713,36.34263959390863,1440.7,-826.9918032786885,24235.0,23965.0,0.24235,5,3,0.6,78.8,28.589508565206224,0.3628110224010942,42,0.139046022766953,0.5908396946564886,666.8475452196383,0.3516400311872744,True,False,False
538,28038.0,139046.0,111008.0,1.2525763908907466,0.34572490706319703,52.11524163568773,747.5591397849462,-315.3636363636364,19174.0,18175.0,0.19174,10,6,0.6,53.8,14.5657131648265,0.2707381629149907,22,0.27733789856623153,1.4622926880150204,367.91540052785507,0.5669069077500629,2012-01-24 01:45:00,2021-05-27 03:15:00,MAC,5,5,50,2,2.0,0.3,1,2000,0,2000,207,5527.0,118235.0,112708.0,1.0490382226638748,0.33816425120772947,26.70048309178744,1689.0714285714287,-822.6861313868613,22784.0,20860.0,0.22784,5,2,0.4,41.4,16.29232948353304,0.3935345285877546,23,1.2458838429527772,0.24258251404494383,853.3178939750317,0.266444946599003,True,False,False
538,27778.0,139931.0,112153.0,1.2476795092418393,0.34572490706319703,51.63197026022305,752.3172043010753,-318.61647727272725,19174.0,18175.0,0.19174,10,6,0.6,53.8,14.5657131648265,0.2707381629149907,22,0.21567427460580316,1.4487326588088036,371.359061127511,0.561649906679551,2012-01-24 01:45:00,2021-05-27 03:15:00,MAC,5,5,50,2,2.0,0.3,1,3000,6000,2000,207,2287.0,118225.0,115938.0,1.0197260604806018,0.33816425120772947,11.048309178743962,1688.9285714285713,-846.2627737226277,23034.0,21110.0,0.23034,5,2,0.4,41.4,16.29232948353304,0.3935345285877546,23,2.619588981198076,0.09928800903012937,2084.843900306078,0.10965147866397527,False,False,False
538,26808.0,135486.0,108678.0,1.246673659802352,0.34572490706319703,49.82899628252788,728.4193548387096,-308.7443181818182,18664.0,17665.0,0.18664,10,6,0.6,53.8,14.5657131648265,0.2707381629149907,22,0.14887347060578932,1.4363480497213887,374.56102655923604,0.5493930117759481,2012-01-24 01:45:00,2021-05-27 03:15:00,MAC,5,5,50,2,2.0,0.3,1,1500,4000,2000,207,7107.0,116989.0,109882.0,1.0646784732713275,0.3333333333333333,34.333333333333336,1695.4927536231885,-796.2463768115942,21209.0,19285.0,0.21209,5,2,0.4,41.4,16.29232948353304,0.3935345285877546,23,0.5615590263120867,0.3350935923428733,617.7378640776699,0.3551069961114691,True,False,False
538,26893.0,139046.0,112153.0,1.2397885032054425,0.34572490706319703,49.986988847583646,747.5591397849462,-318.61647727272725,19174.0,18175.0,0.19174,10,6,0.6,53.8,14.5657131648265,0.2707381629149907,22,0.2891458743911055,1.4025764055491812,383.5798163090767,0.5437558838049235,2012-01-24 01:45:00,2021-05-27 03:15:00,MAC,5,5,50,2,2.0,0.3,1,3000,0,2000,207,2297.0,118235.0,115938.0,1.0198123134778934,0.33816425120772947,11.096618357487923,1689.0714285714287,-846.2627737226277,23034.0,21110.0,0.23034,5,1,0.2,41.4,16.29232948353304,0.3935345285877546,23,2.99782324771441,0.09972214986541635,2075.7675228558987,0.11013093418939714,False,False,False
538,26993.0,140138.0,113145.0,1.2385699765787264,0.34014869888475835,50.1728624535316,765.7814207650273,-318.71830985915494,19779.0,18620.0,0.19779,10,6,0.6,53.8,14.5657131648265,0.2707381629149907,22,0.14785314711221428,1.3647302694777288,394.2170933204905,0.5373658564714617,2012-01-24 01:45:00,2021-05-27 03:15:00,MAC,5,5,50,2,2.0,0.3,1,1000,4000,0,207,5577.0,123319.0,117742.0,1.0473662754157396,0.2608695652173913,26.942028985507246,2283.685185185185,-769.5555555555555,20399.0,18225.0,0.20399,5,3,0.6,41.4,16.29232948353304,0.3935345285877546,23,0.7156177156177156,0.2733957546938575,757.1441635287789,0.2841379316406106,True,False,False
538,24478.0,135486.0,111008.0,1.2205066301527818,0.34572490706319703,45.49814126394052,728.4193548387096,-315.3636363636364,19174.0,18175.0,0.19174,10,6,0.6,53.8,14.5657131648265,0.2707381629149907,22,0.16304436636980146,1.2766245958068216,421.42380913473323,0.49492643155382127,2012-01-24 01:45:00,2021-05-27 03:15:00,MAC,5,5,50,2,2.0,0.3,1,2000,4000,2000,207,8272.0,120980.0,112708.0,1.073393193029776,0.33816425120772947,39.96135265700483,1728.2857142857142,-822.6861313868613,19124.0,16909.0,0.19124,5,3,0.6,41.4,16.29232948353304,0.3935345285877546,23,0.48247098646034814,0.43254549257477515,478.56237911025147,0.435265421789666,True,False,False
