n_trades,net_profit,gross_profit,gross_loss,profit_factor,win_rate,avg_trade,avg_win,avg_loss,max_dd,max_dd_closed,max_dd_pct,n_years,profitable_years,profitable_years_ratio,yearly_trades_mean,yearly_trades_std,yearly_trades_cv,min_yearly_trades,top_trade_pct,np_dd,recovery_trades,unger_score,first_trade,last_trade,engine,phase,p_vol_source,p_vol_mult,p_vol_mult_short,p_atr_len,p_momentum,p_direction,p_ptn_neut_yes,p_ptn_neut_no,p_ptn_dir_yes,p_ptn_dir_no,p_start_hour,p_end_hour,p_skip_day,p_stop_loss,p_take_profit,p_max_bars,p_trailing_stop,p_breakeven,oos_n_trades,oos_net_profit,oos_gross_profit,oos_gross_loss,oos_profit_factor,oos_win_rate,oos_avg_trade,oos_avg_win,oos_avg_loss,oos_max_dd,oos_max_dd_closed,oos_max_dd_pct,oos_n_years,oos_profitable_years,oos_profitable_years_ratio,oos_yearly_trades_mean,oos_yearly_trades_std,oos_yearly_trades_cv,oos_min_yearly_trades,oos_top_trade_pct,oos_np_dd,oos_recovery_trades,oos_unger_score,passes_oos_gate,passes_oos_hard,overall_pass
402,121799.40204600524,216093.08009026456,94293.67804425929,2.2917027373652283,0.5696517412935324,302.98358717911754,943.6379043242994,-545.050162105545,10787.889198041521,8231.471454956933,0.10787889198041521,10,10,1.0,40.2,6.749814812274482,0.16790584110135526,24,0.08202831731658475,11.290383114809634,35.605523383231805,4.393940980770373,2012-01-18 02:15:00,2021-05-27 23:00:00,VBO,7,3,0.3,9.5,200,0,0,53,11,9,38,2,4,-1,2250,10000,0,0,1000,163,-11477.067003599943,117329.65494435451,128806.72194795444,0.9108969871289998,0.2392638036809816,-70.4114540098156,3008.452690880885,-1038.763886677052,37990.805933013486,35931.88820819465,0.37990805933013483,5,2,0.4,32.6,8.685620300243386,0.26643007055961304,17,0.0,0.0,0.0,0.0,False,False,False
402,142191.33399896408,260262.1472705632,118070.8132715991,2.204288596470327,0.6218905472636815,353.70978606707484,1041.0485890822529,-776.7816662605204,15787.889198041521,11813.0,0.15787889198041521,10,10,1.0,40.2,6.749814812274482,0.16790584110135526,24,0.07026447898767718,9.006354948108125,44.635149548979754,4.240220050778704,2012-01-18 02:15:00,2021-05-27 23:00:00,VBO,7,3,0.3,9.5,200,0,0,53,11,9,38,2,4,-1,2250,10000,0,0,0,163,-22255.2815223093,190058.65141342813,212313.93293573745,0.8951774798074816,0.3803680981595092,-136.53546946202025,3065.4621195714217,-2102.118147878589,41333.743509803375,39841.07993309022,0.4133374350980337,5,2,0.4,32.6,8.685620300243386,0.26643007055961304,17,0.0,0.0,0.0,0.0,False,False,False
473,142493.0601824846,286431.16514768836,143938.1049652038,1.9899606516073798,0.6067653276955602,301.2538270242803,998.017997030273,-773.8607793828161,11528.180848656186,9313.606251886304,0.11528180848656186,10,10,1.0,47.3,7.642643521714199,0.16157808713983507,26,0.07011569536933915,12.360411590792722,38.267334103367396,4.226253437166685,2012-01-10 01:45:00,2021-05-27 23:00:00,VBO,7,3,0.3,4.0,5,0,1,53,11,-9,-10,1,5,4,2000,10000,0,0,0,208,9216.34609376543,236529.10876627735,227312.76267251192,1.040544780615963,0.40865384615384615,44.30935622002611,2782.6953972503215,-1848.0712412399344,45682.53980231647,37583.22869386404,0.4568253980231647,5,3,0.6,41.6,13.734627770711517,0.3301593214113345,21,1.0840521719077583,0.20174767282308784,1030.9908267561273,0.312265262281233,False,False,False
402,106239.29444395352,206438.2919846493,100198.99754069577,2.0602830073305323,0.6019900497512438,264.27685185063063,853.050793324997,-626.2437346293485,9253.761134086533,7384.107428566764,0.09253761134086533,10,10,1.0,40.2,6.749814812274482,0.16790584110135526,24,0.053708941026619834,11.48066098795414,35.01540550860187,4.138122443459602,2012-01-18 02:15:00,2021-05-27 23:00:00,VBO,7,3,0.3,9.5,200,0,0,53,11,9,38,2,4,-1,2250,10000,0,2000,0,163,-6578.513834150064,117176.26640588183,123754.78024003189,0.9468423456339179,0.3987730061349693,-40.35898057760775,1802.7117908597206,-1262.8038800003253,29628.022449634533,28964.022449634533,0.29628022449634533,5,3,0.6,32.6,8.685620300243386,0.26643007055961304,17,0.0,0.0,0.0,0.0,False,False,False
559,156806.23753532788,267609.9283419853,110803.69080665738,2.4151716102033176,0.5313059033989267,280.51205283600694,901.0435297709942,-422.91485040708926,10946.945663587874,5579.410935760265,0.10946945663587875,10,10,1.0,55.9,10.261091559868278,0.18356156636615883,27,0.06371557762648991,14.32419985940941,39.024867391304866,4.038391321209807,2012-01-10 04:00:00,2021-05-27 23:00:00,VBO,7,3,0.3,4.0,14,0,0,53,11,9,46,-1,18,4,2500,10000,0,0,1000,262,-1259.8342144967755,176256.34213088674,177516.17634538352,0.9929029892349327,0.22900763358778625,-4.808527536247235,2937.605702181446,-878.7929522048689,36578.644454437366,32806.71376587405,0.36578644454437365,5,3,0.6,52.4,14.71869559437928,0.2808911372973145,31,0.0,0.0,0.0,0.0,False,False,False
518,149079.2242054171,314324.32587900886,165245.10167359177,1.902170307594914,0.6042471042471043,287.79773012628783,1004.231073095875,-806.0736667004477,11802.0,10521.468346221816,0.11802,10,10,1.0,51.8,8.874683092933516,0.17132592843500996,28,0.06701805736682226,12.631691595103973,41.00796762650349,3.9903676762246536,2012-01-10 01:45:00,2021-05-27 23:00:00,VBO,8,3,0.3,4.0,5,0,1,53,11,-9,53,1,5,4,2000,10000,0,0,0,227,-863.103516632953,254575.65915587897,255438.76267251192,0.996621094200415,0.3964757709251101,-3.8022181349469295,2828.618435065322,-1864.5165158577513,44307.05314523713,39394.67830426242,0.4430705314523713,5,3,0.6,45.4,14.122322755127783,0.31106437786625074,24,0.0,0.0,0.0,0.0,False,False,False
530,154391.4449331703,314645.36563756055,160253.92070439027,1.9634175828868854,0.5943396226415094,291.3046130814534,998.8741766271763,-745.3670730436756,12274.0,10168.0,0.12274,10,9,0.9,53.0,9.23038460737146,0.17415820013908417,27,0.06471213482278562,12.578739199378386,42.13458849883711,3.9605696701101505,2012-01-10 01:45:00,2021-05-27 23:00:00,VBO,8,3,0.3,4.0,5,0,1,53,11,52,-10,1,5,4,2000,10000,0,0,0,222,-766.7640857627412,246762.7163547104,247529.48044047315,0.9969023322620064,0.3963963963963964,-3.453892278210546,2804.121776758073,-1847.2349286602475,53718.53980231647,45619.22869386404,0.5371853980231647,5,3,0.6,44.4,13.305637902783918,0.29967652934198014,24,0.0,0.0,0.0,0.0,False,False,False
564,124656.9780972175,212999.61434224437,88342.63624502686,2.4110624653702803,0.450354609929078,221.02301081066935,838.5811588277337,-284.9762459516996,7816.3266366348835,5820.375783522279,0.07816326636634884,10,10,1.0,56.4,10.248902380255165,0.18171812730948875,28,0.058199638695453616,15.948281576790057,35.364311652285075,3.7656460421038678,2012-01-10 04:00:00,2021-05-27 23:00:00,VBO,7,3,0.3,4.0,14,0,0,53,11,9,46,-1,18,4,2500,10000,0,0,500,269,-7211.905857851649,95427.42350479923,102639.32936265088,0.9297354542100509,0.10408921933085502,-26.81005895112137,3408.1222680285437,-425.88933345498293,26356.851420789135,20433.259826429072,0.26356851420789135,5,3,0.6,53.8,14.756693396557376,0.2742879813486501,32,0.0,0.0,0.0,0.0,False,False,False
458,151485.2192817953,297564.26185333065,146079.0425715354,2.037008571627326,0.611353711790393,330.7537538903827,1062.7295066190381,-820.6687784917718,18046.88919804152,14072.0,0.1804688919804152,10,10,1.0,45.8,8.304215796810679,0.18131475538887945,25,0.06595362932019512,8.393979572847087,54.562915721351295,3.7085740971921974,2012-01-18 02:15:00,2021-05-27 23:00:00,VBO,8,3,0.3,9.5,200,0,0,53,11,52,38,2,4,-1,2250,10000,0,0,0,194,-8251.493631964346,238865.4393037731,247116.93293573745,0.9666089509369633,0.3917525773195876,-42.53347232971312,3142.9663066285934,-2094.211296065572,49315.16220827139,46632.80536338466,0.49315162208271385,5,2,0.4,38.8,10.186265262597475,0.26253260986075966,22,0.0,0.0,0.0,0.0,False,False,False
473,116450.11143943496,230479.64346684987,114029.53202741491,2.0212276536523723,0.5496828752642706,246.19473877258977,886.4601671801918,-535.3499156216662,10833.000865076552,8658.701627111477,0.10833000865076552,10,10,1.0,47.3,7.642643521714199,0.16157808713983507,26,0.07042500774475681,10.749570953589327,44.00175616702761,3.562933638758145,2012-01-10 01:45:00,2021-05-27 23:00:00,VBO,7,3,0.3,4.0,5,0,1,53,11,-9,-10,1,5,4,2000,10000,0,0,1000,208,-13743.918105574186,126369.97379011677,140113.89189569096,0.9019089547822569,0.1875,-66.07652935372205,3240.2557382081222,-829.0762834064554,33097.240698508205,32561.240698508205,0.33097240698508207,5,2,0.4,41.6,13.734627770711517,0.3301593214113345,21,0.0,0.0,0.0,0.0,False,False,False
402,93932.19644025009,185584.1896544826,91651.9932142325,2.0248789267538103,0.5746268656716418,233.66218019962707,803.3947604090155,-535.9765685042836,10831.125160476702,8961.471454956933,0.10831125160476703,10,10,1.0,40.2,6.749814812274482,0.16790584110135526,24,0.06074594458812176,8.672432000233291,46.353779423025294,3.381855071242469,2012-01-18 02:15:00,2021-05-27 23:00:00,VBO,7,3,0.3,9.5,200,0,0,53,11,9,38,2,4,-1,2250,10000,0,2000,1000,163,3644.321973461163,112711.94922696547,109067.62725350431,1.0334134157424248,0.3803680981595092,22.357803518166644,1817.934664951056,-1079.8774975594486,24752.94408335068,24088.94408335068,0.2475294408335068,5,3,0.6,32.6,8.685620300243386,0.26643007055961304,17,1.8061875196692556,0.147227819090514,1107.127722239704,0.21405188638293943,False,False,False
402,81607.68238301948,148603.21059347354,66995.52821045405,2.2181064104258432,0.4502487562189055,203.00418503238677,821.0122132236107,-303.1471864726428,8404.592549252673,4780.669471625966,0.08404592549252674,10,10,1.0,40.2,6.749814812274482,0.16790584110135526,24,0.0699198878509908,9.709891574729097,41.401080218675425,3.335416047520409,2012-01-18 02:15:00,2021-05-27 23:00:00,VBO,7,3,0.3,9.5,200,0,0,53,11,9,38,2,4,-1,2250,10000,0,0,500,163,-1021.598815752106,74960.4011842479,75982.0,0.9865547259120304,0.12269938650306748,-6.2674773972521844,3748.0200592123947,-531.3426573426574,25981.24794967106,22090.0,0.2598124794967106,5,3,0.6,32.6,8.685620300243386,0.26643007055961304,17,0.0,0.0,0.0,0.0,False,False,False
544,156845.53984384207,339842.70216314617,182997.16231930413,1.8570927431659776,0.6047794117647058,288.3190070658861,1032.9565415293196,-851.1495921828099,17482.0,15813.0,0.17482,10,10,1.0,54.4,9.840731680114036,0.18089580294327273,27,0.06369961179608422,8.971830445248946,60.634226573917985,3.2845892742105423,2012-01-18 02:15:00,2021-05-27 23:00:00,VBO,8,3,0.3,9.5,200,0,0,53,56,9,38,2,4,-1,2250,10000,0,0,0,211,-17152.172787830044,263110.7601479074,280262.9329357375,0.9387997099432234,0.3744075829383886,-81.28991842573481,3330.5159512393343,-2123.204037391951,52120.99226286962,48919.32868615647,0.5212099226286963,5,2,0.4,42.2,10.225458424931373,0.24230944134908466,25,0.0,0.0,0.0,0.0,False,False,False
402,76672.62986818764,146890.46362709385,70217.8337589062,2.091925309622112,0.4601990049751244,190.72793499549164,794.0025060923992,-323.58448736823135,8206.125160476702,6090.471454956933,0.08206125160476702,10,10,1.0,40.2,6.749814812274482,0.16790584110135526,24,0.0744202984795163,9.343341512443327,43.025292339429335,3.1713822642035865,2012-01-18 02:15:00,2021-05-27 23:00:00,VBO,7,3,0.3,9.5,200,0,0,53,11,9,38,2,4,-1,2250,10000,0,2000,500,163,-1819.2757590014953,71051.23021390241,72870.5059729039,0.9750341275292095,0.25766871165644173,-11.161200975469296,1691.6959574738669,-602.2355865529248,19982.12209164312,18768.12209164312,0.1998212209164312,5,2,0.4,32.6,8.685620300243386,0.26643007055961304,17,0.0,0.0,0.0,0.0,False,False,False
673,164106.9914090616,401265.6135696832,237158.6221606216,1.6919714320903587,0.5854383358098069,243.843969404252,1018.4406435778762,-850.0309038015112,13628.65363349425,12023.0,0.1362865363349425,10,10,1.0,67.3,11.463420083029323,0.17033313644917272,35,0.06088101374728098,12.041320868684092,55.890878362877416,3.146218619437882,2012-01-10 01:45:00,2021-05-27 23:00:00,VBO,8,3,0.3,4.0,5,0,1,53,56,-9,-10,1,5,4,2000,10000,0,0,0,269,359.55295188827586,306093.7511433042,305734.198191416,1.0011760311866162,0.38661710037174724,1.336628073934111,2943.2091456086946,-1852.9345344934302,38724.29855124543,37732.77027289258,0.38724298551245434,5,3,0.6,53.8,15.509996776273038,0.2882899029047033,27,27.787284035716972,0.00928494421693565,28971.633400806713,0.010231095851005548,False,False,False
556,152884.93154438995,311779.9210219544,158894.9894775644,1.9621759128281195,0.579136690647482,274.972898461133,968.2606242917839,-679.0384165707881,17848.117945005113,11795.176361191829,0.17848117945005113,10,10,1.0,55.6,10.403845442911962,0.1871195223545317,26,0.06534980196592576,8.565885322781362,64.9086438877827,3.100252258896335,2012-01-10 04:00:00,2021-05-27 23:00:00,VBO,7,3,0.3,4.0,14,0,0,53,11,9,46,-1,18,4,2500,10000,0,0,0,259,39168.79953096692,348179.7696712781,309010.97014031117,1.1267553689539944,0.44787644787644787,151.2308862199495,3001.5497385455005,-2160.9158751070713,36260.73784505194,34353.88514825509,0.3626073784505194,5,3,0.6,51.8,14.119490075778232,0.27257702848992726,31,0.2550754712842577,1.0801986351833657,239.77071583323587,1.1962598680013319,True,False,False
473,101704.07906505384,232565.735160683,130861.65609562918,1.7771877729465075,0.5856236786469344,215.0191946407058,839.5874915548122,-667.6615106919857,11848.530069464992,9674.230831499917,0.11848530069464992,10,10,1.0,47.3,7.642643521714199,0.16157808713983507,26,0.06062687019717262,8.583687467456981,55.104522595127975,2.975420480363457,2012-01-10 01:45:00,2021-05-27 23:00:00,VBO,7,3,0.3,4.0,5,0,1,53,11,-9,-10,1,5,4,2000,10000,0,2000,0,208,13526.127941239363,159665.66121712647,146139.53327588708,1.0925562552311174,0.3798076923076923,65.02946125595848,2021.0843192041325,-1132.8645990378843,19660.676233237857,17422.83767138305,0.19660676233237856,5,4,0.8,41.6,13.734627770711517,0.3301593214113345,21,0.5760214188749154,0.687978774523148,302.33490872471896,0.698577003591374,False,False,False
473,92353.3849869547,178646.37115820416,86292.98617124947,2.0702304913133758,0.4630021141649049,195.25028538468223,815.736854603672,-339.7361660285412,10144.844135232444,7638.544897267369,0.10144844135232445,10,10,1.0,47.3,7.642643521714199,0.16157808713983507,26,0.08880021020516385,9.103479930876103,51.958152661570075,2.919929343605433,2012-01-10 01:45:00,2021-05-27 23:00:00,VBO,7,3,0.3,4.0,5,0,1,53,11,-9,-10,1,5,4,2000,10000,0,0,500,208,-33386.51748909676,54479.06961338959,87865.58710248634,0.62002737829368,0.08653846153846154,-160.5121033129652,3026.614978521644,-462.4504584341387,41035.409487002646,38606.7628563582,0.41035409487002644,5,1,0.2,41.6,13.734627770711517,0.3301593214113345,21,0.0,0.0,0.0,0.0,False,False,False
702,152538.90189931492,277632.01248974033,125093.11059042541,2.219402900602187,0.43304843304843305,217.29188304745716,913.263198979409,-314.304297965893,12888.004291025529,6809.3266366348835,0.1288800429102553,10,10,1.0,70.2,12.480384609458156,0.17778325654498797,36,0.06583358898063256,11.835727119173471,59.311945344091626,2.883062267105537,2012-01-10 04:00:00,2021-05-27 23:00:00,VBO,8,3,0.3,4.0,14,0,0,53,11,9,53,-1,18,4,2500,10000,0,0,500,357,16291.73797020266,160776.45978875196,144484.72181854933,1.1127575134944896,0.12324929971988796,45.63512036471333,3654.0104497443626,-461.6125297717231,36065.451141530255,31274.963129167605,0.3606545114153025,5,3,0.6,71.4,17.715529910222838,0.24811666540928343,46,0.6132556279921385,0.45172699784815173,790.3003400297224,0.3619569086870163,False,False,False
553,158475.168562866,332999.4528615024,174524.28429863643,1.9080407875599246,0.596745027124774,286.5735417050018,1009.0892510954619,-782.6201089624952,23023.0,20849.0,0.23023,10,10,1.0,55.3,9.859513172565874,0.17829137744242088,30,0.06304457720792163,6.883341378745863,80.33888914874015,2.844844213602555,2012-01-17 02:15:00,2021-05-27 23:00:00,VBO,8,3,0.3,9.5,200,0,0,53,11,9,53,2,4,-1,2250,10000,0,0,0,222,-6008.792902348148,263071.12594384165,269079.9188461898,0.9776691143355708,0.4009009009009009,-27.06663469526193,2955.855347683614,-2023.157284557818,40576.19350719609,39083.52993048294,0.4057619350719609,5,3,0.6,44.4,12.043255373859678,0.271244490402245,24,0.0,0.0,0.0,0.0,False,False,False
560,115671.81341139582,249706.75934215524,134034.94593075942,1.862997426590154,0.5714285714285714,206.55680966320682,780.3336229442351,-558.4789413781642,12232.874885214464,9750.814923287398,0.12232874885214463,10,10,1.0,56.0,9.979979959899719,0.17821392785535212,28,0.06272047504193777,9.455815946520072,59.222810931095914,2.8130574706466995,2012-01-10 04:00:00,2021-05-27 23:00:00,VBO,7,3,0.3,4.0,14,0,0,53,11,9,46,-1,18,4,2500,10000,0,2000,0,268,26073.914982821414,213107.5636257871,187033.6486429657,1.1394076155387134,0.3880597014925373,97.2907275478411,2049.111188709491,-1140.4490770912544,26971.844979885485,22706.546751597627,0.26971844979885484,5,3,0.6,53.6,15.370100845472681,0.2867556127886694,31,0.28114252034632925,0.9667086179038286,277.22934815779365,0.8923176395451209,False,False,False
473,95552.40647464803,213809.31356286546,118256.90708821746,1.808006980965329,0.5560253699788583,202.01354434386477,812.9631694405531,-563.1281289915117,12725.936104208806,10201.63686624373,0.12725936104208807,10,10,1.0,47.3,7.642643521714199,0.16157808713983507,26,0.06453003359612888,7.508477623351126,62.995459762573574,2.697360378905834,2012-01-10 01:45:00,2021-05-27 23:00:00,VBO,7,3,0.3,4.0,5,0,1,53,11,-9,-10,1,5,4,2000,10000,0,2000,1000,208,19832.773442472797,143278.96157896396,123446.18813649117,1.1606592616739548,0.32211538461538464,95.34987231958075,2138.4919638651336,-875.5048804006466,17283.2233109276,14959.223310927599,0.17283223310927598,5,3,0.6,41.6,13.734627770711517,0.3301593214113345,21,0.392851732572653,1.1475158936315544,181.2611059719098,1.0924739746246608,False,False,False
560,113038.69406220698,232486.32246452896,119447.628402322,1.9463452357670212,0.5392857142857143,201.8548108253696,769.8222598163211,-462.97530388496904,12843.63845581119,10361.578493884124,0.1284363845581119,10,10,1.0,56.0,9.979979959899719,0.17821392785535212,28,0.06418148357351508,8.801142639690381,63.6281018187998,2.6828625500092462,2012-01-10 04:00:00,2021-05-27 23:00:00,VBO,7,3,0.3,4.0,14,0,0,53,11,9,46,-1,18,4,2500,10000,0,2000,1000,269,35610.16593583203,193698.78982871666,158088.62389288459,1.2252544494280644,0.3382899628252788,132.37979901796294,2128.5581299858973,-888.1383364768797,26916.423314440508,23863.42233250128,0.2691642331444051,5,3,0.6,53.8,15.57433786714543,0.289485833961811,31,0.2058537493696476,1.3229902621098764,203.32727133683102,1.2153920664929125,True,False,False
564,96569.8429764587,192965.5734776964,96395.7305012377,2.001806226005194,0.46099290780141844,171.22312584478493,742.1752826065245,-317.0912187540714,10114.062245445653,8016.650665545887,0.10114062245445653,10,10,1.0,56.4,10.248902380255165,0.18171812730948875,28,0.07512688084098591,9.548076789812516,59.06948722927841,2.5645015439822125,2012-01-10 04:00:00,2021-05-27 23:00:00,VBO,7,3,0.3,4.0,14,0,0,53,11,9,46,-1,18,4,2500,10000,0,2000,500,273,3784.293911862558,111634.56395331572,107850.27004145316,1.0350884046039759,0.1978021978021978,13.861882461035012,2067.3067398762173,-492.4669864906537,23960.701528083562,19266.468418869532,0.2396070152808356,5,3,0.6,54.6,15.49967741599805,0.28387687575088005,32,2.640122631247375,0.1579375256365975,1728.531575378436,0.1348887723348036,False,False,False
473,83761.56349343807,172922.79399015094,89161.23049671287,1.9394392947114623,0.47357293868921774,177.0857579142454,771.9767588846024,-358.0772309104935,11439.766173433156,8933.466935468081,0.11439766173433157,10,10,1.0,47.3,7.642643521714199,0.16157808713983507,26,0.07361371663606839,7.3219646471410895,64.60014801965563,2.493896440684469,2012-01-10 01:45:00,2021-05-27 23:00:00,VBO,7,3,0.3,4.0,5,0,1,53,11,-9,-10,1,5,4,2000,10000,0,2000,500,208,-12575.7479263567,69358.6223173334,81934.3702436901,0.8465143762141117,0.18269230769230768,-60.4603265690226,1825.226903087721,-481.9668837864123,24689.831882097416,22499.460250276876,0.24689831882097416,5,3,0.6,41.6,13.734627770711517,0.3301593214113345,21,0.0,0.0,0.0,0.0,False,False,False
664,136493.17031869155,256082.15423012944,119588.98391143786,2.141352370882022,0.43373493975903615,205.56200349200535,889.1741466323939,-318.0558082751007,15506.81725879699,12947.81725879699,0.1550681725879699,10,9,0.9,66.4,12.963024338479043,0.1952262701578169,32,0.07319780159455948,8.802139603551414,75.43620413974062,2.4864793800024545,2012-01-10 04:00:00,2021-05-27 23:00:00,VBO,8,3,0.3,4.0,14,0,0,53,11,52,46,-1,18,4,2500,10000,0,0,500,346,-12226.024496756057,119991.9298296663,132217.95432642236,0.907531283787887,0.10404624277456648,-35.335330915479936,3333.109161935175,-426.50953008523345,32029.48384559377,28515.791952714266,0.3202948384559377,5,2,0.4,69.2,18.77658115845374,0.2713378780123373,44,0.0,0.0,0.0,0.0,False,False,False
752,140590.08910926085,278129.57314492896,137539.48403566814,2.0221798496263195,0.43351063829787234,186.95490573040007,853.1581998310704,-322.8626385813806,12879.326636634883,9336.326636634883,0.12879326636634883,10,10,1.0,75.2,13.854963009694396,0.184241529384234,36,0.05160385865099532,10.915950272536476,68.89001701409016,2.481382079673406,2012-01-10 04:00:00,2021-06-01 16:15:00,VBO,8,3,0.3,4.0,14,0,0,53,56,9,46,-1,18,4,2500,10000,0,0,500,361,-17189.121848320487,133389.34849742622,150578.47034574673,0.8858460853742759,0.10526315789473684,-47.61529597872711,3510.2460130901636,-466.18721469271435,30212.58571602688,26928.277241489675,0.3021258571602688,5,3,0.6,72.2,19.95394697797907,0.27637045675871286,40,0.0,0.0,0.0,0.0,False,False,False
402,50596.582023442505,131802.51839833584,81205.93637489334,1.6230650649708607,0.472636815920398,125.86214433692166,693.6974652543992,-383.0468696928931,6632.756970279843,5093.952531798117,0.06632756970279843,10,10,1.0,40.2,6.749814812274482,0.16790584110135526,24,0.09982887772260508,7.628288244263499,52.69858546605203,2.3278309545393134,2012-01-18 02:15:00,2021-05-27 09:00:00,VBO,7,3,0.3,9.5,200,0,0,53,11,9,38,2,4,-1,2250,10000,0,1000,500,163,6766.070117588613,63217.400262902476,56451.33014531386,1.1198566995706172,0.2883435582822086,41.50963262324303,1345.051069423457,-486.64939780442984,9819.933986582575,8165.933986582575,0.09819933986582575,5,2,0.4,32.6,8.685620300243386,0.26643007055961304,17,0.8288324251520421,0.6890138087316477,236.5700047435248,0.630954381050645,False,False,False
402,50094.463059326714,145601.12775590632,95506.66469657958,1.5245127470263422,0.5223880597014925,124.61309218737989,693.3387035995539,-497.4305452946853,6964.819839018695,6318.952531798117,0.06964819839018695,10,10,1.0,40.2,6.749814812274482,0.16790584110135526,24,0.10082950672648426,7.192499478404993,55.89155775498887,2.2491171858825068,2012-01-18 02:15:00,2021-05-27 09:00:00,VBO,7,3,0.3,9.5,200,0,0,53,11,9,38,2,4,-1,2250,10000,0,1000,0,163,3385.289754241174,70243.72720518959,66858.4374509484,1.0506336953615592,0.34355828220858897,20.768648799025605,1254.3522715212425,-624.8452098219477,14281.550294738583,12627.550294738583,0.14281550294738582,5,2,0.4,32.6,8.685620300243386,0.26643007055961304,17,1.656560800234004,0.23703937488413543,687.6494678560227,0.26177243948431267,False,False,False
722,145228.71597188854,413170.92580350605,267942.20983161754,1.5420150713213656,0.5664819944598338,201.1478060552473,1010.1978626002593,-856.0453988230593,19289.363928037987,14457.0,0.19289363928037986,10,9,0.9,72.2,12.18031198286809,0.16870238203418408,39,0.06879493448068442,7.528953080759281,95.89646691319102,2.181522523262715,2012-01-18 02:15:00,2021-05-31 19:00:00,VBO,8,3,0.3,9.5,200,0,0,55,11,9,38,2,4,-1,2250,10000,0,0,0,286,-33206.7170056208,329614.1040695616,362820.8210751824,0.9084762641040938,0.3811188811188811,-116.10740211755524,3023.9826061427666,-2049.835147317415,70562.42234662405,66312.42234662405,0.7056242234662405,5,1,0.2,57.2,16.581917862539303,0.28989366892551227,30,0.0,0.0,0.0,0.0,False,False,False
402,40584.00090318798,100602.4377764845,60018.43687329652,1.6761922338774646,0.4925373134328358,100.95522612733329,508.09312008325503,-294.20802388870845,5690.661447869028,5426.661447869028,0.05690661447869028,10,9,0.9,40.2,6.749814812274482,0.16790584110135526,24,0.057637725875116896,7.131684299790036,56.36817098197059,2.0158155267646487,2012-01-18 02:15:00,2021-05-27 02:45:00,VBO,7,3,0.3,9.5,200,0,0,53,11,9,38,2,4,-1,2250,10000,0,500,0,163,-2482.3661388748515,34972.46998309661,37454.836121971464,0.9337237484956271,0.37423312883435583,-15.229240115796635,573.3191800507641,-367.2042757056026,10503.339857686966,9834.339857686966,0.10503339857686966,5,3,0.6,32.6,8.685620300243386,0.26643007055961304,17,0.0,0.0,0.0,0.0,False,False,False
930,164880.99685137998,488429.6416884553,323548.64483707526,1.5096018774376472,0.5720430107526882,177.29139446384946,918.1008302414573,-812.9362935604906,18752.307720710553,14518.396511522064,0.18752307720710554,10,9,0.9,93.0,16.816658407662327,0.18082428395335837,44,0.060595218313761544,8.792570989504453,105.77111076045057,1.950130389290978,2012-01-10 01:45:00,2021-05-31 19:00:00,VBO,8,3,0.3,4.0,5,0,1,55,11,-9,-10,1,5,4,2000,10000,0,0,0,386,12764.015820338805,442743.3019779818,429979.286157643,1.029685187708459,0.39896373056994816,33.06739849828706,2874.956506350531,-1853.358992058806,86541.40448587784,84797.30534751365,0.8654140448587784,5,3,0.6,77.2,26.010767001378486,0.3369270336966125,37,0.7827473845715431,0.14749027816415536,2617.1216489969966,0.16931343248914282,False,False,False
473,37736.76673469356,109033.98164474465,71297.21491005109,1.529288090457705,0.4693446088794926,79.78174785347477,491.14406146281374,-284.0526490440282,5920.256669148555,5684.638697469243,0.059202566691485554,10,7,0.7,47.3,7.642643521714199,0.16157808713983507,26,0.062474761929043665,6.3741774797275506,74.20565265155078,1.561840331282263,2012-01-10 01:45:00,2021-05-27 02:45:00,VBO,7,3,0.3,4.0,5,0,1,53,11,-9,-10,1,5,4,2000,10000,0,500,0,208,-600.9469774681129,40942.465435628495,41543.41241309661,0.9855344820619824,0.3557692307692308,-2.889168160904389,553.2765599409256,-310.02546576937766,10403.172793188241,9639.172793188241,0.10403172793188241,5,3,0.6,41.6,13.734627770711517,0.3301593214113345,21,0.0,0.0,0.0,0.0,False,False,False
1101,152795.99295926394,396253.9216491027,243457.9286898388,1.6276073807968825,0.42779291553133514,138.77928515827787,841.3034429917254,-386.4411566505378,18254.633862677394,16026.957185377389,0.18254633862677394,10,9,0.9,110.1,18.63571839237758,0.16926174743303887,55,0.04748155331572959,8.370257881296856,131.53716595281472,1.5471821187503827,2012-01-10 04:00:00,2021-05-31 19:00:00,VBO,8,3,0.3,4.0,14,0,0,55,11,9,46,-1,18,4,2500,10000,0,0,500,494,16836.58704361124,208648.62486479015,191812.03782117894,1.0877764880393352,0.1194331983805668,34.0821600073102,3536.4173705896637,-440.94721338202055,45760.88157235659,44271.92096362793,0.45760881572356593,5,1,0.2,98.8,27.60724542579357,0.27942556098981347,56,0.5934100524126804,0.3679253210406232,1342.6637737321066,0.23998454522849122,False,False,False
473,41282.9925828984,153693.32200853663,112410.32942563825,1.3672526607993614,0.5243128964059197,87.27905408646596,619.7311371311961,-499.60146411394777,10326.169326218747,9362.233597013728,0.10326169326218747,10,7,0.7,47.3,7.642643521714199,0.16157808713983507,26,0.09534192542113576,3.9979000226229555,118.31211319028247,1.2937303435912515,2012-01-10 01:45:00,2021-05-27 04:00:00,VBO,7,3,0.3,4.0,5,0,1,53,11,-9,-10,1,5,4,2000,10000,0,1000,0,208,3529.8622643925846,81136.34423319188,77606.48196879929,1.0454841164660926,0.2980769230769231,16.97049165573358,1308.6507134385786,-531.551246361639,25323.751816923803,23899.751816923803,0.253237518169238,5,3,0.6,41.6,13.734627770711517,0.3301593214113345,21,1.605851614102211,0.13938938787236044,1492.2226374253587,0.16063262440955905,False,False,False
473,39670.45116787597,137972.77995952682,98302.32879165083,1.4035555582000143,0.4820295983086681,83.86987561918811,605.1437717523106,-401.23399506796255,10525.431541656704,9577.150719806668,0.10525431541656705,10,8,0.8,47.3,7.642643521714199,0.16157808713983507,26,0.0992174246605812,3.769009471095932,125.4971640764977,1.2313723520436084,2012-01-10 01:45:00,2021-05-27 04:00:00,VBO,7,3,0.3,4.0,5,0,1,53,11,-9,-10,1,5,4,2000,10000,0,1000,500,208,5458.000317417071,69019.7907616509,63561.79044423383,1.0858692034832729,0.25,26.240386141428225,1327.3036684932865,-407.44737464252455,18822.66331640273,17398.66331640273,0.1882266331640273,5,4,0.8,41.6,13.734627770711517,0.3301593214113345,21,1.0385552739424964,0.2899696087461107,717.3165522395107,0.2880932210573165,False,False,False
571,46731.416525021734,185378.66225974594,138647.2457347242,1.337052613467949,0.51138353765324,81.84135993874209,634.8584323963902,-496.94353309936986,11230.14723216222,9561.096574340518,0.1123014723216222,10,10,1.0,57.1,9.502105029939418,0.16641164675900907,31,0.09524641731364529,4.161247004063027,137.21848269100047,1.1632778719570005,2012-01-10 04:00:00,2021-05-27 04:00:00,VBO,7,3,0.3,4.0,14,0,0,53,11,9,46,-1,18,4,2500,10000,0,1000,0,287,-2339.7660532892114,112212.64578219075,114552.41183547996,0.9795747115595473,0.3344947735191638,-8.152494959195858,1168.8817268978203,-599.7508473061778,25384.257660630872,24220.257660630872,0.2538425766063087,5,4,0.8,57.4,16.906803364326446,0.29454361261892764,34,0.0,0.0,0.0,0.0,False,False,False
573,42100.14881383188,165740.74988259352,123640.60106876165,1.3405042393025752,0.462478184991274,73.47320909918304,625.4367920097868,-401.43052295052485,11643.396603829242,9718.396603829242,0.11643396603829242,10,9,0.9,57.3,9.581753492967767,0.16722082884760503,31,0.10572409184780926,3.6157961672443695,158.47132235794376,1.0256342570533425,2012-01-10 04:00:00,2021-05-27 04:00:00,VBO,7,3,0.3,4.0,14,0,0,53,11,9,46,-1,18,4,2500,10000,0,1000,500,288,4293.329666345351,100385.33575220064,96092.00608585529,1.0446793634686884,0.2638888888888889,14.907394674810247,1320.8596809500084,-453.2641796502608,21967.847606931784,20265.791518199607,0.21967847606931784,5,3,0.6,57.6,17.07161386629864,0.29638218517879583,34,1.44987504882684,0.19543697421638268,1473.6208496614051,0.15149955273661136,False,False,False
