symbol,timeframe,engine,famiglia,famiglia_capofila,good,gate_reason,expected_avg_trade,wf_efficiency_used,oos_avg_trade,oos_net_profit,oos_max_dd,oos_n_trades,oos_profit_factor,avg_trade,net_profit,max_dd,n_trades,unger_score,oos_unger_score,wf_mean_unger,ms_blocks_positive,ms_blocks_total,ms_min_avg_trade,plateau_ratio,plateau_min,np_dd,oos_np_dd,recovery_trades,oos_recovery_trades,pattern_null_p,pattern_null_median_avg,pattern_avg_trade,pattern_none_avg_trade,pattern_vs_none_avg,pattern_null_valid_draws,pattern_null_draws,pattern_null_min_trades,wfo_measured,wfo_efficiency,wfo_net_profit,wfo_avg_trade,wfo_positive_windows,wfo_total_windows,mc_dd_p95,mc_dd_worst,passes_multisplit,passes_plateau,passes_expectancy,passes_null,passes_pattern_useful,passes_wfo,p_fast,p_slow,p_gradient_length,p_gradient_factor,p_daily_factor,p_direction,p_stop_loss,p_take_profit,p_trailing_stop,p_long_offset_ticks,p_short_offset_ticks,p_ptn_neut_yes,p_ptn_neut_no,p_ptn_dir_yes,p_ptn_dir_no,p_start_hour,p_end_hour,p_skip_day,p_max_bars,p_level_choice,p_level_shift,p_ptn_ly_yes,p_ptn_ly_no,p_ptn_sy_yes,p_ptn_sy_no,p_not_le_day,p_not_se_day,p_channel_len,p_breakout_offset_ticks,p_intraday_only,p_dvol_min,p_breakeven,p_vol_source,p_vol_mult,p_vol_mult_short,p_atr_len,p_momentum,p_level_source,p_n_sess,p_lev_include_sess0,p_bb_length,p_bb_num_devs,p_entry_type,p_le_bar,p_lx_bar,p_se_bar,p_sx_bar,p_end_long,p_end_short,p_nhigh,p_nlow,p_le_day,p_lx_day,p_le_time,p_lx_time,p_se_day,p_sx_day,p_se_time,p_sx_time
NQ,15m,TF_M,1,True,True,—,436.2434569419089,0.4893059711462088,891.5555555555555,136408.0,25934.0,153,1.7002535960328136,279.85714285714283,78360.0,19293.0,280,3.034868433876963,8.339058336526707,5.398057477095355,3.0,3.0,660.0196078431372,1.0354875851803462,0.8917434005338013,4.061576737676877,5.259813372406879,68.93874425727412,29.088484546360917,0.0172413793103448,47.61904761904762,891.5555555555555,45.705882352941174,845.8496732026143,57.0,200.0,77.0,True,0.4893059711462088,43596.0,360.297520661157,2.0,4.0,40823.749999999985,69419.0,True,True,True,True,True,True,,,,,,,3000,4000,,,,47.0,7.0,12.0,39.0,9.0,5.0,4.0,368.0,,,,,,,,,,,0.0,,,,,,,,,,,,,,,,,,,,,,,,,,,,,
NQ,15m,TF_M,1,False,True,—,420.588863943473,0.4893059711462088,859.562091503268,131513.0,22241.0,153,1.59646059440607,261.8282208588957,85356.0,16942.0,326,3.029964014701092,8.681673593528208,5.974264649376691,3.0,3.0,781.4901960784314,1.0133967022072317,0.765621756118229,5.038130090898359,5.913088440267973,64.7065466985332,25.874803251389597,0.0175438596491228,-80.65725711597271,859.562091503268,-54.887622149837135,914.4497136531052,56.0,200.0,77.0,True,0.4893059711462088,43596.0,360.297520661157,2.0,4.0,42659.8,69399.0,True,True,True,True,True,True,,,,,,,4000,6000,,,,47.0,7.0,12.0,39.0,9.0,5.0,4.0,184.0,,,,,,,,,,,0.0,,,,,,,,,,,,,,,,,,,,,,,,,,,,,
NQ,15m,TF_M,1,False,True,—,407.3808008007681,0.4893059711462088,832.5686274509804,127383.0,25934.0,153,1.6128278031954046,338.94930875576034,73552.0,21449.0,217,3.4860577922646243,7.787331154197564,5.108785083889202,3.0,3.0,692.1764705882352,1.0478430487529171,0.8541857172109156,3.4291575364818874,4.9118146063083215,63.2808489232108,31.149384140740914,0.0344827586206896,65.71428571428571,832.5686274509804,68.36959761549926,764.1990298354812,57.0,200.0,77.0,True,0.4893059711462088,43596.0,360.297520661157,2.0,4.0,45065.79999999998,67691.0,True,True,True,True,True,True,,,,,,,3000,4000,,,,47.0,7.0,12.0,39.0,9.0,5.0,4.0,920.0,,,,,,,,,,,0.0,,,,,,,,,,,,,,,,,,,,,,,,,,,,,
NQ,15m,TF_M,1,False,True,—,355.1438131707993,0.4893059711462088,725.811320754717,115404.0,24252.0,159,1.5514176772454915,256.4559270516717,84374.0,19897.0,329,2.7385602200348425,7.02026187266133,5.310998118206973,3.0,3.0,600.468085106383,1.0378215759934657,0.8179949918920877,4.240538774689652,4.758535378525482,77.58448100125631,33.41364250805864,0.0350877192982456,33.95823575331772,725.811320754717,29.35555555555555,696.4557651991615,56.0,200.0,80.0,True,0.4893059711462088,43596.0,360.297520661157,2.0,4.0,38705.8,58500.0,True,True,True,True,True,True,,,,,,,4000,4000,,,,47.0,7.0,12.0,39.0,9.0,5.0,4.0,184.0,,,,,,,,,,,0.0,,,,,,,,,,,,,,,,,,,,,,,,,,,,,
NQ,15m,TF_M,1,False,True,—,355.0255066539721,0.4893059711462088,725.5695364238411,109561.0,26870.0,151,1.5056933834898802,316.12589928057554,87883.0,19586.0,278,3.402440642057639,6.667277966051289,5.137933342708086,3.0,3.0,342.3207547169811,0.9801820340551484,0.8406956240482902,4.487031553150209,4.077446966877559,61.9563283001263,37.032977063005994,0.0344827586206896,61.1271186440678,725.5695364238411,39.29305135951662,686.2764850643244,57.0,200.0,76.0,True,0.4893059711462088,43596.0,360.297520661157,2.0,4.0,44274.7,72342.0,True,True,True,True,True,True,,,,,,,3000,4500,,,,47.0,7.0,12.0,39.0,9.0,5.0,4.0,368.0,,,,,,,,,,,0.0,,,,,,,,,,,,,,,,,,,,,,,,,,,,,
NQ,15m,TF_M,1,False,True,—,352.7742182161918,0.4893059711462088,720.9685534591194,114634.0,25934.0,159,1.597818037694129,252.3030303030303,83260.0,16365.0,330,2.970761702069383,6.743493199759699,5.455598191629359,3.0,3.0,430.3617021276595,0.999618073600346,0.767952897840787,5.087687137183012,4.42022055988278,64.86247898150373,35.97105570773069,0.0344827586206896,44.61538461538461,720.9685534591194,79.65464632454923,641.3139071345702,57.0,200.0,80.0,True,0.4893059711462088,43596.0,360.297520661157,2.0,4.0,35793.899999999994,60333.0,True,True,True,True,True,True,,,,,,,3000,4000,,,,47.0,7.0,12.0,39.0,9.0,5.0,4.0,184.0,,,,,,,,,,,0.0,,,,,,,,,,,,,,,,,,,,,,,,,,,,,
NQ,15m,TF_M,1,False,True,—,351.6520467284652,0.4893059711462088,718.6751592356688,112832.0,24507.0,157,1.5180960777291053,244.8449848024316,80554.0,18712.0,329,2.6960904805650734,6.914979758047082,5.274732242940732,3.0,3.0,417.1320754716981,1.0464547125645447,0.8680201470274278,4.304938007695596,4.604072305871791,76.42386473669836,34.100246384004535,0.0175438596491228,16.235875820701956,718.6751592356688,38.90273556231003,679.7724236733588,56.0,200.0,79.0,True,0.4893059711462088,43596.0,360.297520661157,2.0,4.0,42974.649999999994,69380.0,True,True,True,True,True,True,,,,,,,4000,4500,,,,47.0,7.0,12.0,39.0,9.0,5.0,4.0,184.0,,,,,,,,,,,0.0,,,,,,,,,,,,,,,,,,,,,,,,,,,,,
NQ,15m,TF_M,1,False,True,—,337.3275365081964,0.4893059711462088,689.4,103410.0,26548.0,150,1.4517219688630287,746.7284768211921,112756.0,29025.0,151,6.60206740645452,6.373217342591002,10.77642804876876,3.0,3.0,382.6981132075472,1.1027889883127715,0.773284028001314,3.884788975021533,3.8952086786198583,38.86955017914789,38.50884827386133,0.0344827586206896,77.71428571428571,689.4,68.02012383900929,621.3798761609906,57.0,200.0,75.0,True,0.4893059711462088,43596.0,360.297520661157,2.0,4.0,47190.49999999999,78744.0,True,True,True,True,True,True,,,,,,,3000,4500,,,,47.0,7.0,12.0,39.0,9.0,5.0,4.0,0.0,,,,,,,,,,,0.0,,,,,,,,,,,,,,,,,,,,,,,,,,,,,
NQ,15m,TF_M,1,False,True,—,326.13196170345105,0.4893059711462088,666.5194805194806,102644.0,27706.0,154,1.4805003300268234,257.62079510703364,84242.0,14390.0,327,3.234847964657856,6.031554923698738,5.041095624696554,3.0,3.0,375.2307692307692,0.991336785039462,0.7657692722307425,5.854204308547603,3.704757092326572,55.85729208708245,41.568177389813336,0.0172413793103448,-67.31018518518519,666.5194805194806,19.21969696969697,647.2997835497836,57.0,200.0,77.0,True,0.4893059711462088,43596.0,360.297520661157,2.0,4.0,41842.45,72351.0,True,True,True,True,True,True,,,,,,,3000,6000,,,,47.0,7.0,12.0,39.0,9.0,5.0,4.0,184.0,,,,,,,,,,,0.0,,,,,,,,,,,,,,,,,,,,,,,,,,,,,
NQ,15m,TF_M,1,False,True,—,325.6596148854118,0.4893059711462088,665.5541401273886,104492.0,23434.0,157,1.5294755510514315,308.99295774647885,87754.0,20829.0,284,3.2249109450171662,6.548827201608327,5.061020057621127,3.0,3.0,500.2592592592592,1.0186441175092424,0.9254171049932648,4.213068318210188,4.45899120935393,67.40930327962259,35.20975768479884,0.0344827586206896,26.02958579881657,665.5541401273886,89.72355430183357,575.830585825555,57.0,200.0,79.0,True,0.4893059711462088,43596.0,360.297520661157,2.0,4.0,37462.34999999999,53916.0,True,True,True,True,True,True,,,,,,,2500,4000,,,,47.0,7.0,12.0,39.0,9.0,5.0,4.0,368.0,,,,,,,,,,,0.0,,,,,,,,,,,,,,,,,,,,,,,,,,,,,
NQ,15m,TF_M,2,True,True,—,323.71012597855633,0.4893059711462088,661.5699481865284,127683.0,24911.0,193,1.4846666287080794,59.37579617834395,18644.0,24575.0,314,0.5705136472147437,6.313694195619522,2.971960908210825,3.0,3.0,127.36363636363636,1.6014318925195197,0.7043426623651935,0.7586571719226857,5.125567018586167,413.88918686977047,37.654370589663465,0.037037037037037,171.20034843205576,661.5699481865284,158.6362484157161,502.9336997708124,53.0,200.0,97.0,True,0.4893059711462088,43596.0,360.297520661157,2.0,4.0,58550.399999999994,80011.0,True,True,True,True,True,True,,,,,,,2500,4500,,,,54.0,9.0,-48.0,17.0,13.0,5.0,-1.0,644.0,,,,,,,,,,,0.0,,,,,,,,,,,,,,,,,,,,,,,,,,,,,
NQ,15m,TF_M,1,False,True,—,322.1150758027254,0.4893059711462088,658.3101265822785,104013.0,26548.0,158,1.5029666487748974,243.75757575757575,80440.0,14680.0,330,3.0303894747954443,6.085804345137011,5.087445805652581,3.0,3.0,305.9074074074074,0.9963457135580752,0.7850663067376454,5.479564032697548,3.9179222540304353,60.22376926902039,40.32749752434792,0.0172413793103448,27.061946902654867,658.3101265822785,63.0199146514936,595.2902119307848,57.0,200.0,79.0,True,0.4893059711462088,43596.0,360.297520661157,2.0,4.0,40085.399999999994,78846.0,True,True,True,True,True,True,,,,,,,3000,4500,,,,47.0,7.0,12.0,39.0,9.0,5.0,4.0,184.0,,,,,,,,,,,0.0,,,,,,,,,,,,,,,,,,,,,,,,,,,,,
NQ,15m,TF_M,1,False,True,—,317.8695703611996,0.4893059711462088,649.6335403726708,104591.0,23116.0,161,1.4954195797571004,371.6560283687943,104807.0,20377.0,282,3.921700409369956,6.435991340162555,5.534566151595601,3.0,3.0,324.22033898305085,0.9571694389169652,0.7462322717365414,5.143396967168867,4.524614985291573,54.82757831060902,35.583138128519664,0.0178571428571428,33.72549019607843,649.6335403726708,35.07738095238095,614.5561594202899,55.0,200.0,81.0,True,0.4893059711462088,43596.0,360.297520661157,2.0,4.0,40032.8,59406.0,True,True,True,True,True,True,,,,,,,4000,3000,,,,47.0,7.0,12.0,39.0,9.0,5.0,4.0,368.0,,,,,,,,,,,0.0,,,,,,,,,,,,,,,,,,,,,,,,,,,,,
NQ,15m,TF_M,1,False,True,—,311.0618351104697,0.4893059711462088,635.72049689441,102351.0,18823.0,161,1.5489843754190424,290.0877192982456,82675.0,22293.0,285,2.9264994055542664,6.979513437473981,5.396931490249791,3.0,3.0,419.14814814814815,1.0570369930789507,0.9231016275246516,3.708563226124793,5.437549806088296,76.84916843060176,29.608924192240423,0.0175438596491228,22.035353535353536,635.72049689441,4.83989145183175,630.8806054425783,56.0,200.0,81.0,True,0.4893059711462088,43596.0,360.297520661157,2.0,4.0,36288.0,53596.0,True,True,True,True,True,True,,,,,,,3000,3000,,,,47.0,7.0,12.0,39.0,9.0,5.0,4.0,368.0,,,,,,,,,,,0.0,,,,,,,,,,,,,,,,,,,,,,,,,,,,,
NQ,15m,TF_M,1,False,True,—,300.74524281086525,0.4893059711462088,614.6363636363636,94654.0,27705.0,154,1.4546738399462005,335.8581560283688,94712.0,19724.0,282,3.602149695685708,5.562147841511274,5.112694162853398,3.0,3.0,342.85185185185185,0.960991940958376,0.8501545827616608,4.8018657473129185,3.416495217469771,58.727172903116816,45.07543262830942,0.0517241379310344,91.9,614.6363636363636,102.30403458213256,512.3323290542311,57.0,200.0,77.0,True,0.4893059711462088,43596.0,360.297520661157,2.0,4.0,42328.0,70293.0,True,True,True,True,True,True,,,,,,,2500,4500,,,,47.0,7.0,12.0,39.0,9.0,5.0,4.0,368.0,,,,,,,,,,,0.0,,,,,,,,,,,,,,,,,,,,,,,,,,,,,
NQ,15m,TF_M,1,False,True,—,290.1219708794301,0.4893059711462088,592.9254658385094,95461.0,25170.0,161,1.4095948717508646,338.6607142857143,94825.0,22098.0,280,3.4315607368527115,5.629396650321195,5.278587643088996,3.0,3.0,312.48148148148147,1.036365477843903,0.9090164499502946,4.29111231785682,3.7926499801350815,65.25114684945953,42.450529535621875,0.0357142857142857,-29.64864864864865,592.9254658385094,-28.84152139461173,621.7669872331211,55.0,200.0,81.0,True,0.4893059711462088,43596.0,360.297520661157,2.0,4.0,48759.39999999997,69023.0,True,True,True,True,True,True,,,,,,,5000,3000,,,,47.0,7.0,12.0,39.0,9.0,5.0,4.0,368.0,,,,,,,,,,,0.0,,,,,,,,,,,,,,,,,,,,,,,,,,,,,
NQ,15m,TF_M,1,False,True,—,289.8410532327421,0.4893059711462088,592.3513513513514,87668.0,22911.0,148,1.3717171374541015,924.8768115942028,127633.0,26565.0,138,8.547366681154536,5.894686538321671,8.904015569380187,3.0,3.0,269.84615384615387,0.9953307307145352,0.8551789167514307,4.80455486542443,3.826458906202261,28.722744117900543,38.67805812839348,0.0344827586206896,-21.1656050955414,592.3513513513514,-41.02970297029703,633.3810543216484,57.0,200.0,74.0,True,0.4893059711462088,43596.0,360.297520661157,2.0,4.0,52842.0,88531.0,True,True,True,True,True,True,,,,,,,2500,6000,,,,47.0,7.0,12.0,39.0,9.0,5.0,4.0,0.0,,,,,,,,,,,0.0,,,,,,,,,,,,,,,,,,,,,,,,,,,,,
NQ,15m,TF_M,1,False,True,—,289.1499932174615,0.4893059711462088,590.939024390244,96914.0,28223.0,164,1.461767901046332,272.58610271903325,90226.0,14698.0,331,3.386709480851823,5.298396286138894,5.19919601019209,3.0,3.0,367.3888888888889,0.9413469689670582,0.5626601342378491,6.138658320859981,3.433865995819013,53.92057721721011,47.759580659141086,0.0357142857142857,-56.732919254658384,590.939024390244,-84.56204379562044,675.5010681858644,55.0,200.0,82.0,True,0.4893059711462088,43596.0,360.297520661157,2.0,4.0,40965.9,71313.0,True,True,True,True,True,True,,,,,,,5000,3000,,,,47.0,7.0,12.0,39.0,9.0,5.0,4.0,184.0,,,,,,,,,,,0.0,,,,,,,,,,,,,,,,,,,,,,,,,,,,,
NQ,15m,TF_M,1,False,True,—,289.0693405023119,0.4893059711462088,590.7741935483871,91570.0,22053.0,155,1.4471169574367313,244.9481707317073,80343.0,12057.0,328,3.360144271595659,5.992265286104776,4.904333236242664,3.0,3.0,342.34615384615387,0.9401421026339972,0.5519034656692853,6.663597909927843,4.15226953248991,49.222657854449054,37.328983291471005,0.0517241379310344,-1.2121212121212122,590.7741935483871,38.605839416058394,552.1683541323287,57.0,200.0,78.0,True,0.4893059711462088,43596.0,360.297520661157,2.0,4.0,41250.1,63647.0,True,True,True,True,True,True,,,,,,,2500,6000,,,,47.0,7.0,12.0,39.0,9.0,5.0,4.0,184.0,,,,,,,,,,,0.0,,,,,,,,,,,,,,,,,,,,,,,,,,,,,
NQ,15m,TF_M,3,True,True,—,286.53200233139665,0.4893059711462088,585.5886075949367,92523.0,27128.0,158,1.4325222635158823,280.4139194139194,76553.0,14404.0,273,3.519341137613333,5.355340454236003,4.220712539357153,3.0,3.0,205.57627118644064,3.2040043708850363,0.6309278923160538,5.314704248819773,3.410608964907107,51.366922263007325,46.3260378500481,0.03125,108.28483606557376,585.5886075949367,106.37106918238992,479.21753841254673,63.0,200.0,79.0,True,0.4893059711462088,43596.0,360.297520661157,2.0,4.0,43457.9,66620.0,True,True,True,True,True,True,,,,,,,4000,3000,,,,47.0,1.0,12.0,21.0,18.0,17.0,-1.0,368.0,,,,,,,,,,,0.0,,,,,,,,,,,,,,,,,,,,,,,,,,,,,
NQ,15m,TF_M,1,False,True,—,286.1051360206123,0.4893059711462088,584.7162162162163,86538.0,22911.0,148,1.3669258753593447,502.4320388349514,103501.0,21307.0,206,5.184650995699118,5.818706753356763,5.274963881078684,3.0,3.0,269.84615384615387,0.9437571300377804,0.7757019716518598,4.857605481766556,3.7771376194840904,42.40772552922194,39.18311030992165,0.0344827586206896,-18.89130434782609,584.7162162162163,0.6102819237147595,584.1059342925015,57.0,200.0,74.0,True,0.4893059711462088,43596.0,360.297520661157,2.0,4.0,53556.1,99075.0,True,True,True,True,True,True,,,,,,,2500,6000,,,,47.0,7.0,12.0,39.0,9.0,5.0,4.0,920.0,,,,,,,,,,,0.0,,,,,,,,,,,,,,,,,,,,,,,,,,,,,
NQ,15m,TF_M,1,False,True,—,281.7059785954506,0.4893059711462088,575.7256097560976,94419.0,22054.0,164,1.4711362377561663,270.04833836858006,89386.0,15890.0,331,3.2268807438659843,5.839494019205453,5.157033887078131,3.0,3.0,478.3148148148149,0.994560963313188,0.5983273352989729,5.625298930144745,4.281264169765122,58.84131743226008,38.30644255923066,0.0178571428571428,-31.542662116040955,575.7256097560976,-36.95423023578363,612.6798399918812,55.0,200.0,82.0,True,0.4893059711462088,43596.0,360.297520661157,2.0,4.0,37653.45,58828.0,True,True,True,True,True,True,,,,,,,4000,3000,,,,47.0,7.0,12.0,39.0,9.0,5.0,4.0,184.0,,,,,,,,,,,0.0,,,,,,,,,,,,,,,,,,,,,,,,,,,,,
NQ,15m,TF_M,1,False,True,—,279.47925252643387,0.4893059711462088,571.1748251748252,81678.0,29361.0,143,1.317042212518195,438.5438596491228,99988.0,29129.0,228,3.870379951961183,5.020962648099042,4.513192863819372,3.0,3.0,307.47058823529414,1.126594053019645,0.861196463484218,3.4325929486079163,2.781853479104935,66.4220906508781,51.404576507749944,0.0344827586206896,-78.76744186046511,571.1748251748252,-127.45034246575342,698.6251676405786,57.0,200.0,72.0,True,0.4893059711462088,43596.0,360.297520661157,2.0,4.0,58877.64999999999,96855.0,True,True,True,True,True,True,,,,,,,3000,6000,,,,47.0,7.0,12.0,39.0,9.0,5.0,4.0,644.0,,,,,,,,,,,0.0,,,,,,,,,,,,,,,,,,,,,,,,,,,,,
NQ,15m,TF_M,2,False,True,—,276.44788786146216,0.4893059711462088,564.9795918367347,110736.0,24081.0,196,1.4299993010414482,411.668449197861,76982.0,28915.0,187,3.6466101775149986,5.484017807710108,6.612797414642749,2.0,3.0,-9.0,0.9692014254686124,0.7012272718166761,2.6623551789728515,4.598480129562726,70.23856226130783,42.62277850021673,0.074074074074074,120.47745901639344,564.9795918367347,105.98181818181818,458.9977736549165,53.0,200.0,98.0,True,0.4893059711462088,43596.0,360.297520661157,2.0,4.0,50393.75,77319.0,True,True,True,True,True,True,,,,,,,2250,4500,,,,54.0,9.0,-48.0,17.0,13.0,5.0,-1.0,0.0,,,,,,,,,,,0.0,,,,,,,,,,,,,,,,,,,,,,,,,,,,,
NQ,15m,TF_M,1,False,True,—,268.81694325794064,0.4893059711462088,549.3841463414634,90099.0,19262.0,164,1.4933471318746303,270.18674698795184,89702.0,13653.0,332,3.4829990183341812,5.962505438470643,5.389664522983969,3.0,3.0,343.8703703703704,0.9230495821631008,0.5683815955868277,6.570131106716473,4.677551656110476,50.53171612673073,35.06107725945904,0.0350877192982456,16.22489239598278,549.3841463414634,4.532110091743119,544.8520362497203,56.0,200.0,82.0,True,0.4893059711462088,43596.0,360.297520661157,2.0,4.0,33474.7,46258.0,True,True,True,True,True,True,,,,,,,3000,3000,,,,47.0,7.0,12.0,39.0,9.0,5.0,4.0,184.0,,,,,,,,,,,0.0,,,,,,,,,,,,,,,,,,,,,,,,,,,,,
NQ,15m,TF_M,3,False,True,—,264.9703766495219,0.4893059711462088,541.5228758169935,82853.0,28850.0,153,1.3288091467939789,282.72222222222223,76335.0,20256.0,270,2.9921713225280024,4.8022775132602575,4.0107022898413405,3.0,3.0,365.12280701754383,3.084484128827004,0.6357208534713263,3.7685130331753554,2.871854419410745,71.64629593240322,53.27568102543058,0.1076923076923077,108.86131929189818,541.5228758169935,185.7001394700139,355.8227363469796,64.0,200.0,77.0,True,0.4893059711462088,43596.0,360.297520661157,2.0,4.0,52227.34999999996,82045.0,True,True,True,True,True,True,,,,,,,4000,4000,,,,47.0,1.0,12.0,21.0,18.0,17.0,-1.0,368.0,,,,,,,,,,,0.0,,,,,,,,,,,,,,,,,,,,,,,,,,,,,
NQ,15m,TF_M,1,False,True,—,263.5226312296146,0.4893059711462088,538.5641025641025,84016.0,29742.0,156,1.4201871477226693,243.35649546827796,80551.0,12057.0,331,3.3383100259971865,4.703873919732686,4.57849464157754,3.0,3.0,309.1914893617021,0.9371124462672372,0.5454074527524249,6.680849299162312,2.8248268441933964,49.54459907387866,55.22462388116549,0.0517241379310344,27.8006993006993,538.5641025641025,74.42067988668555,464.143422677417,57.0,200.0,78.0,True,0.4893059711462088,43596.0,360.297520661157,2.0,4.0,40730.24999999999,63816.0,True,True,True,True,True,True,,,,,,,2500,5000,,,,47.0,7.0,12.0,39.0,9.0,5.0,4.0,184.0,,,,,,,,,,,0.0,,,,,,,,,,,,,,,,,,,,,,,,,,,,,
NQ,15m,BO,4,True,True,—,260.74651567287214,0.3376628437813161,772.2096774193549,95754.0,28286.0,124,1.561788260142568,288.26600985221677,58518.0,23667.0,203,2.8224430388284985,6.915965626641156,4.864374408712402,2.0,3.0,-36.027027027027025,2.933032546349136,0.5831815440154493,2.472556724553175,3.385208230219897,82.10125089715984,36.629947573991686,0.12,254.1578947368421,772.2096774193549,319.5813492063492,452.62832821300566,49.0,200.0,62.0,True,0.3376628437813161,39555.0,226.02857142857144,4.0,5.0,50456.65,71457.0,True,True,True,True,True,True,,,,,,,5000,3000,,,,47.0,7.0,-1.0,38.0,5.0,4.0,-1.0,644.0,,,,,,,,,,0.0,0.0,,,,,,,,0.0,4.0,0.0,,,,,,,,,,,,,,,,,,,
NQ,15m,BO,5,True,True,—,250.59108386892376,0.3376628437813161,742.1340206185567,71987.0,26043.0,97,1.703114774913804,84.72670807453416,13641.0,23139.0,161,0.8389795875276205,6.926920288159445,3.6183880990907142,3.0,3.0,143.77777777777777,1.3530300451090675,0.4424104144423624,0.5895241799559185,2.7641592750451176,273.1016054541456,35.092044396904996,0.0357142857142857,155.8793565683646,742.1340206185567,212.0,530.1340206185567,55.0,200.0,49.0,True,0.3376628437813161,39555.0,226.02857142857144,4.0,5.0,40510.3,57589.0,True,True,True,True,True,True,,,,,,,4000,2500,,,,47.0,48.0,35.0,50.0,10.0,5.0,-1.0,644.0,,,,,,,,,,2.0,0.0,,,,,,,,0.0,5.0,0.0,,,,,,,,,,,,,,,,,,,
NQ,15m,TF_M,2,False,True,—,243.4683500640136,0.4893059711462088,497.57894736842104,94540.0,28590.0,190,1.3570079905744452,106.70532915360502,34039.0,21279.0,319,1.1018281334245414,4.432597263493332,3.1512940590569745,2.0,3.0,-93.41558441558442,0.9885947264284126,0.4947228187599808,1.5996522392969594,3.3067506121021335,199.41834366462,57.45821874338904,0.037037037037037,51.473684210526315,497.57894736842104,83.54452926208651,414.03441810633456,53.0,200.0,95.0,True,0.4893059711462088,43596.0,360.297520661157,2.0,4.0,61630.44999999997,88214.0,True,True,True,True,True,True,,,,,,,2250,5000,,,,54.0,9.0,-48.0,17.0,13.0,5.0,-1.0,644.0,,,,,,,,,,,0.0,,,,,,,,,,,,,,,,,,,,,,,,,,,,,
NQ,15m,BO,4,False,True,—,240.4699708273021,0.3376628437813161,712.16,89020.0,20552.0,125,1.6231449851598814,257.13718411552344,71227.0,13390.0,277,3.3471713831589898,7.482623369359729,5.674264768853715,3.0,3.0,239.51351351351352,1.1881197151504048,0.4516115428036946,5.319417475728155,4.331451926819774,52.073371053111885,28.85868344192317,0.04,155.25,712.16,260.12683823529414,452.0331617647058,49.0,200.0,63.0,True,0.3376628437813161,39555.0,226.02857142857144,4.0,5.0,31735.1,53358.0,True,True,True,True,True,True,,,,,,,4000,3000,,,,47.0,7.0,-1.0,38.0,5.0,4.0,-1.0,184.0,,,,,,,,,,0.0,0.0,,,,,,,,0.0,4.0,0.0,,,,,,,,,,,,,,,,,,,
NQ,15m,TF_M,1,False,True,—,230.61229105960405,0.4893059711462088,471.3048780487805,77294.0,27679.0,164,1.3586545466356703,344.5512367491166,97508.0,22098.0,283,3.491247865451592,4.267073185519033,5.085642992391554,2.0,3.0,-9.0,1.0721173426854471,0.9829037837188452,4.41252602045434,2.7925141804255933,64.13559913032778,58.72843946490025,0.0357142857142857,-11.529761904761903,471.3048780487805,-36.640949554896146,507.94582760367666,55.0,200.0,82.0,True,0.4893059711462088,43596.0,360.297520661157,2.0,4.0,46004.849999999984,70473.0,True,True,True,True,True,True,,,,,,,5000,2500,,,,47.0,7.0,12.0,39.0,9.0,5.0,4.0,368.0,,,,,,,,,,,0.0,,,,,,,,,,,,,,,,,,,,,,,,,,,,,
NQ,15m,TF_M,1,False,True,—,228.7820612206504,0.4893059711462088,467.5644171779141,76213.0,20066.0,163,1.409714270354541,297.1937716262976,85889.0,20987.0,289,3.0900668640845197,4.971808626707242,4.819357913405554,3.0,3.0,191.0,1.0517382825370818,0.9389554922733072,4.09248582455806,3.7981162164855977,70.61722688586431,42.916011704039995,0.0350877192982456,49.95182922042237,467.5644171779141,20.902088772845953,446.66232840506814,56.0,200.0,82.0,True,0.4893059711462088,43596.0,360.297520661157,2.0,4.0,36927.45,55629.0,True,True,True,True,True,True,,,,,,,2500,3000,,,,47.0,7.0,12.0,39.0,9.0,5.0,4.0,368.0,,,,,,,,,,,0.0,,,,,,,,,,,,,,,,,,,,,,,,,,,,,
NQ,15m,TF_M,1,False,True,—,210.4447416491474,0.4893059711462088,430.0882352941176,73115.0,16843.0,170,1.5236488906077663,145.5026178010471,55582.0,8383.0,382,2.3937259534637327,4.991731226897549,2.8849386434787707,3.0,3.0,389.0952380952381,0.937197589032456,0.4592332385853168,6.630323273291185,4.340972510835362,57.614083696160634,39.161731518840185,0.1206896551724138,128.44498777506112,430.0882352941176,155.89746682750302,274.1907684666146,57.0,200.0,85.0,True,0.4893059711462088,43596.0,360.297520661157,2.0,4.0,31563.549999999996,55550.0,True,True,True,True,True,True,,,,,,,5000,6000,,,,47.0,7.0,12.0,39.0,9.0,5.0,4.0,48.0,,,,,,,,,,,0.0,,,,,,,,,,,,,,,,,,,,,,,,,,,,,
NQ,15m,BO,4,False,True,—,199.5587406747578,0.3376628437813161,591.0,73875.0,24404.0,125,1.4910269192422732,589.993288590604,87909.0,17734.0,149,6.673398724521809,5.698497044827016,9.077565725105847,3.0,3.0,72.08108108108108,1.415316320655237,0.6831240141240774,4.957088079395511,3.0271676774299294,30.05796903616239,41.2927241962775,0.08,201.93434343434345,591.0,197.94444444444449,393.05555555555554,49.0,200.0,63.0,True,0.3376628437813161,39555.0,226.02857142857144,4.0,5.0,36468.9,60737.0,True,True,True,True,True,True,,,,,,,3000,3000,,,,47.0,7.0,-1.0,38.0,5.0,4.0,-1.0,0.0,,,,,,,,,,0.0,0.0,,,,,,,,0.0,4.0,0.0,,,,,,,,,,,,,,,,,,,
NQ,15m,BO,6,True,True,—,197.8285674256304,0.3376628437813161,585.8760330578513,70891.0,21070.0,121,2.254730172215438,218.3033707865169,58287.0,22291.0,267,2.202414310910602,6.079625377707339,3.9132484756805312,3.0,3.0,295.3243243243243,1.0807582182739364,0.8185328814994615,2.6148221255215107,3.364546748932131,102.11019609861546,35.963239339267325,0.0909090909090909,288.3333333333333,585.8760330578513,398.3492462311558,187.52678682669543,43.0,200.0,61.0,True,0.3376628437813161,39555.0,226.02857142857144,4.0,5.0,27738.249999999996,42799.0,True,True,True,True,True,True,,,,,,,500,0,,,,47.0,7.0,-34.0,28.0,13.0,6.0,-1.0,644.0,,,,,,,,,,0.0,0.0,,,,,,,,0.0,5.0,0.0,,,,,,,,,,,,,,,,,,,
NQ,15m,TF_M,3,False,True,—,197.1578661970395,0.4893059711462088,402.9337016574586,72931.0,21485.0,181,1.4465855928674651,60.14942528735632,26165.0,15726.0,435,0.7224797868228485,4.140657123595152,2.10445955544266,3.0,3.0,157.85185185185185,3.256065287153732,0.641300655650229,1.6638051634236295,3.3945077961368395,261.4488820944009,53.321427102329594,0.1016949152542373,106.35054347826087,402.9337016574586,134.35952848722985,268.57417317022873,58.0,200.0,91.0,True,0.4893059711462088,43596.0,360.297520661157,2.0,4.0,42153.25,59888.0,True,True,True,True,True,True,,,,,,,5000,6000,,,,47.0,1.0,12.0,21.0,18.0,17.0,-1.0,48.0,,,,,,,,,,,0.0,,,,,,,,,,,,,,,,,,,,,,,,,,,,,
NQ,15m,TF_M,1,False,True,—,196.2713658895256,0.4893059711462088,401.1219512195122,65784.0,20418.0,164,1.353510167232707,306.22569444444446,88193.0,23793.0,288,2.990338694409731,4.22837195947995,4.688884934975592,3.0,3.0,143.96296296296296,1.080372737027636,0.9494693758037972,3.7066784348337745,3.221863062004114,77.69759504722597,50.9022254651587,0.0350877192982456,30.670485941817,401.1219512195122,14.688741721854305,386.4332094976579,56.0,200.0,82.0,True,0.4893059711462088,43596.0,360.297520661157,2.0,4.0,37230.1,54915.0,True,True,True,True,True,True,,,,,,,3000,2500,,,,47.0,7.0,12.0,39.0,9.0,5.0,4.0,368.0,,,,,,,,,,,0.0,,,,,,,,,,,,,,,,,,,,,,,,,,,,,
NQ,15m,TF_M,1,False,True,—,189.52849092129128,0.4893059711462088,387.3414634146341,63524.0,28908.0,164,1.3013944308169685,364.50877192982455,103885.0,20377.0,285,3.846282828695692,3.431534113719143,4.713850620418805,3.0,3.0,40.18032786885246,1.016982789042184,0.777461988000446,5.098149874858909,2.1974539919745397,55.90263271887183,74.63182419243121,0.0526315789473684,52.06837606837607,387.3414634146341,5.80225988700565,381.5392035276285,56.0,200.0,82.0,True,0.4893059711462088,43596.0,360.297520661157,2.0,4.0,41554.29999999998,64549.0,True,True,True,True,True,True,,,,,,,4000,2500,,,,47.0,7.0,12.0,39.0,9.0,5.0,4.0,368.0,,,,,,,,,,,0.0,,,,,,,,,,,,,,,,,,,,,,,,,,,,,
NQ,15m,BO,6,False,True,—,177.19854763380613,0.3376628437813161,524.7795275590552,66647.0,17980.0,127,1.4371499035800024,81.92329545454545,28837.0,19398.0,352,0.885997081126039,5.895021524663214,2.8364533104204717,3.0,3.0,215.07894736842104,1.356802388524306,0.927051332586041,1.486596556346015,3.706729699666296,236.7824669695183,34.26200729215118,0.1363636363636363,208.12121212121212,524.7795275590552,371.6471816283925,153.13234593066267,43.0,200.0,64.0,True,0.3376628437813161,39555.0,226.02857142857144,4.0,5.0,38863.55,59815.0,True,True,True,True,True,True,,,,,,,2500,4000,,,,47.0,7.0,-34.0,28.0,13.0,6.0,-1.0,184.0,,,,,,,,,,0.0,0.0,,,,,,,,0.0,5.0,0.0,,,,,,,,,,,,,,,,,,,
NQ,15m,BO,6,False,True,—,176.9702607804215,0.3376628437813161,524.1034482758621,60796.0,27174.0,116,2.1162807777757378,272.27530364372467,67252.0,22291.0,247,2.7469251761526436,4.788986207282266,3.985989744639803,3.0,3.0,133.5,0.9586188097964758,0.7128974055182765,3.0170023776412003,2.2372856406859496,81.86934217569738,51.84854266728074,0.1739130434782608,337.9767441860465,524.1034482758621,437.35135135135135,86.75209692451074,45.0,200.0,58.0,True,0.3376628437813161,39555.0,226.02857142857144,4.0,5.0,27768.849999999995,50816.0,True,True,True,True,True,True,,,,,,,500,0,,,,47.0,7.0,-34.0,28.0,13.0,6.0,-1.0,920.0,,,,,,,,,,0.0,0.0,,,,,,,,0.0,5.0,0.0,,,,,,,,,,,,,,,,,,,
NQ,15m,TF_M,2,False,True,—,175.91583407715672,0.4893059711462088,359.5211267605634,76578.0,19715.0,213,1.4743287187587104,529.3333333333334,138156.0,11802.0,261,7.33930258016531,3.856820085077269,7.178726886451064,3.0,3.0,133.85714285714286,0.8504989899079477,0.5730158229835403,11.706151499745806,3.8842505706314983,22.295969773299745,54.83683303298597,0.0816326530612244,102.99412997560296,359.5211267605634,54.754027926960255,304.76709883360314,48.0,200.0,107.0,True,0.4893059711462088,43596.0,360.297520661157,2.0,4.0,31378.0,52211.0,True,True,True,True,True,True,,,,,,,1000,4500,,,,54.0,9.0,-48.0,17.0,13.0,5.0,-1.0,0.0,,,,,,,,,,,0.0,,,,,,,,,,,,,,,,,,,,,,,,,,,,,
NQ,15m,TF_M,3,False,True,—,173.43799651542477,0.4893059711462088,354.45714285714286,62030.0,25317.0,175,2.4203608719545704,210.02140672782875,68677.0,21144.0,327,2.175571408600919,3.3555287667237224,3.284712864331701,3.0,3.0,247.53846153846155,2.566214119171599,0.6898801868877049,3.248060915626182,2.4501323221550737,100.6754517524062,71.424713848138,0.1186440677966101,129.6585493038536,354.45714285714286,204.03299492385787,150.42414793328498,58.0,200.0,88.0,True,0.4893059711462088,43596.0,360.297520661157,2.0,4.0,20616.55,32107.0,True,True,True,True,True,True,,,,,,,250,0,,,,47.0,1.0,12.0,21.0,18.0,17.0,-1.0,644.0,,,,,,,,,,,0.0,,,,,,,,,,,,,,,,,,,,,,,,,,,,,
NQ,15m,TF_M,2,False,True,—,173.05580621764014,0.4893059711462088,353.67605633802816,75333.0,19030.0,213,1.3116630052996736,98.75510204081633,24195.0,23971.0,245,0.960770856176411,3.861798591881234,3.417076723036878,3.0,3.0,9.51851851851852,1.468230984016402,0.7268264785390655,1.0093446247549125,3.958644245927483,242.731762760901,53.80630002787623,0.0612244897959183,106.08361204013376,353.67605633802816,83.83387622149837,269.8421801165298,48.0,200.0,107.0,True,0.4893059711462088,43596.0,360.297520661157,2.0,4.0,57852.749999999985,85134.0,True,True,True,True,True,True,,,,,,,2250,3000,,,,54.0,9.0,-48.0,17.0,13.0,5.0,-1.0,0.0,,,,,,,,,,,0.0,,,,,,,,,,,,,,,,,,,,,,,,,,,,,
NQ,15m,TF_M,2,False,True,—,166.38186946990902,0.4893059711462088,340.0364583333333,65287.0,29733.0,192,1.2651141070413383,345.1636363636364,94920.0,27896.0,275,3.112844477475263,2.970362636437407,3.64533313661144,3.0,3.0,130.92424242424244,0.8364497582612321,0.5270264270057672,3.4026383710926296,2.195775737396159,80.81963758954909,87.4406237076294,0.109090909090909,-2.0552028845665533,340.0364583333333,54.61892583120205,285.4175325021313,54.0,200.0,96.0,True,0.4893059711462088,43596.0,360.297520661157,2.0,4.0,56207.94999999999,73888.0,True,True,True,True,True,True,,,,,,,1750,6000,,,,54.0,9.0,-48.0,17.0,13.0,5.0,-1.0,920.0,,,,,,,,,,,0.0,,,,,,,,,,,,,,,,,,,,,,,,,,,,,
NQ,15m,BO,6,False,True,—,161.55868371690664,0.3376628437813161,478.46153846153845,62200.0,13701.0,130,1.437034070389185,145.01988636363637,51047.0,19398.0,352,1.568384124570549,6.157072307441296,3.737180258883664,3.0,3.0,148.75,1.0799367917095763,0.5649107685074538,2.6315599546344983,4.539814612072112,133.7609653848414,28.63553054662379,0.0909090909090909,169.70535714285714,478.46153846153845,271.44117647058823,207.02036199095025,43.0,200.0,65.0,True,0.3376628437813161,39555.0,226.02857142857144,4.0,5.0,32545.699999999983,59624.0,True,True,True,True,True,True,,,,,,,2500,3000,,,,47.0,7.0,-34.0,28.0,13.0,6.0,-1.0,184.0,,,,,,,,,,0.0,0.0,,,,,,,,0.0,5.0,0.0,,,,,,,,,,,,,,,,,,,
NQ,15m,BO,4,False,True,—,160.17353553682776,0.3376628437813161,474.359375,60718.0,15973.0,128,1.472782203119282,322.4622641509434,68362.0,20916.0,212,3.35848132034878,5.653502610211869,4.4074629036053,2.0,3.0,-9.0,2.092681813043969,0.6730432288085683,3.2684069611780453,3.8012896763288047,64.86340364530002,33.67278237096084,0.0816326530612244,129.59892070288112,474.359375,169.75,304.609375,48.0,200.0,64.0,True,0.3376628437813161,39555.0,226.02857142857144,4.0,5.0,38144.79999999999,66713.0,True,True,True,True,True,True,,,,,,,4000,2000,,,,47.0,7.0,-1.0,38.0,5.0,4.0,-1.0,644.0,,,,,,,,,,0.0,0.0,,,,,,,,0.0,4.0,0.0,,,,,,,,,,,,,,,,,,,
NQ,15m,BO,6,False,True,—,158.296341164681,0.3376628437813161,468.8,58600.0,26599.0,125,1.3154879834611075,110.71509971509973,38861.0,21773.0,351,1.1301889944508832,4.329704958070743,2.6528369287303137,2.0,3.0,-357.9189189189189,1.1601140635070053,0.8716090874153772,1.7848252422725397,2.2030903417421706,196.65790895756672,56.73848122866894,0.0697674418604651,169.47205159705155,468.8,317.2887828162291,151.5112171837709,42.0,200.0,63.0,True,0.3376628437813161,39555.0,226.02857142857144,4.0,5.0,48722.94999999998,80456.0,True,True,True,True,True,True,,,,,,,3000,6000,,,,47.0,7.0,-34.0,28.0,13.0,6.0,-1.0,184.0,,,,,,,,,,0.0,0.0,,,,,,,,0.0,5.0,0.0,,,,,,,,,,,,,,,,,,,
NQ,15m,BO,6,False,True,—,158.0837968009985,0.3376628437813161,468.17054263565893,60394.0,18692.0,129,1.4853730671553027,172.50704225352112,61240.0,18269.0,355,1.922440006796804,5.157978800481375,3.650421618671035,3.0,3.0,152.75,1.0499726300061931,0.5818143262814469,3.3521265531775137,3.231007917825808,105.90292292619203,39.925621750505016,0.1136363636363636,167.31944444444446,468.17054263565893,210.76331360946745,257.4072290261915,43.0,200.0,65.0,True,0.3376628437813161,39555.0,226.02857142857144,4.0,5.0,33300.44999999999,54924.0,True,True,True,True,True,True,,,,,,,5000,2000,,,,47.0,7.0,-34.0,28.0,13.0,6.0,-1.0,184.0,,,,,,,,,,0.0,0.0,,,,,,,,0.0,5.0,0.0,,,,,,,,,,,,,,,,,,,
NQ,15m,TF_U,7,True,True,—,155.8768651939483,0.2826333755051996,551.516129032258,85485.0,29837.0,155,1.2938891276321445,368.8994082840237,124688.0,17746.0,338,4.171200584639614,4.80932354906683,4.886647446913199,3.0,3.0,419.203125,0.9654509406390288,0.4333816146185851,7.026259438746759,2.8650668632905454,48.10525471577056,54.09995905714453,0.0903225806451612,35.191128858191234,551.516129032258,-24.04699248120301,575.563121513461,154.0,200.0,78.0,True,0.2826333755051996,44448.0,272.6871165644172,4.0,5.0,56245.149999999994,76575.0,True,True,True,True,True,True,,,,,,,4000,5000,,,,,,,,17.0,10.0,4.0,368.0,,,28.0,77.0,114.0,39.0,,,,,0.0,,,,,,,,,,,,,,,,,,,,,,,,,,,,,
NQ,15m,TF_M,2,False,True,—,155.0180927470923,0.4893059711462088,316.81218274111677,62412.0,29733.0,197,1.255682097501024,132.75233644859813,56818.0,27956.0,428,1.1959362010359138,2.767488742221568,2.5397983362534804,3.0,3.0,214.68421052631575,0.8505600923446114,0.4051290554779417,2.032408069824009,2.0990818282716175,210.5876306804182,93.85055758507978,0.1346153846153846,0.6336206896551724,316.81218274111677,41.12610340479193,275.68607933632484,51.0,200.0,99.0,True,0.4893059711462088,43596.0,360.297520661157,2.0,4.0,58429.8,82631.0,True,True,True,True,True,True,,,,,,,1750,6000,,,,54.0,9.0,-48.0,17.0,13.0,5.0,-1.0,368.0,,,,,,,,,,,0.0,,,,,,,,,,,,,,,,,,,,,,,,,,,,,
NQ,15m,BO,5,False,True,—,154.21062075492708,0.3376628437813161,456.7,45670.0,15520.0,100,2.88197964313677,183.6086956521739,29561.0,14659.0,161,2.284254176569019,5.521899623486182,3.716242805435146,2.0,3.0,-259.0,1.877284858398244,0.7465410507087041,2.0165768469881984,2.9426546391752577,79.83826663509353,33.98292095467484,0.1111111111111111,226.6034482758621,456.7,238.06796116504853,218.63203883495143,53.0,200.0,50.0,True,0.3376628437813161,39555.0,226.02857142857144,4.0,5.0,22939.849999999995,33134.0,True,True,True,True,True,True,,,,,,,250,10000,,,,47.0,48.0,35.0,50.0,10.0,5.0,-1.0,0.0,,,,,,,,,,2.0,0.0,,,,,,,,0.0,5.0,0.0,,,,,,,,,,,,,,,,,,,
NQ,15m,BO,6,False,True,—,152.10412409102975,0.3376628437813161,450.46153846153845,58560.0,12787.0,130,1.460127760884426,171.87078651685394,61186.0,19398.0,356,1.858775508722778,6.000352132341048,3.995470800890194,3.0,3.0,48.75,1.0532289719127137,0.7824628529254894,3.15424270543355,4.579651208258388,112.86385774523583,28.3864412568306,0.1136363636363636,106.04504504504504,450.46153846153845,213.48554913294797,236.9759893285905,43.0,200.0,65.0,True,0.3376628437813161,39555.0,226.02857142857144,4.0,5.0,28348.599999999984,40421.0,True,True,True,True,True,True,,,,,,,2500,2500,,,,47.0,7.0,-34.0,28.0,13.0,6.0,-1.0,184.0,,,,,,,,,,0.0,0.0,,,,,,,,0.0,5.0,0.0,,,,,,,,,,,,,,,,,,,
NQ,15m,TF_M,1,False,True,—,151.82044186660622,0.4893059711462088,310.27710843373495,51506.0,16635.0,166,1.2880632658654034,500.2821782178218,101057.0,14370.0,202,6.286226175682423,3.623611986090077,6.534549391537682,3.0,3.0,133.85714285714286,0.9458593290731452,0.7654181579776517,7.03249826026444,3.0962428614367297,28.72378954451448,53.61336543315342,0.087719298245614,-37.70193618761931,310.27710843373495,-9.0,319.27710843373495,56.0,200.0,83.0,True,0.4893059711462088,43596.0,360.297520661157,2.0,4.0,36252.0,70720.0,True,True,True,True,True,True,,,,,,,2000,3000,,,,47.0,7.0,12.0,39.0,9.0,5.0,4.0,0.0,,,,,,,,,,,0.0,,,,,,,,,,,,,,,,,,,,,,,,,,,,,
NQ,15m,BO,6,False,True,—,151.76936879182753,0.3376628437813161,449.47014925373134,60229.0,14410.0,134,1.6404206452161707,135.91620111731842,48658.0,19378.0,358,1.470686501433455,5.639910580629175,3.350953347657767,3.0,3.0,26.595238095238095,1.0773764371900123,0.6692825151118013,2.5109918464237797,4.1796668979875085,142.57314316248102,32.059971110262495,0.0681818181818181,93.46781115879828,449.47014925373134,146.1315789473684,303.33857030636295,43.0,200.0,67.0,True,0.3376628437813161,39555.0,226.02857142857144,4.0,5.0,27215.65,43551.0,True,True,True,True,True,True,,,,,,,4000,1500,,,,47.0,7.0,-34.0,28.0,13.0,6.0,-1.0,184.0,,,,,,,,,,0.0,0.0,,,,,,,,0.0,5.0,0.0,,,,,,,,,,,,,,,,,,,
NQ,15m,TF_M,1,False,True,—,151.01761564012534,0.4893059711462088,308.6363636363636,50925.0,22391.0,165,1.2788455220448125,281.6437125748503,94069.0,12503.0,334,3.793991028134924,3.106802909180368,4.61134268454812,3.0,3.0,75.35185185185185,0.8911556421506621,0.5190731234680106,7.523714308565944,2.2743513018623553,44.39296686474821,72.54815905743742,0.087719298245614,30.224570045804164,308.6363636363636,21.529715762273906,287.10664787408973,56.0,200.0,83.0,True,0.4893059711462088,43596.0,360.297520661157,2.0,4.0,34814.35,48233.0,True,True,True,True,True,True,,,,,,,3000,2500,,,,47.0,7.0,12.0,39.0,9.0,5.0,4.0,184.0,,,,,,,,,,,0.0,,,,,,,,,,,,,,,,,,,,,,,,,,,,,
NQ,15m,TF_M,1,False,True,—,150.8645439860502,0.4893059711462088,308.3235294117647,52415.0,18004.0,170,1.3855915370694605,133.82722513089004,51122.0,8383.0,382,2.2016490625197536,3.4611906455484514,2.344449604260311,3.0,3.0,191.08928571428572,0.9365671590328226,0.5164921085257232,6.098294166766074,2.9112974894467896,62.64046790031689,58.3932080511304,0.1724137931034483,129.55263157894737,308.3235294117647,150.87951807228916,157.44401133947554,57.0,200.0,85.0,True,0.4893059711462088,43596.0,360.297520661157,2.0,4.0,31693.849999999995,56785.0,True,True,True,True,True,True,,,,,,,5000,4000,,,,47.0,7.0,12.0,39.0,9.0,5.0,4.0,48.0,,,,,,,,,,,0.0,,,,,,,,,,,,,,,,,,,,,,,,,,,,,
NQ,15m,TF_M,2,False,True,—,147.0480944716059,0.4893059711462088,300.5238095238095,88354.0,23408.0,294,1.3663845474412295,423.6855123674912,119903.0,16562.0,283,4.958959693717584,2.9586942364915174,4.714800279977558,3.0,3.0,28.03703703703704,0.9904235641148446,0.8316771922350592,7.239644970414201,3.7745215311004783,39.090314671025745,77.89066708920932,0.1081081081081081,17.10972850678733,300.5238095238095,25.830699774266364,274.69310974954317,36.0,200.0,147.0,True,0.4893059711462088,43596.0,360.297520661157,2.0,4.0,47488.2,86069.0,True,True,True,True,True,True,,,,,,,1000,6000,,,,54.0,9.0,52.0,17.0,13.0,5.0,-1.0,0.0,,,,,,,,,,,0.0,,,,,,,,,,,,,,,,,,,,,,,,,,,,,
NQ,15m,BO,6,False,True,—,144.56419534262255,0.3376628437813161,428.13178294573646,55229.0,18964.0,129,1.3884961416984969,343.9642857142857,96310.0,15231.0,280,4.198097271452175,4.682910426825197,4.493713874846767,2.0,3.0,-109.0,0.8799546382997501,0.4579312680222409,6.3232880309894295,2.91230753005695,44.2807600456858,44.29477267377646,0.1363636363636363,147.31399317406144,428.13178294573646,202.4629258517034,225.66885709403303,43.0,200.0,65.0,True,0.3376628437813161,39555.0,226.02857142857144,4.0,5.0,37651.24999999998,52787.0,True,True,True,True,True,True,,,,,,,5000,2000,,,,47.0,7.0,-34.0,28.0,13.0,6.0,-1.0,368.0,,,,,,,,,,0.0,0.0,,,,,,,,0.0,5.0,0.0,,,,,,,,,,,,,,,,,,,
NQ,15m,TF_M,1,False,True,—,136.45705613510788,0.4893059711462088,278.8787878787879,46015.0,21566.0,165,1.2512325491245215,523.741116751269,103177.0,21184.0,197,5.420209096095354,2.8604478632296084,6.285133091472216,3.0,3.0,36.45454545454545,0.9473606164991764,0.7655347012425949,4.870515483383686,2.1336826486135583,40.44746406660399,77.33108768879713,0.1206896551724138,35.37869822485207,278.8787878787879,13.46469833119384,265.414089547594,57.0,200.0,83.0,True,0.4893059711462088,43596.0,360.297520661157,2.0,4.0,35432.0,58067.0,True,True,True,True,True,True,,,,,,,2500,2500,,,,47.0,7.0,12.0,39.0,9.0,5.0,4.0,0.0,,,,,,,,,,,0.0,,,,,,,,,,,,,,,,,,,,,,,,,,,,,
NQ,15m,BO,6,False,True,—,132.55792442838643,0.3376628437813161,392.5748031496063,49857.0,14923.0,127,1.3311877241929055,460.75308641975306,74642.0,19227.0,162,5.005135561339661,4.84058339599262,6.079910077436147,2.0,3.0,-34.0,1.072588000635477,0.9003180709130555,3.8821449004004784,3.3409502110835625,41.72950885560409,38.0131375734601,0.2272727272727272,142.78571428571428,392.5748031496063,235.48897795591185,157.08582519369446,43.0,200.0,64.0,True,0.3376628437813161,39555.0,226.02857142857144,4.0,5.0,39283.95,60797.0,True,True,True,True,True,True,,,,,,,2500,3000,,,,47.0,7.0,-34.0,28.0,13.0,6.0,-1.0,0.0,,,,,,,,,,0.0,0.0,,,,,,,,0.0,5.0,0.0,,,,,,,,,,,,,,,,,,,
NQ,15m,BO,6,False,True,—,132.37895399408703,0.3376628437813161,392.04477611940297,52534.0,15628.0,134,1.49493607680205,250.0771812080537,74523.0,14707.0,298,3.106099573208333,4.723754566678456,3.889191165682326,2.0,3.0,-211.3809523809524,0.9095730904218238,0.4734833725611579,5.067178894404026,3.3615305861274636,58.8098439407968,39.862793619370315,0.0681818181818181,119.45637583892618,392.04477611940297,188.4952741020794,203.54950201732356,43.0,200.0,67.0,True,0.3376628437813161,39555.0,226.02857142857144,4.0,5.0,30439.9,47684.0,True,True,True,True,True,True,,,,,,,4000,1500,,,,47.0,7.0,-34.0,28.0,13.0,6.0,-1.0,368.0,,,,,,,,,,0.0,0.0,,,,,,,,0.0,5.0,0.0,,,,,,,,,,,,,,,,,,,
NQ,15m,TF_M,2,False,True,—,131.97313714293472,0.4893059711462088,269.71495327102804,57719.0,26356.0,214,1.3032861826894784,48.99840510366826,30722.0,16103.0,627,0.5816100497773871,2.502468561114503,1.7730036949775152,3.0,3.0,53.89473684210526,0.9157252816792192,0.4223149544634119,1.9078432590200585,2.189975717104265,328.643350042315,97.71797848195568,0.1224489795918367,84.17651710924969,269.71495327102804,37.03373231773667,232.68122095329136,48.0,200.0,107.0,True,0.4893059711462088,43596.0,360.297520661157,2.0,4.0,47514.69999999998,74697.0,True,True,True,True,True,True,,,,,,,1250,5000,,,,54.0,9.0,-48.0,17.0,13.0,5.0,-1.0,184.0,,,,,,,,,,,0.0,,,,,,,,,,,,,,,,,,,,,,,,,,,,,
NQ,15m,BO,6,False,True,—,130.45564706369777,0.3376628437813161,386.3488372093023,49839.0,14201.0,129,1.3447252656042497,493.14723926380367,80383.0,16645.0,163,5.7575545465554665,4.883413511150583,7.159404980643065,3.0,3.0,103.5,1.0111391598227475,0.8693162211262158,4.82925803544608,3.509541581578762,33.752596942139505,36.7569373382291,0.2045454545454545,100.5505617977528,386.3488372093023,201.2941176470588,185.0547195622435,43.0,200.0,65.0,True,0.3376628437813161,39555.0,226.02857142857144,4.0,5.0,36273.149999999994,57459.0,True,True,True,True,True,True,,,,,,,2250,3000,,,,47.0,7.0,-34.0,28.0,13.0,6.0,-1.0,0.0,,,,,,,,,,0.0,0.0,,,,,,,,0.0,5.0,0.0,,,,,,,,,,,,,,,,,,,
NQ,15m,BO,6,False,True,—,130.18320296197825,0.3376628437813161,385.5419847328244,50506.0,14201.0,131,1.354883815707189,138.5,48752.0,16788.0,352,1.6101029577359962,4.873214970594337,3.2781183523618806,3.0,3.0,167.44444444444446,1.0391022524695768,0.6777568099770266,2.9039790326423636,3.556510104922189,121.2129963898917,36.83386132340712,0.1363636363636363,104.04347826086956,385.5419847328244,220.8069498069498,164.7350349258746,43.0,200.0,66.0,True,0.3376628437813161,39555.0,226.02857142857144,4.0,5.0,33738.45,55210.0,True,True,True,True,True,True,,,,,,,2250,3000,,,,47.0,7.0,-34.0,28.0,13.0,6.0,-1.0,184.0,,,,,,,,,,0.0,0.0,,,,,,,,0.0,5.0,0.0,,,,,,,,,,,,,,,,,,,
NQ,15m,BO,6,False,True,—,127.65190326041846,0.3376628437813161,378.04545454545456,49902.0,13787.0,132,1.434974373278477,155.22752808988764,55261.0,17114.0,356,1.7872953789168629,4.849673348613952,3.305623284142816,3.0,3.0,193.6829268292683,1.0358350558847185,0.761322163691487,3.228993806240505,3.6194966272575617,110.25106313675106,36.46915955272333,0.0909090909090909,105.6306818181818,378.04545454545456,167.39774859287056,210.647705952584,43.0,200.0,66.0,True,0.3376628437813161,39555.0,226.02857142857144,4.0,5.0,27256.45,51027.0,True,True,True,True,True,True,,,,,,,2500,2000,,,,47.0,7.0,-34.0,28.0,13.0,6.0,-1.0,184.0,,,,,,,,,,0.0,0.0,,,,,,,,0.0,5.0,0.0,,,,,,,,,,,,,,,,,,,
NQ,15m,BO,6,False,True,—,126.8313589372436,0.3376628437813161,375.61538461538464,48830.0,14524.0,130,1.353853400485525,499.3333333333333,89880.0,20888.0,180,5.204098210943435,4.694654179638619,6.451177685443808,2.0,3.0,-134.0,1.0157503703596336,0.5788104270163237,4.302949061662199,3.362021481685486,41.83177570093458,38.667212779029285,0.1818181818181818,80.92805755395683,375.61538461538464,201.37181996086105,174.2435646545236,43.0,200.0,65.0,True,0.3376628437813161,39555.0,226.02857142857144,4.0,5.0,33247.75,56041.0,True,True,True,True,True,True,,,,,,,2500,2500,,,,47.0,7.0,-34.0,28.0,13.0,6.0,-1.0,0.0,,,,,,,,,,0.0,0.0,,,,,,,,0.0,5.0,0.0,,,,,,,,,,,,,,,,,,,
NQ,15m,TF_M,1,False,True,—,122.18257926562686,0.4893059711462088,249.7058823529412,42450.0,19772.0,170,1.3140210974833928,115.82984293193718,44247.0,8383.0,382,1.905566411120683,2.6748955421747875,2.3422842215025255,2.0,3.0,-33.107142857142854,1.0325681192955127,0.5038288987979108,5.278182035070977,2.146975520938702,72.37340384658846,79.1811542991755,0.2068965517241379,92.93154034229828,249.7058823529412,94.63253012048192,155.07335223245926,57.0,200.0,85.0,True,0.4893059711462088,43596.0,360.297520661157,2.0,4.0,32918.2,59685.0,True,True,True,True,True,True,,,,,,,5000,3000,,,,47.0,7.0,12.0,39.0,9.0,5.0,4.0,48.0,,,,,,,,,,,0.0,,,,,,,,,,,,,,,,,,,,,,,,,,,,,
NQ,15m,TF_U,7,False,True,—,118.549779386594,0.2826333755051996,419.4472049689441,67531.0,29222.0,161,1.2466264211029914,536.435606060606,141619.0,16231.0,264,6.342322364262699,3.6959466292883505,5.158207945938257,3.0,3.0,263.72727272727275,0.9541669443856908,0.8003657433444954,8.725217177006963,2.310964341934159,30.257126515509928,69.66788585982734,0.1241830065359477,87.59520724077186,419.4472049689441,131.3583916083916,288.08881336055254,152.0,200.0,81.0,True,0.2826333755051996,44448.0,272.6871165644172,4.0,5.0,49814.2,68811.0,True,True,True,True,True,True,,,,,,,3000,5000,,,,,,,,17.0,10.0,4.0,644.0,,,28.0,77.0,114.0,39.0,,,,,0.0,,,,,,,,,,,,,,,,,,,,,,,,,,,,,
NQ,15m,BO,6,False,True,—,116.53492236791666,0.3376628437813161,345.12213740458014,45211.0,16787.0,131,1.3524207441128095,277.71985815602835,78317.0,16459.0,282,3.26068290686418,4.012265161993132,4.053385877718529,2.0,3.0,-82.17073170731707,0.9609564351386392,0.5437519897656317,4.758308524211677,2.6932149877881693,59.26475733237994,48.640751144632944,0.0681818181818181,124.33333333333331,345.12213740458014,195.33526011560693,149.78687728897322,43.0,200.0,66.0,True,0.3376628437813161,39555.0,226.02857142857144,4.0,5.0,31025.749999999996,42104.0,True,True,True,True,True,True,,,,,,,3000,2000,,,,47.0,7.0,-34.0,28.0,13.0,6.0,-1.0,368.0,,,,,,,,,,0.0,0.0,,,,,,,,0.0,5.0,0.0,,,,,,,,,,,,,,,,,,,
NQ,15m,BO,6,False,True,—,115.99978619872468,0.3376628437813161,343.53731343283584,46034.0,18762.0,134,1.3930632876805902,240.32659932659936,71377.0,15085.0,297,2.9473556114309782,3.777789053574471,3.20496996767832,2.0,3.0,-56.61904761904762,0.917916465702586,0.4604552727586074,4.731653960888299,2.453576377784884,62.76874903680457,54.61415475518095,0.0909090909090909,54.95348837209303,343.53731343283584,106.17045454545456,237.36685888738128,43.0,200.0,67.0,True,0.3376628437813161,39555.0,226.02857142857144,4.0,5.0,36244.09999999999,47681.0,True,True,True,True,True,True,,,,,,,5000,1500,,,,47.0,7.0,-34.0,28.0,13.0,6.0,-1.0,368.0,,,,,,,,,,0.0,0.0,,,,,,,,0.0,5.0,0.0,,,,,,,,,,,,,,,,,,,
NQ,15m,BO,6,False,True,—,112.07336751323504,0.3376628437813161,331.90909090909093,43812.0,16390.0,132,1.3232403718459496,499.46994535519127,91403.0,15937.0,183,5.959494576286874,3.905107787891533,6.756156673434421,2.0,3.0,-2.75,0.9393201864728294,0.6440953806010419,5.735270126121604,2.6730933496034166,31.90782578252355,49.380991509175566,0.1590909090909091,51.810810810810814,331.90909090909093,134.12977099236642,197.77931991672452,43.0,200.0,66.0,True,0.3376628437813161,39555.0,226.02857142857144,4.0,5.0,30874.9,44660.0,True,True,True,True,True,True,,,,,,,2250,2500,,,,47.0,7.0,-34.0,28.0,13.0,6.0,-1.0,0.0,,,,,,,,,,0.0,0.0,,,,,,,,0.0,5.0,0.0,,,,,,,,,,,,,,,,,,,
NQ,15m,RBB_M,8,True,True,—,110.40704971074582,0.5507647018629975,200.46137549717108,104239.91525852896,27622.35647533739,520,1.2116237918220996,112.52772760149428,123442.91717883924,23675.201013863258,1097,1.1015800596586525,1.8167856789541563,1.4191386368743504,3.0,3.0,102.07889220329292,1.610755854311249,0.7186186458640197,5.214017701752817,3.77375171997362,210.39437584402853,137.79390871099358,0.048780487804878,-39.48414358094897,200.46137549717108,-2.9595339804841063,203.4209094776552,40.0,200.0,260.0,True,0.5507647018629975,50511.25674436547,124.4119624245455,3.0,5.0,59890.394003159454,93169.41781762024,True,True,True,True,True,True,,,,,,,2000,10000,,,,53.0,46.0,-48.0,37.0,7.0,6.0,-1.0,0.0,,,,,,,,,,,1.0,,,,,,,,,,,10.0,2.5,,,,,,,,,,,,,,,,,
NQ,15m,BO,6,False,True,—,110.31185365686534,0.3376628437813161,326.6923076923077,42470.0,18398.0,130,1.2684084459865133,93.8693181818182,33042.0,16788.0,352,1.091258244369724,3.627913770850318,2.3257824468802992,2.0,3.0,-62.375,1.1905910310082564,0.8119041351552516,1.96819156540386,2.308403087292097,178.84437988015253,56.31598775606311,0.1818181818181818,141.77464788732394,326.6923076923077,292.12704918032784,34.565258511979835,43.0,200.0,65.0,True,0.3376628437813161,39555.0,226.02857142857144,4.0,5.0,42632.35,59526.0,True,True,True,True,True,True,,,,,,,2250,4000,,,,47.0,7.0,-34.0,28.0,13.0,6.0,-1.0,184.0,,,,,,,,,,0.0,0.0,,,,,,,,0.0,5.0,0.0,,,,,,,,,,,,,,,,,,,
NQ,15m,BO,6,False,True,—,108.04959013805264,0.3376628437813161,319.9925373134328,42879.0,14829.0,134,1.4247169643122457,132.2709497206704,47353.0,20598.0,358,1.3882104189912874,3.958104646604287,2.7686676288292467,3.0,3.0,109.57142857142856,1.0737926253412755,0.7430656396991266,2.298912515778231,2.8915638276350393,155.72580406732413,46.34170573007766,0.0909090909090909,92.53225806451611,319.9925373134328,143.260147601476,176.7323897119568,43.0,200.0,67.0,True,0.3376628437813161,39555.0,226.02857142857144,4.0,5.0,26660.65,44020.0,True,True,True,True,True,True,,,,,,,3000,1500,,,,47.0,7.0,-34.0,28.0,13.0,6.0,-1.0,184.0,,,,,,,,,,0.0,0.0,,,,,,,,0.0,5.0,0.0,,,,,,,,,,,,,,,,,,,
NQ,15m,BO,6,False,True,—,106.8977742417455,0.3376628437813161,316.5813953488372,40839.0,14208.0,129,1.294609041920055,497.0174418604651,85487.0,14673.0,172,6.180384940392486,4.000573643283254,6.997219911015483,3.0,3.0,116.0,0.9279388072274872,0.859051012199475,5.826143256321134,2.874366554054054,29.522102775860656,44.879453463600974,0.2045454545454545,130.17525773195877,316.5813953488372,225.04255319148936,91.53884215734784,43.0,200.0,65.0,True,0.3376628437813161,39555.0,226.02857142857144,4.0,5.0,34290.25,59738.0,True,True,True,True,True,True,,,,,,,2000,3000,,,,47.0,7.0,-34.0,28.0,13.0,6.0,-1.0,0.0,,,,,,,,,,0.0,0.0,,,,,,,,0.0,5.0,0.0,,,,,,,,,,,,,,,,,,,
NQ,15m,RBB_M,8,False,True,—,106.42849510982266,0.5507647018629975,193.23768344235089,113044.04481377524,20981.349439595368,585,1.289262478895487,123.99051785364166,144696.93433519985,13964.49528833045,1167,1.580444344100694,2.009455849955062,1.6681086533098912,3.0,3.0,55.35436979455436,1.1418991130461238,0.4086242259958069,10.361773293454942,5.387834807252291,112.62550983789043,108.57793917745238,0.027027027027027,-30.743006874520333,193.23768344235089,0.9256999889532967,192.31198345339757,36.0,200.0,293.0,True,0.5507647018629975,50511.25674436547,124.4119624245455,3.0,5.0,44028.57006537193,63463.50366882594,True,True,True,True,True,True,,,,,,,1000,0,,,,53.0,46.0,-48.0,37.0,7.0,6.0,-1.0,0.0,,,,,,,,,,,1.0,,,,,,,,,,,10.0,2.5,,,,,,,,,,,,,,,,,
NQ,15m,BO,6,False,True,—,106.34867655930348,0.3376628437813161,314.95522388059703,42204.0,12329.0,134,1.434371815852039,121.94707520891365,43779.0,18223.0,359,1.360707585032782,4.2725607289972265,2.694527580217934,3.0,3.0,157.1904761904762,1.100444552379117,0.7379471807154282,2.402403555945783,3.4231486738583827,149.43367824756163,39.14524689602881,0.0681818181818181,81.13736263736264,314.95522388059703,142.35036496350364,172.6048589170934,43.0,200.0,67.0,True,0.3376628437813161,39555.0,226.02857142857144,4.0,5.0,26040.749999999993,39074.0,True,True,True,True,True,True,,,,,,,2500,1500,,,,47.0,7.0,-34.0,28.0,13.0,6.0,-1.0,184.0,,,,,,,,,,0.0,0.0,,,,,,,,0.0,5.0,0.0,,,,,,,,,,,,,,,,,,,
NQ,15m,BO,6,False,True,—,105.32011063760868,0.3376628437813161,311.90909090909093,41172.0,13975.0,132,1.3089112476647085,157.89606741573033,56211.0,16788.0,356,1.8355879072992756,3.97425271220799,3.257254031882968,3.0,3.0,26.10869565217391,1.043365005217746,0.6984874329120125,3.3482844889206578,2.9461180679785333,106.32310401878637,44.80472165549402,0.1590909090909091,94.7837837837838,311.90909090909093,158.67045454545453,153.2386363636364,43.0,200.0,66.0,True,0.3376628437813161,39555.0,226.02857142857144,4.0,5.0,31233.549999999996,42535.0,True,True,True,True,True,True,,,,,,,2250,2500,,,,47.0,7.0,-34.0,28.0,13.0,6.0,-1.0,184.0,,,,,,,,,,0.0,0.0,,,,,,,,0.0,5.0,0.0,,,,,,,,,,,,,,,,,,,
NQ,15m,TF_U,7,False,True,—,104.81389795640692,0.2826333755051996,370.8475609756098,60819.0,29222.0,164,1.219209434594715,416.6489675516224,141244.0,14746.0,339,5.168167133498149,3.2677123049826804,4.4858290407304064,3.0,3.0,263.72727272727275,0.9262759014140518,0.4314394797721129,9.57846195578462,2.081274382314694,35.39190337288664,78.79787566385504,0.1437908496732026,74.64951406649617,370.8475609756098,131.40308747855917,239.4444734970506,152.0,200.0,82.0,True,0.2826333755051996,44448.0,272.6871165644172,4.0,5.0,47921.14999999999,69527.0,True,True,True,True,True,True,,,,,,,3000,5000,,,,,,,,17.0,10.0,4.0,368.0,,,28.0,77.0,114.0,39.0,,,,,0.0,,,,,,,,,,,,,,,,,,,,,,,,,,,,,
NQ,15m,TF_U,7,False,True,—,104.73986903528602,0.2826333755051996,370.585635359116,67076.0,26221.0,181,1.467096558543753,70.15397631133672,41461.0,15640.0,591,0.8449621828348524,3.447206584259048,2.0257889361528716,3.0,3.0,46.78947368421053,0.9764013380131328,0.554778271756345,2.6509590792838873,2.5581022844285113,222.9381828706495,70.7555757648041,0.1513157894736842,185.09252669039145,370.585635359116,185.0116279069767,185.57400745213928,151.0,200.0,91.0,True,0.2826333755051996,44448.0,272.6871165644172,4.0,5.0,37503.45,64978.0,True,True,True,True,True,True,,,,,,,5000,7500,,,,,,,,17.0,10.0,4.0,48.0,,,28.0,77.0,114.0,39.0,,,,,0.0,,,,,,,,,,,,,,,,,,,,,,,,,,,,,
NQ,15m,BO,6,False,True,—,100.76013913172083,0.3376628437813161,298.40458015267177,39091.0,14208.0,131,1.2819991199024678,122.7471590909091,43207.0,18147.0,352,1.3725000991094898,3.7708769875069943,2.4984664560082415,3.0,3.0,136.0,1.1038822411212952,0.6593144629342468,2.3809445087342263,2.751337274774775,147.84048880968362,47.613210201836736,0.1818181818181818,138.2972972972973,298.40458015267177,222.3531669865643,76.05141316610747,43.0,200.0,66.0,True,0.3376628437813161,39555.0,226.02857142857144,4.0,5.0,34455.549999999996,55274.0,True,True,True,True,True,True,,,,,,,2000,3000,,,,47.0,7.0,-34.0,28.0,13.0,6.0,-1.0,184.0,,,,,,,,,,0.0,0.0,,,,,,,,0.0,5.0,0.0,,,,,,,,,,,,,,,,,,,
NQ,15m,TF_M,1,False,True,—,100.044251638971,0.4893059711462088,204.46153846153845,34554.0,13192.0,169,1.4814613551812064,145.0974212034384,50639.0,11323.0,349,2.053914187679961,2.681387976527553,2.4802257902431273,2.0,3.0,-38.90196078431372,1.0069523371087412,0.4904250253283733,4.472224675439371,2.61931473620376,78.03722427378108,64.52069224981189,0.175438596491228,38.02956989247312,204.46153846153845,91.93261131167267,112.52892714986577,56.0,200.0,85.0,True,0.4893059711462088,43596.0,360.297520661157,2.0,4.0,21009.4,36176.0,True,True,True,True,True,True,,,,,,,500,4000,,,,47.0,7.0,12.0,39.0,9.0,5.0,4.0,184.0,,,,,,,,,,,0.0,,,,,,,,,,,,,,,,,,,,,,,,,,,,,
NQ,15m,RBB_M,8,False,True,—,99.36887397789214,0.5507647018629975,180.4198301775158,102839.303201184,22981.60167715638,570,1.2323181098518594,128.81975370526243,146210.42045547286,15720.578789607302,1135,1.5475744583223343,1.7926581414518834,1.6504206384057152,3.0,3.0,47.23311458834826,1.227992440937843,0.5100038344774466,9.300574896907165,4.474853608806815,122.03546690188324,127.37846862257152,0.0512820512820512,-11.99577038274057,180.4198301775158,13.36603815367506,167.05379202384074,38.0,200.0,285.0,True,0.5507647018629975,50511.25674436547,124.4119624245455,3.0,5.0,48424.46240763655,75477.84326984685,True,True,True,True,True,True,,,,,,,1250,0,,,,53.0,46.0,-48.0,37.0,7.0,6.0,-1.0,0.0,,,,,,,,,,,1.0,,,,,,,,,,,10.0,2.5,,,,,,,,,,,,,,,,,
NQ,15m,TF_U,7,False,True,—,95.55715956751246,0.2826333755051996,338.09580838323353,56462.0,25577.0,167,1.2357947664269546,485.0959409594096,131461.0,16409.0,271,5.704136870499066,3.184331987450102,4.195671163418711,3.0,3.0,15.591836734693878,0.9393140132554122,0.6912221820120077,8.011518069352185,2.207530202916683,33.82629829379056,75.6501540859339,0.1241830065359477,71.23833561392384,338.09580838323353,26.772292993630572,311.32351538960296,152.0,200.0,84.0,True,0.2826333755051996,44448.0,272.6871165644172,4.0,5.0,45728.0,72869.0,True,True,True,True,True,True,,,,,,,2250,5000,,,,,,,,17.0,10.0,4.0,644.0,,,28.0,77.0,114.0,39.0,,,,,0.0,,,,,,,,,,,,,,,,,,,,,,,,,,,,,
NQ,15m,TF_U,7,False,True,—,94.11379102250766,0.2826333755051996,332.9889502762431,60271.0,26420.0,181,1.7541605145273906,74.31,37155.0,12225.0,500,1.012339498520579,3.085792863993139,1.811513320947062,3.0,3.0,38.94642857142857,1.311557288793966,0.520236695482867,3.039263803680982,2.2812641937925813,164.5135244247073,79.34197209271457,0.1842105263157894,130.1237113402062,332.9889502762431,153.8305785123967,179.1583717638464,151.0,200.0,91.0,True,0.2826333755051996,44448.0,272.6871165644172,4.0,5.0,28608.949999999997,40215.0,True,True,True,True,True,True,,,,,,,500,0,,,,,,,,17.0,10.0,4.0,184.0,,,28.0,77.0,114.0,39.0,,,,,0.0,,,,,,,,,,,,,,,,,,,,,,,,,,,,,
NQ,15m,TF_M,1,False,True,—,88.54990426944173,0.4893059711462088,180.97041420118344,30584.0,9732.0,169,1.6776116096155975,131.515625,42085.0,16988.0,320,1.5198809852131143,2.763184505528242,2.570496511460047,3.0,3.0,55.375,1.2177736915325097,0.9603523359315236,2.4773369437249824,3.14262227702425,129.17096352619697,53.77674601098613,0.0344827586206896,-42.333333333333336,180.97041420118344,-7.080143540669856,188.0505577418533,57.0,200.0,85.0,True,0.4893059711462088,43596.0,360.297520661157,2.0,4.0,21399.199999999997,33649.0,True,True,True,True,True,True,,,,,,,3000,500,,,,47.0,7.0,12.0,39.0,9.0,5.0,4.0,0.0,,,,,,,,,,,0.0,,,,,,,,,,,,,,,,,,,,,,,,,,,,,
NQ,15m,TF_U,9,True,True,—,85.76509779705282,0.2826333755051996,303.45,91035.0,29723.0,300,1.3198441447107223,144.9222042139384,89417.0,14492.0,617,1.8133186273076696,2.6512102843301,2.356788817480856,3.0,3.0,93.5229357798165,0.9638583269587092,0.6319123202954658,6.170093844879934,3.062779665578845,99.99847903642484,97.95023891909706,0.180327868852459,167.30057803468208,303.45,241.02762430939225,62.42237569060774,121.0,200.0,150.0,True,0.2826333755051996,44448.0,272.6871165644172,4.0,5.0,48924.7,79354.0,True,True,True,True,True,True,,,,,,,1250,0,,,,,,,,17.0,7.0,-1.0,184.0,,,31.0,52.0,52.0,15.0,,,,,0.0,,,,,,,,,,,,,,,,,,,,,,,,,,,,,
NQ,15m,TF_U,9,False,True,—,85.60433257504518,0.2826333755051996,302.8811881188119,91773.0,26437.0,303,1.45800395256917,553.5665399239543,145588.0,21607.0,263,5.672518882358716,2.8058830748058456,6.035077699764445,3.0,3.0,261.6185567010309,1.0312817645832617,0.452109897763173,6.738001573564123,3.4713848016038127,39.03234469873891,87.28505115883756,0.0975609756097561,50.83717077578646,302.8811881188119,86.0,216.8811881188119,122.0,200.0,152.0,True,0.2826333755051996,44448.0,272.6871165644172,4.0,5.0,41496.499999999985,61578.0,True,True,True,True,True,True,,,,,,,750,7500,,,,,,,,17.0,7.0,-1.0,0.0,,,31.0,52.0,52.0,15.0,,,,,0.0,,,,,,,,,,,,,,,,,,,,,,,,,,,,,
NQ,15m,TF_U,9,False,True,—,81.81525193515766,0.2826333755051996,289.47484276729557,92053.0,27833.0,318,1.4586939731419888,137.99376947040497,88592.0,17581.0,642,1.5676209029307837,2.6135702115545647,2.1737290961569853,3.0,3.0,73.9245283018868,0.9805839387187196,0.5644548764829762,5.039076275524714,3.307333021952359,127.40430287159111,96.14997881655134,0.1271186440677966,114.55711422845692,289.47484276729557,130.3857493857494,159.08909338154618,117.0,200.0,159.0,True,0.2826333755051996,44448.0,272.6871165644172,4.0,5.0,35311.9,52495.0,True,True,True,True,True,True,,,,,,,750,10000,,,,,,,,17.0,7.0,-1.0,184.0,,,31.0,52.0,52.0,15.0,,,,,0.0,,,,,,,,,,,,,,,,,,,,,,,,,,,,,
NQ,15m,TF_M,1,False,True,—,79.06608839639034,0.4893059711462088,161.58823529411765,27470.0,7905.0,170,1.7166336220390277,186.9672131147541,57025.0,10365.0,305,2.76620368833511,2.737550601868749,3.2944211400011008,3.0,3.0,147.25,1.4628178498300894,0.7642005531584971,5.50168837433671,3.4750158127767237,55.43752740026304,48.920640698944304,0.2586206896551724,97.70731707317071,161.58823529411765,97.23231132075472,64.35592397336293,57.0,200.0,85.0,True,0.4893059711462088,43596.0,360.297520661157,2.0,4.0,13664.0,18819.0,True,True,True,True,True,True,,,,,,,250,3000,,,,47.0,7.0,12.0,39.0,9.0,5.0,4.0,0.0,,,,,,,,,,,0.0,,,,,,,,,,,,,,,,,,,,,,,,,,,,,
NQ,15m,TF_U,7,False,True,—,73.23836027616301,0.2826333755051996,259.12849162011173,46384.0,20588.0,179,1.5917005778724598,245.00763358778627,64192.0,16087.0,262,2.9096814106707556,2.720266429110461,4.564450552552429,3.0,3.0,191.0,1.1965048944006025,0.7556490593650617,3.9903027289115434,2.252962891004469,65.65917871385842,79.45093135563988,0.1578947368421052,41.0,259.12849162011173,19.18421052631579,239.94428109379595,151.0,200.0,90.0,True,0.2826333755051996,44448.0,272.6871165644172,4.0,5.0,26774.249999999993,40392.0,True,True,True,True,True,True,,,,,,,500,5000,,,,,,,,17.0,10.0,4.0,0.0,,,28.0,77.0,114.0,39.0,,,,,0.0,,,,,,,,,,,,,,,,,,,,,,,,,,,,,
NQ,15m,TF_U,9,False,True,—,72.74444736217163,0.2826333755051996,257.3809523809524,81075.0,27833.0,315,1.403991329695792,133.94851794071764,85861.0,17581.0,641,1.5216665031061551,2.3238053563955505,2.0697280730867313,3.0,3.0,73.9245283018868,0.9644404070999782,0.5815014402496824,4.88373812638644,2.912909136636367,131.25191879898907,108.13931544865864,0.1525423728813559,118.65285996055226,257.3809523809524,151.89195979899498,105.48899258195743,117.0,200.0,158.0,True,0.2826333755051996,44448.0,272.6871165644172,4.0,5.0,37479.84999999999,52156.0,True,True,True,True,True,True,,,,,,,750,0,,,,,,,,17.0,7.0,-1.0,184.0,,,31.0,52.0,52.0,15.0,,,,,0.0,,,,,,,,,,,,,,,,,,,,,,,,,,,,,
NQ,15m,TF_U,9,False,True,—,71.89372524342747,0.2826333755051996,254.3709677419355,78855.0,26437.0,310,1.390576242978989,189.3702213279678,94117.0,25084.0,497,1.801012161228143,2.356485714884023,2.147898583619222,3.0,3.0,158.88793103448276,1.061640127743396,0.429840772825069,3.752073034603731,2.982751446835874,132.46010816324363,103.93088580305624,0.1157024793388429,36.61050013092432,254.3709677419355,80.5088161209068,173.8621516210287,120.0,200.0,155.0,True,0.2826333755051996,44448.0,272.6871165644172,4.0,5.0,41932.25,66770.0,True,True,True,True,True,True,,,,,,,750,7500,,,,,,,,17.0,7.0,-1.0,368.0,,,31.0,52.0,52.0,15.0,,,,,0.0,,,,,,,,,,,,,,,,,,,,,,,,,,,,,
NQ,15m,TF_U,9,False,True,—,70.69004107729114,0.2826333755051996,250.11214953271028,80286.0,23587.0,321,1.548105871831457,79.01971326164875,44093.0,23639.0,558,0.7741484592496526,2.4530239578079533,1.3985297343225511,3.0,3.0,80.3801652892562,1.4437225316731237,0.6961487395303553,1.8652650281314775,3.403824140416331,299.1531989204636,94.30569464165607,0.1694915254237288,95.8015873015873,250.11214953271028,97.74278846153848,152.3693610711718,117.0,200.0,161.0,True,0.2826333755051996,44448.0,272.6871165644172,4.0,5.0,39211.25,58466.0,True,True,True,True,True,True,,,,,,,500,7500,,,,,,,,17.0,7.0,-1.0,368.0,,,31.0,52.0,52.0,15.0,,,,,0.0,,,,,,,,,,,,,,,,,,,,,,,,,,,,,
NQ,15m,TF_U,9,False,True,—,70.35577010927133,0.2826333755051996,248.92944785276077,81151.0,25340.0,326,1.3939407178710472,155.447900466563,99953.0,15041.0,643,1.9091931158690696,2.355463209070703,2.3594658812882168,3.0,3.0,114.27731092436974,0.9262058390115608,0.6131346714023749,6.645369323848149,3.2024861878453037,96.75910678018668,101.79591132580003,0.1282051282051282,80.8732790988736,248.92944785276077,83.04819277108433,165.8812550816764,116.0,200.0,163.0,True,0.2826333755051996,44448.0,272.6871165644172,4.0,5.0,35260.45,62553.0,True,True,True,True,True,True,,,,,,,750,7500,,,,,,,,17.0,7.0,-1.0,184.0,,,31.0,52.0,52.0,15.0,,,,,0.0,,,,,,,,,,,,,,,,,,,,,,,,,,,,,
NQ,15m,TF_U,9,False,True,—,58.020594371567405,0.2826333755051996,205.28571428571428,67539.0,27264.0,329,1.3155467720685112,262.57824933687004,98992.0,26336.0,377,2.437177703737468,1.87269605774646,2.5621826926323097,3.0,3.0,68.83018867924528,1.110652698841852,0.7479331989945718,3.758809234507898,2.4772227112676055,100.29772102796184,132.81002087682674,0.1478260869565217,61.17189079878665,205.28571428571428,63.469733656174334,141.81598062953995,114.0,200.0,165.0,True,0.2826333755051996,44448.0,272.6871165644172,4.0,5.0,42520.74999999999,76133.0,True,True,True,True,True,True,,,,,,,750,6000,,,,,,,,17.0,7.0,-1.0,920.0,,,31.0,52.0,52.0,15.0,,,,,0.0,,,,,,,,,,,,,,,,,,,,,,,,,,,,,
NQ,15m,TF_U,9,False,True,—,57.26555949700352,0.2826333755051996,202.61428571428573,70915.0,23345.0,350,1.4643921286139945,109.85764499121264,62509.0,23428.0,569,1.081100409483084,1.9974525825891811,1.629858385096346,3.0,3.0,12.73913043478261,1.2005021944242755,0.797104648958982,2.6681321495646237,3.037695437995288,213.2578028763858,115.2189240640203,0.1739130434782608,81.36363636363637,202.61428571428573,79.1438127090301,123.47047300525564,114.0,200.0,175.0,True,0.2826333755051996,44448.0,272.6871165644172,4.0,5.0,31355.15,56764.0,True,True,True,True,True,True,,,,,,,500,4500,,,,,,,,17.0,7.0,-1.0,368.0,,,31.0,52.0,52.0,15.0,,,,,0.0,,,,,,,,,,,,,,,,,,,,,,,,,,,,,
NQ,15m,TF_U,9,False,True,—,53.55029160449781,0.2826333755051996,189.4691011235955,67451.0,23827.0,356,1.4446722527309526,113.98991354466858,79109.0,14003.0,694,1.450972677458937,1.8488729434966604,1.7359689094672135,3.0,3.0,116.5982905982906,0.953304658118784,0.6579850471365601,5.649432264514747,2.830864145717044,122.84420230315136,125.75665297771717,0.1652173913043478,57.14281843962648,189.4691011235955,66.90361445783132,122.56548666576415,114.0,200.0,178.0,True,0.2826333755051996,44448.0,272.6871165644172,4.0,5.0,25621.15,36092.0,True,True,True,True,True,True,,,,,,,500,4000,,,,,,,,17.0,7.0,-1.0,184.0,,,31.0,52.0,52.0,15.0,,,,,0.0,,,,,,,,,,,,,,,,,,,,,,,,,,,,,
NQ,15m,TF_U,9,False,True,—,53.245847330045855,0.2826333755051996,188.39193083573488,65372.0,21187.0,347,1.4238549717308988,280.2140921409214,103399.0,19499.0,369,3.022645096011157,1.949534470913125,4.034641722916925,3.0,3.0,21.70175438596491,0.9743762795782576,0.7190945045889923,5.302784758192728,3.085476943408694,69.58607916904418,112.46235391299028,0.1565217391304348,81.24939446431651,188.39193083573488,52.26832018038331,136.12361065535157,114.0,200.0,174.0,True,0.2826333755051996,44448.0,272.6871165644172,4.0,5.0,33283.0,45736.0,True,True,True,True,True,True,,,,,,,500,5000,,,,,,,,17.0,7.0,-1.0,0.0,,,31.0,52.0,52.0,15.0,,,,,0.0,,,,,,,,,,,,,,,,,,,,,,,,,,,,,
NQ,15m,TF_U,9,False,True,—,53.020493496799745,0.2826333755051996,187.59459459459455,69410.0,29338.0,370,1.2558978915429453,79.49405405405406,73532.0,11897.0,925,1.0977899981806074,1.6497130993747329,1.48572931120616,3.0,3.0,73.29508196721312,0.9929751893539566,0.4770066089456039,6.180717828023871,2.365873611016429,149.65899200348147,156.39043365509295,0.1946902654867256,90.3425949050949,187.59459459459455,96.27899343544858,91.315601159146,112.0,200.0,185.0,True,0.2826333755051996,44448.0,272.6871165644172,4.0,5.0,35347.3,51324.99999999999,True,True,True,True,True,True,,,,,,,1750,0,,,,,,,,17.0,7.0,-1.0,48.0,,,31.0,52.0,52.0,15.0,,,,,0.0,,,,,,,,,,,,,,,,,,,,,,,,,,,,,
NQ,15m,TF_U,9,False,True,—,52.77535938978909,0.2826333755051996,186.72727272727272,61620.0,26502.0,330,1.2889173336334097,208.19123505976097,104512.0,26259.0,502,1.935203784441873,1.7277137275547745,2.1412982260245745,3.0,3.0,34.541666666666664,1.0235715625165374,0.4899879686381697,3.98004493697399,2.3251075390536564,126.12922917942436,141.92891918208375,0.1478260869565217,37.08606496033528,186.72727272727272,52.84019370460049,133.88707902267222,114.0,200.0,165.0,True,0.2826333755051996,44448.0,272.6871165644172,4.0,5.0,39800.29999999999,60740.0,True,True,True,True,True,True,,,,,,,750,6000,,,,,,,,17.0,7.0,-1.0,368.0,,,31.0,52.0,52.0,15.0,,,,,0.0,,,,,,,,,,,,,,,,,,,,,,,,,,,,,
NQ,15m,TF_U,9,False,True,—,52.56225080184132,0.2826333755051996,185.97326203208556,69554.0,21712.0,374,1.3623906508068004,47.47334754797442,44530.00000000001,10804.0,938,0.687956413386671,1.9010955633449913,1.0873013036540509,3.0,3.0,130.3951612903226,1.0172590462782858,0.6837117716308009,4.121621621621622,3.203481945467944,227.58032786885244,116.74796560945452,0.1160714285714285,50.71321695760599,185.97326203208556,54.3068783068783,131.66638372520725,111.0,200.0,187.0,True,0.2826333755051996,44448.0,272.6871165644172,4.0,5.0,27391.749999999985,43560.0,True,True,True,True,True,True,,,,,,,1250,5000,,,,,,,,17.0,7.0,-1.0,24.0,,,31.0,52.0,52.0,15.0,,,,,0.0,,,,,,,,,,,,,,,,,,,,,,,,,,,,,
NQ,15m,TF_U,9,False,True,—,51.54056491582681,0.2826333755051996,182.35838150289015,63096.0,29208.0,346,1.2985930689836307,181.49382716049385,117608.0,15041.0,648,2.2290861719427313,1.6072305311259891,2.39713966727751,3.0,3.0,61.5,0.9110841892879356,0.5483310541572493,7.8191609600425505,2.160230073952342,82.87334194952724,160.168124762267,0.1652173913043478,56.1740492653414,182.35838150289015,59.727375565610856,122.63100593727933,114.0,200.0,173.0,True,0.2826333755051996,44448.0,272.6871165644172,4.0,5.0,31143.499999999975,41509.0,True,True,True,True,True,True,,,,,,,750,4500,,,,,,,,17.0,7.0,-1.0,184.0,,,31.0,52.0,52.0,15.0,,,,,0.0,,,,,,,,,,,,,,,,,,,,,,,,,,,,,
NQ,15m,TF_U,9,False,True,—,51.36204312887224,0.2826333755051996,181.72674418604652,62514.0,29208.0,344,1.2920696324951644,214.75,109952.0,27329.0,512,1.956701855550327,1.601663543900817,2.3220604980333848,2.0,3.0,-15.63716814159292,1.0387237755839152,0.5525115675729872,4.023271982143511,2.140304026294166,127.25960419091967,160.72482963816103,0.1739130434782608,43.78455639497362,181.72674418604652,40.46039035591274,141.26635383013377,114.0,200.0,172.0,True,0.2826333755051996,44448.0,272.6871165644172,4.0,5.0,34068.14999999999,46280.0,True,True,True,True,True,True,,,,,,,750,4500,,,,,,,,17.0,7.0,-1.0,368.0,,,31.0,52.0,52.0,15.0,,,,,0.0,,,,,,,,,,,,,,,,,,,,,,,,,,,,,
NQ,15m,TF_U,9,False,True,—,50.58090631263424,0.2826333755051996,178.96296296296296,62816.0,21187.0,351,1.408631109202917,108.92028985507248,75155.0,16621.0,690,1.2725755307834052,1.8519607701099352,1.6340604864840973,3.0,3.0,61.64655172413793,1.0401713180945258,0.804974960317545,4.521689429035558,2.964836928305093,152.59783114895882,118.38762417218544,0.175438596491228,71.95303867403315,178.96296296296296,56.284598214285715,122.67836474867724,113.0,200.0,176.0,True,0.2826333755051996,44448.0,272.6871165644172,4.0,5.0,29456.749999999996,50463.0,True,True,True,True,True,True,,,,,,,500,5000,,,,,,,,17.0,7.0,-1.0,184.0,,,31.0,52.0,52.0,15.0,,,,,0.0,,,,,,,,,,,,,,,,,,,,,,,,,,,,,
NQ,15m,TF_U,9,False,True,—,50.441695593491595,0.2826333755051996,178.47041420118344,60323.0,28753.0,338,1.28142684525559,164.13178294573643,105865.0,15041.0,645,2.015847555063764,1.5853603931452858,2.21141046099762,3.0,3.0,9.305785123966942,0.924249865517122,0.6134380160348509,7.038428295990958,2.09797238549021,91.63977707457612,161.10793561328182,0.1652173913043478,27.121043828801785,178.47041420118344,55.77139507620164,122.6990191249818,114.0,200.0,169.0,True,0.2826333755051996,44448.0,272.6871165644172,4.0,5.0,35203.399999999994,47816.0,True,True,True,True,True,True,,,,,,,750,6000,,,,,,,,17.0,7.0,-1.0,184.0,,,31.0,52.0,52.0,15.0,,,,,0.0,,,,,,,,,,,,,,,,,,,,,,,,,,,,,
NQ,15m,TF_U,9,False,True,—,50.32264084199956,0.2826333755051996,178.04918032786884,65166.0,23692.0,366,1.7709762907576547,67.55555555555556,51680.0,11360.0,765,0.9547183255716796,1.7423783711431002,1.4203983447598127,3.0,3.0,115.15384615384616,1.1198892585159677,0.7071652663768387,4.549295774647887,2.750548708424785,168.1578947368421,133.06435871466718,0.168141592920354,91.14540303193836,178.04918032786884,96.758547008547,81.29063331932183,112.0,200.0,183.0,True,0.2826333755051996,44448.0,272.6871165644172,4.0,5.0,18562.9,30311.0,True,True,True,True,True,True,,,,,,,250,4000,,,,,,,,17.0,7.0,-1.0,184.0,,,31.0,52.0,52.0,15.0,,,,,0.0,,,,,,,,,,,,,,,,,,,,,,,,,,,,,
NQ,15m,TF_U,10,True,True,—,49.931237520194806,0.2826333755051996,176.66433566433565,50526.0,21924.0,286,1.289990989077844,75.63315508021391,70717.0,12024.999999999993,935,1.0388982860061806,1.7971831685760846,1.6578071143033335,3.0,3.0,100.53488372093024,1.005749425480044,0.7126068983073751,5.880831600831605,2.3045977011494254,158.9911195327855,124.0997506234414,0.2432432432432432,89.3720549250886,176.66433566433565,91.30529172320216,85.35904394113348,110.0,200.0,143.0,True,0.2826333755051996,44448.0,272.6871165644172,4.0,5.0,25876.5,38696.0,True,True,True,True,True,True,,,,,,,1750,2500,,,,,,,,17.0,3.0,4.0,48.0,,,63.0,79.0,37.0,137.0,,,,,0.0,,,,,,,,,,,,,,,,,,,,,,,,,,,,,
NQ,15m,TF_U,9,False,True,—,49.90726432000306,0.2826333755051996,176.57951482479783,65511.0,23448.0,371,1.363034346703315,68.72599784250271,63709.00000000001,13686.999999999993,927,0.8848512631359271,1.736963814929111,1.2931640450462525,3.0,3.0,35.42622950819672,1.123225537548795,0.726991704259743,4.654708847811795,2.7938843398157625,199.15316517289537,132.79003526125382,0.1150442477876106,34.82995021064726,176.57951482479783,26.967741935483872,149.61177288931398,112.0,200.0,186.0,True,0.2826333755051996,44448.0,272.6871165644172,4.0,5.0,25721.09999999999,35181.99999999999,True,True,True,True,True,True,,,,,,,750,0,,,,,,,,17.0,7.0,-1.0,48.0,,,31.0,52.0,52.0,15.0,,,,,0.0,,,,,,,,,,,,,,,,,,,,,,,,,,,,,
NQ,15m,TF_U,9,False,True,—,49.52851349346047,0.2826333755051996,175.2394366197183,62210.0,22827.0,355,1.403353389698636,110.90593342981188,76636.0,14003.0,691,1.4117168280128345,1.7470719200805696,1.699070343808841,3.0,3.0,52.495726495726494,0.950911251428488,0.7353970014526452,5.4728272513032925,2.725281464931879,126.2601518868417,130.26177463430318,0.1842105263157894,68.70992366412214,175.2394366197183,70.43770672546857,104.80172989424972,113.0,200.0,178.0,True,0.2826333755051996,44448.0,272.6871165644172,4.0,5.0,27181.5,38856.0,True,True,True,True,True,True,,,,,,,500,4500,,,,,,,,17.0,7.0,-1.0,184.0,,,31.0,52.0,52.0,15.0,,,,,0.0,,,,,,,,,,,,,,,,,,,,,,,,,,,,,
NQ,15m,TF_U,9,False,True,—,49.4991224674409,0.2826333755051996,175.13544668587895,60772.0,25734.0,347,1.392176095920909,111.90379008746356,76766.0,17430.0,686,1.2767311574859648,1.644461691083254,1.6136404130023116,3.0,3.0,50.68253968253968,0.9820158167286168,0.7426987002547525,4.404245553643144,2.361545037693324,155.7587994685147,146.93770157309285,0.2347826086956521,83.47566844919785,175.13544668587895,85.65011286681715,89.48533381906182,114.0,200.0,174.0,True,0.2826333755051996,44448.0,272.6871165644172,4.0,5.0,31245.34999999999,49630.0,True,True,True,True,True,True,,,,,,,500,6000,,,,,,,,17.0,7.0,-1.0,184.0,,,31.0,52.0,52.0,15.0,,,,,0.0,,,,,,,,,,,,,,,,,,,,,,,,,,,,,
NQ,15m,TF_U,9,False,True,—,49.14735944736287,0.2826333755051996,173.89085545722713,58949.0,26308.0,339,1.2734741784037558,292.6326530612245,114712.0,27413.0,392,2.6622439964720512,1.6148648519300792,2.6457625104104663,2.0,3.0,-46.610619469026545,1.00124415462339,0.7578589089276931,4.184583956516981,2.2407252546753837,93.67717414045607,151.29030178628986,0.1565217391304348,35.101465561642556,173.89085545722713,6.2264808362369335,167.6643746209902,114.0,200.0,170.0,True,0.2826333755051996,44448.0,272.6871165644172,4.0,5.0,38074.99999999999,58204.0,True,True,True,True,True,True,,,,,,,750,5000,,,,,,,,17.0,7.0,-1.0,920.0,,,31.0,52.0,52.0,15.0,,,,,0.0,,,,,,,,,,,,,,,,,,,,,,,,,,,,,
NQ,15m,TF_U,9,False,True,—,49.1123886066227,0.2826333755051996,173.76712328767124,63425.0,23192.0,365,1.7435434520111135,73.46073298429319,56124.0,11360.0,764,1.038172322220878,1.718707075797902,1.4760000295173124,3.0,3.0,84.38461538461539,1.0805867961432565,0.7260262193258462,4.9404929577464785,2.734779234218696,154.64043902786688,133.4659834450138,0.1858407079646017,92.67687226177438,173.76712328767124,92.1158798283262,81.65124345934505,112.0,200.0,183.0,True,0.2826333755051996,44448.0,272.6871165644172,4.0,5.0,19986.55,28869.0,True,True,True,True,True,True,,,,,,,250,4500,,,,,,,,17.0,7.0,-1.0,184.0,,,31.0,52.0,52.0,15.0,,,,,0.0,,,,,,,,,,,,,,,,,,,,,,,,,,,,,
NQ,15m,TF_U,9,False,True,—,48.49291819455651,0.2826333755051996,171.57534246575344,62625.0,23692.0,365,1.736400837233367,169.99801587301587,85679.0,11444.0,504,2.393636962781628,1.679025790420932,2.5833157457458755,3.0,3.0,100.6153846153846,1.029299399328158,0.6478996047735651,7.486805312827682,2.6432973155495527,67.3184327548174,138.08510978043913,0.2035398230088495,93.10559187985382,171.57534246575344,101.09635974304068,70.47898272271276,112.0,200.0,183.0,True,0.2826333755051996,44448.0,272.6871165644172,4.0,5.0,19943.0,32200.0,True,True,True,True,True,True,,,,,,,250,4000,,,,,,,,17.0,7.0,-1.0,0.0,,,31.0,52.0,52.0,15.0,,,,,0.0,,,,,,,,,,,,,,,,,,,,,,,,,,,,,
NQ,15m,TF_U,9,False,True,—,48.439012355814214,0.2826333755051996,171.3846153846154,62384.0,23192.0,364,1.7269252729582028,176.22448979591837,86350.0,13096.0,490,2.319531545856208,1.6951420128927197,2.3542697916032505,3.0,3.0,69.84615384615384,1.0921343272425823,0.71622445995204,6.593616371411118,2.689893066574681,74.3143022582513,135.3213644524237,0.2035398230088495,93.42987824313126,171.3846153846154,93.12674543501612,78.25786994959927,112.0,200.0,182.0,True,0.2826333755051996,44448.0,272.6871165644172,4.0,5.0,21914.65,44973.0,True,True,True,True,True,True,,,,,,,250,4500,,,,,,,,17.0,7.0,-1.0,0.0,,,31.0,52.0,52.0,15.0,,,,,0.0,,,,,,,,,,,,,,,,,,,,,,,,,,,,,
NQ,15m,TF_U,9,False,True,—,48.28065540217876,0.2826333755051996,170.82432432432432,63205.0,24303.0,370,1.2511074472100276,78.7264864864865,72822.0,10647.0,925,1.1492396394613085,1.6505288612029845,1.4841095301098424,3.0,3.0,107.47540983606558,0.9829269084977076,0.562360430314858,6.839673147365455,2.600707731555775,135.2403806541979,142.2689660628115,0.1238938053097345,46.808428956741565,170.82432432432432,46.96615720524017,123.85816711908416,112.0,200.0,185.0,True,0.2826333755051996,44448.0,272.6871165644172,4.0,5.0,31969.499999999996,47268.0,True,True,True,True,True,True,,,,,,,1500,5000,,,,,,,,17.0,7.0,-1.0,48.0,,,31.0,52.0,52.0,15.0,,,,,0.0,,,,,,,,,,,,,,,,,,,,,,,,,,,,,
NQ,15m,TF_U,9,False,True,—,46.799059004474174,0.2826333755051996,165.5822102425876,61431.0,26525.0,371,1.2624706792167453,77.53189189189189,71717.0,10732.0,925,1.1273101159956929,1.531402436653332,1.3181645852762334,3.0,3.0,147.68032786885246,1.0442349593615303,0.6408933466307956,6.682538203503541,2.315966069745523,138.42045818982947,160.19232960557375,0.2035398230088495,72.66220382992535,165.5822102425876,73.23427331887201,92.34793692371558,112.0,200.0,186.0,True,0.2826333755051996,44448.0,272.6871165644172,4.0,5.0,28716.39999999999,47311.0,True,True,True,True,True,True,,,,,,,1250,4000,,,,,,,,17.0,7.0,-1.0,48.0,,,31.0,52.0,52.0,15.0,,,,,0.0,,,,,,,,,,,,,,,,,,,,,,,,,,,,,
NQ,15m,TF_U,9,False,True,—,45.050550928788695,0.2826333755051996,159.3957219251337,59614.0,23065.0,374,1.37633200343417,44.66560170394037,41941.00000000001,7526.0,939,0.775522561014216,1.5808959477201032,0.9837181731859777,3.0,3.0,92.49193548387096,0.8177669993446606,0.5434704582019074,5.5728142439542925,2.584608714502493,168.49655468396077,144.7027543865535,0.1160714285714285,18.053571428571427,159.3957219251337,26.705263157894738,132.69045876723897,111.0,200.0,187.0,True,0.2826333755051996,44448.0,272.6871165644172,4.0,5.0,21590.749999999996,33726.0,True,True,True,True,True,True,,,,,,,1250,7500,,,,,,,,17.0,7.0,-1.0,12.0,,,31.0,52.0,52.0,15.0,,,,,0.0,,,,,,,,,,,,,,,,,,,,,,,,,,,,,
NQ,15m,TF_U,9,False,True,—,44.61781632595481,0.2826333755051996,157.8646408839779,57147.0,25355.0,362,1.670534813319879,72.48560209424083,55379.0,11360.0,764,1.0243914373934504,1.4933321433907234,1.410045182216446,3.0,3.0,59.38461538461539,1.0876070456381832,0.7243950829781404,4.874911971830986,2.25387497535003,156.72077863450045,160.6122806096558,0.2212389380530973,96.36821705426355,157.8646408839779,88.52432432432433,69.34031655965357,112.0,200.0,181.0,True,0.2826333755051996,44448.0,272.6871165644172,4.0,5.0,21233.949999999997,36792.0,True,True,True,True,True,True,,,,,,,250,5000,,,,,,,,17.0,7.0,-1.0,184.0,,,31.0,52.0,52.0,15.0,,,,,0.0,,,,,,,,,,,,,,,,,,,,,,,,,,,,,
NQ,15m,TF_U,9,False,True,—,44.59937990936622,0.2826333755051996,157.79941002949852,53494.0,26308.0,339,1.2481675295514854,216.6324110671937,109616.0,25504.0,506,2.043255318998516,1.4654291063317049,2.15407483052189,2.0,3.0,-46.610619469026545,0.990775572558986,0.5442822049052903,4.297992471769135,2.033373878668086,117.72938257188731,166.7179870639698,0.1565217391304348,31.733690420917934,157.79941002949852,8.494172494172494,149.30523753532603,114.0,200.0,170.0,True,0.2826333755051996,44448.0,272.6871165644172,4.0,5.0,36946.399999999994,54402.0,True,True,True,True,True,True,,,,,,,750,5000,,,,,,,,17.0,7.0,-1.0,368.0,,,31.0,52.0,52.0,15.0,,,,,0.0,,,,,,,,,,,,,,,,,,,,,,,,,,,,,
NQ,15m,TF_U,9,False,True,—,42.700555920920706,0.2826333755051996,151.0810810810811,55900.0,25938.0,370,1.2309840996991834,85.36972972972973,78967.0,9748.0,925,1.3024153345016931,1.413009870277655,1.5093095818728617,3.0,3.0,90.15384615384616,0.93448913913328,0.4744567265012499,8.100841198194502,2.1551391780399416,114.18567249610597,171.68264758497315,0.1858407079646017,54.716020297209134,151.0810810810811,60.69664138678223,90.38443969429886,112.0,200.0,185.0,True,0.2826333755051996,44448.0,272.6871165644172,4.0,5.0,28085.35,40849.0,True,True,True,True,True,True,,,,,,,1500,2500,,,,,,,,17.0,7.0,-1.0,48.0,,,31.0,52.0,52.0,15.0,,,,,0.0,,,,,,,,,,,,,,,,,,,,,,,,,,,,,
NQ,15m,TF_U,9,False,True,—,42.19480768479709,0.2826333755051996,149.29166666666666,53745.0,24480.0,360,1.6249200609281071,170.11926605504587,92715.0,13125.0,545,2.236697225352244,1.437252968755096,2.3340981015520925,3.0,3.0,66.5813953488372,0.9607075726650136,0.7175637066386049,7.064,2.1954656862745097,77.15175537938845,163.97432319285517,0.219298245614035,93.93636363636364,149.29166666666666,82.09967497291441,67.19199169375224,113.0,200.0,180.0,True,0.2826333755051996,44448.0,272.6871165644172,4.0,5.0,21607.8,29186.0,True,True,True,True,True,True,,,,,,,250,5000,,,,,,,,17.0,7.0,-1.0,920.0,,,31.0,52.0,52.0,15.0,,,,,0.0,,,,,,,,,,,,,,,,,,,,,,,,,,,,,
NQ,15m,TF_U,9,False,True,—,41.3150821058744,0.2826333755051996,146.17906336088154,53063.0,20926.0,363,1.3545783188886142,133.11840228245364,93316.0,10198.0,701,1.9855642616970568,1.5221078263178422,1.8568731251714965,3.0,3.0,42.77966101694915,0.8285831369113611,0.4458020511730563,9.150421651304177,2.535745006212367,76.60849157700716,143.15319525846635,0.1415929203539823,35.285724051186705,146.17906336088154,36.87310195227766,109.30596140860388,112.0,200.0,182.0,True,0.2826333755051996,44448.0,272.6871165644172,4.0,5.0,22517.9,36593.0,True,True,True,True,True,True,,,,,,,500,3000,,,,,,,,17.0,7.0,-1.0,184.0,,,31.0,52.0,52.0,15.0,,,,,0.0,,,,,,,,,,,,,,,,,,,,,,,,,,,,,
NQ,15m,TF_U,9,False,True,—,39.80138429023359,0.2826333755051996,140.8233695652174,51823.0,23473.0,368,1.6207239363740895,62.63424124513619,48291.0,11360.0,771,0.8851686206004631,1.3845026362138255,1.2872012388653988,3.0,3.0,89.55371900826447,1.2514124093103025,0.6520270225503834,4.250968309859155,2.2077706300856303,181.37044169721065,166.6839820157073,0.1592920353982301,61.1390335980948,140.8233695652174,59.86702127659574,80.95634828862165,112.0,200.0,184.0,True,0.2826333755051996,44448.0,272.6871165644172,4.0,5.0,17799.799999999996,29836.0,True,True,True,True,True,True,,,,,,,250,3000,,,,,,,,17.0,7.0,-1.0,184.0,,,31.0,52.0,52.0,15.0,,,,,0.0,,,,,,,,,,,,,,,,,,,,,,,,,,,,,
NQ,15m,TF_U,10,False,True,—,38.876708099663496,0.2826333755051996,137.55172413793105,39890.0,13804.0,290,1.3645086124183303,227.31628787878788,120023.0,9857.0,528,3.4487485564646767,1.7634652974326757,3.4731937060268976,3.0,3.0,49.51063829787234,0.8941496497059769,0.5490138986263412,12.176422846707924,2.889742103738047,43.36248885630254,100.3549761845074,0.2,66.50239234449761,137.55172413793105,71.51677852348993,66.03494561444111,109.0,200.0,145.0,True,0.2826333755051996,44448.0,272.6871165644172,4.0,5.0,17354.55,30571.0,True,True,True,True,True,True,,,,,,,500,2000,,,,,,,,17.0,3.0,4.0,0.0,,,63.0,79.0,37.0,137.0,,,,,0.0,,,,,,,,,,,,,,,,,,,,,,,,,,,,,
NQ,15m,TF_U,9,False,True,—,38.5786959893213,0.2826333755051996,136.497311827957,50777.0,22694.0,372,1.37173667950276,62.77993527508091,58197.0,8277.0,927,1.039412034090986,1.3648091576854409,1.1885494831392946,2.0,3.0,-5.434426229508197,0.9753239837092834,0.7253766652363383,7.031170714026821,2.237463646778884,131.84148667457086,166.25968450282608,0.1504424778761062,36.49933979680413,136.497311827957,27.5203426124197,108.9769692155373,112.0,200.0,186.0,True,0.2826333755051996,44448.0,272.6871165644172,4.0,5.0,20984.55,34571.0,True,True,True,True,True,True,,,,,,,500,5000,,,,,,,,17.0,7.0,-1.0,48.0,,,31.0,52.0,52.0,15.0,,,,,0.0,,,,,,,,,,,,,,,,,,,,,,,,,,,,,
NQ,15m,TF_U,10,False,True,—,38.374571008472415,0.2826333755051996,135.7750865051903,39239.0,14024.0,289,1.3976307735959952,60.3312101910828,56832.0,12194.0,942,0.8229478146501891,1.7269807285709755,1.730096871125446,3.0,3.0,45.127906976744185,1.0668601311410837,0.5425483260114513,4.6606527800557656,2.7979891614375356,202.1176097972973,103.28846300874132,0.1818181818181818,65.12222222222222,135.7750865051903,61.5114401076716,74.2636463975187,109.0,200.0,145.0,True,0.2826333755051996,44448.0,272.6871165644172,4.0,5.0,16370.55,25012.0,True,True,True,True,True,True,,,,,,,500,2500,,,,,,,,17.0,3.0,4.0,48.0,,,63.0,79.0,37.0,137.0,,,,,0.0,,,,,,,,,,,,,,,,,,,,,,,,,,,,,
NQ,15m,TF_U,10,False,True,—,35.64999901304775,0.2826333755051996,126.13513513513512,37336.0,15703.0,296,1.388043568637233,122.57522123893806,69255.0,18613.0,565,1.3533117475999257,1.516170757603191,1.9599468267775928,3.0,3.0,122.8181818181818,1.1776756440462544,0.7848164457251345,3.720786547037017,2.377634846844552,151.8496137462999,124.49346475251768,0.0275229357798165,-7.772277531956735,126.13513513513512,-10.89795918367347,137.0330943188086,108.0,200.0,148.0,True,0.2826333755051996,44448.0,272.6871165644172,4.0,5.0,34115.34999999999,62936.0,True,True,True,True,True,True,,,,,,,4000,500,,,,,,,,17.0,3.0,4.0,0.0,,,63.0,79.0,37.0,137.0,,,,,0.0,,,,,,,,,,,,,,,,,,,,,,,,,,,,,
NQ,15m,TF_U,10,False,True,—,35.44125069050546,0.2826333755051996,125.39655172413794,36365.0,11313.0,290,1.550609432962374,70.64912280701755,56378.0,10511.0,798,1.0379779088100751,1.7758245479129449,1.5234549159117463,3.0,3.0,100.82142857142856,1.3627773923431086,0.4572094562070825,5.363714204167063,3.214443560505613,148.7775018624286,90.21779183280628,0.1909090909090909,72.18577075098814,125.39655172413794,69.26845637583892,56.12809534829901,109.0,200.0,145.0,True,0.2826333755051996,44448.0,272.6871165644172,4.0,5.0,17615.649999999998,30225.0,True,True,True,True,True,True,,,,,,,250,3000,,,,,,,,17.0,3.0,4.0,184.0,,,63.0,79.0,37.0,137.0,,,,,0.0,,,,,,,,,,,,,,,,,,,,,,,,,,,,,
NQ,15m,TF_U,9,False,True,—,35.09377109440034,0.2826333755051996,124.16711590296497,46066.0,20998.0,371,1.2618874360432064,74.2168284789644,68799.0,7968.0,927,1.252365466446993,1.2906871391606352,1.4049518141762558,3.0,3.0,45.385245901639344,1.003747663463643,0.5378574631231349,8.63441265060241,2.193827983617487,107.3610953647582,169.11079755133937,0.2035398230088495,41.38000592957489,124.16711590296497,35.561027837259104,88.60608806570586,112.0,200.0,186.0,True,0.2826333755051996,44448.0,272.6871165644172,4.0,5.0,21964.249999999996,38789.99999999999,True,True,True,True,True,True,,,,,,,750,2500,,,,,,,,17.0,7.0,-1.0,48.0,,,31.0,52.0,52.0,15.0,,,,,0.0,,,,,,,,,,,,,,,,,,,,,,,,,,,,,
NQ,15m,TF_U,9,False,True,—,34.80265331120075,0.2826333755051996,123.13709677419357,45807.0,21945.0,372,1.323708367783926,155.6886446886447,85006.0,15551.0,546,1.880533749425935,1.252058070727804,2.643177999126771,3.0,3.0,7.528925619834711,1.030446254969272,0.6667758782366455,5.466272265449168,2.0873547505126453,99.8852551584594,178.21599318881394,0.2389380530973451,61.789456970466816,123.13709677419357,62.35494155154091,60.78215522265264,112.0,200.0,186.0,True,0.2826333755051996,44448.0,272.6871165644172,4.0,5.0,22148.199999999997,31368.0,True,True,True,True,True,True,,,,,,,500,2000,,,,,,,,17.0,7.0,-1.0,0.0,,,31.0,52.0,52.0,15.0,,,,,0.0,,,,,,,,,,,,,,,,,,,,,,,,,,,,,
NQ,15m,TF_U,10,False,True,—,31.498567013777077,0.2826333755051996,111.446735395189,32431.0,12524.0,291,1.3303454106526234,51.955414012738856,48942.0,11934.0,942,0.7163761981216519,1.5000273458861286,1.5423096762914734,3.0,3.0,46.63953488372093,1.0874075924491962,0.4954571809885685,4.1010558069381595,2.5895081443628234,229.69694740713496,112.37655329777064,0.209090909090909,61.74404761904762,111.446735395189,60.15549597855228,51.29123941663673,109.0,200.0,146.0,True,0.2826333755051996,44448.0,272.6871165644172,4.0,5.0,17018.85,30620.0,True,True,True,True,True,True,,,,,,,500,2000,,,,,,,,17.0,3.0,4.0,48.0,,,63.0,79.0,37.0,137.0,,,,,0.0,,,,,,,,,,,,,,,,,,,,,,,,,,,,,
