# Griglia grossa @FESX 240m Price Channel, motore nudo (pattern spenti, nessun filtro orario), 450 combinazioni.
# Feed FTMO, spread peggiore fra FTMO, swap peggiore fra FTMO, commissione 0/lato, orologio al minuto. Campione 2022-01-01 -> 2025-01-01, fuori campione -> 2026-09-01.
channelBars;stopLoss;takeProfit;exitHour;direction;isTrades;isNet;isDD;isPF;oosTrades;oosNet;oosDD;oosPF;oosWindowsInProfit
1;150;0;-1;0;1196;-17388.32;20521.75;0.86;618;-2365.8;7827.05;0.96;2
1;150;0;-1;1;754;-11698.72;12915.45;0.85;381;3335.98;3216.96;1.09;3
1;150;0;-1;2;766;-12920.56;16329.7;0.84;370;-4864.96;9104.55;0.87;1
1;150;0;21;0;1256;-22727.41;24442.94;0.82;682;-1099.11;8267.22;0.98;1
1;150;0;21;1;768;-6345.68;9801.62;0.92;416;3157.76;3564.31;1.08;2
1;150;0;21;2;773;-17435.91;18495.52;0.79;394;-5497.4;8408.57;0.86;0
1;150;350;-1;0;1332;-17712.48;18267.8;0.86;685;-5971.56;7291.84;0.91;0
1;150;350;-1;1;779;-11206.87;13065.26;0.86;412;-37.24;4787.54;1;2
1;150;350;-1;2;775;-16555.97;16851.96;0.79;388;-7868.03;8496.29;0.79;0
1;150;350;21;0;1358;-21453.12;22982.44;0.84;736;-7392.55;9511.4;0.89;0
1;150;350;21;1;781;-7007.92;9594.36;0.91;427;-757.1;5072.69;0.98;2
1;150;350;21;2;778;-17161.99;17466.09;0.78;401;-8667.31;9332.71;0.78;0
1;150;650;-1;0;1234;-10397.14;19438.25;0.92;640;-4735.92;6505.89;0.92;1
1;150;650;-1;1;758;-11074.93;12707.45;0.86;390;2940.14;3206.91;1.08;3
1;150;650;-1;2;771;-11680.01;15979.35;0.86;379;-8020.96;9471.86;0.79;0
1;150;650;21;0;1276;-20737.99;24423.27;0.84;699;-2028.09;7812.09;0.97;1
1;150;650;21;1;771;-7354.87;11141.54;0.9;420;3645.47;3495.33;1.09;2
1;150;650;21;2;773;-15845.59;18641.49;0.81;397;-6797.14;8460.14;0.83;0
1;150;1250;-1;0;1201;-13944.8;21262.02;0.89;626;-1939.66;8077.29;0.97;2
1;150;1250;-1;1;754;-11705.94;12922.67;0.85;381;4095.43;3216.96;1.11;3
1;150;1250;-1;2;768;-11008.14;15759.14;0.87;374;-5261.09;9457.4;0.86;1
1;150;1250;21;0;1259;-20500.91;23964.54;0.84;686;608.7;7575.04;1.01;1
1;150;1250;21;1;768;-6558.98;10014.92;0.91;416;4373.16;3564.31;1.11;3
1;150;1250;21;2;773;-15622.51;18073.52;0.81;395;-4792.87;7995.65;0.88;0
1;150;2500;-1;0;1196;-17388.32;20521.75;0.86;618;1025.13;7827.05;1.02;3
1;150;2500;-1;1;754;-11698.72;12915.45;0.85;381;6726.91;3216.96;1.18;4
1;150;2500;-1;2;766;-12920.56;16329.7;0.84;371;-5277.36;9104.55;0.86;1
1;150;2500;21;0;1256;-22727.41;24442.94;0.82;682;-378.91;8329.62;0.99;2
1;150;2500;21;1;768;-6345.68;9801.62;0.92;416;6590.36;3564.31;1.16;4
1;150;2500;21;2;773;-17435.91;18495.52;0.79;394;-5559.8;8408.57;0.86;0
1;350;0;-1;0;950;-15302.55;17209.04;0.89;495;-6852.12;7478.09;0.9;0
1;350;0;-1;1;740;-18584.82;19745.94;0.83;354;-1336.65;5202.58;0.97;2
1;350;0;-1;2;743;-5636.65;16092.35;0.95;343;-11025.05;13607.98;0.79;1
1;350;0;21;0;967;-14361.65;18837.81;0.9;549;-6713.28;12455.61;0.92;1
1;350;0;21;1;743;-9726.2;14214.98;0.91;399;-3003.2;5643.4;0.95;1
1;350;0;21;2;745;-14906.83;20406.77;0.87;381;-10469.16;13260.37;0.82;2
1;350;350;-1;0;1067;-19038.89;19388.89;0.87;550;-16819.1;17784.33;0.78;0
1;350;350;-1;1;760;-18111.81;19929.2;0.83;380;-4538.39;6809.41;0.91;1
1;350;350;-1;2;755;-9708.9;18314.29;0.91;369;-12377.21;14089.04;0.76;0
1;350;350;21;0;1095;-18072.76;19259.11;0.88;624;-16540.77;18163.45;0.82;0
1;350;350;21;1;759;-9242.96;11982.43;0.91;417;-8123.99;10126.21;0.87;0
1;350;350;21;2;755;-11688.52;18262;0.89;389;-9203.74;11214.4;0.83;1
1;350;650;-1;0;982;-6449.67;14866.43;0.95;514;-10045.98;11191.22;0.86;1
1;350;650;-1;1;746;-17465.46;18643.41;0.84;362;-4466.33;6600.65;0.91;1
1;350;650;-1;2;745;-3366.47;14533.25;0.97;353;-9881.78;11444.17;0.81;1
1;350;650;21;0;995;-13913.64;19070.58;0.9;570;-7398.77;13134.07;0.92;1
1;350;650;21;1;746;-9897.84;15377.87;0.91;403;-3860.56;6975.52;0.94;2
1;350;650;21;2;746;-13188.87;18962.6;0.88;384;-8995.31;11048.94;0.84;1
1;350;1250;-1;0;955;-12828.71;18376.02;0.91;496;-8183.44;9520.09;0.88;0
1;350;1250;-1;1;740;-18592.04;19753.16;0.83;354;-1137.41;4204.18;0.98;2
1;350;1250;-1;2;744;-1785.61;14832.72;0.98;347;-11670.86;14241.22;0.78;1
1;350;1250;21;0;972;-9785.04;17099.94;0.93;553;-6061.07;12086.19;0.93;1
1;350;1250;21;1;743;-9939.5;14428.28;0.91;399;-1842.6;5586.58;0.97;2
1;350;1250;21;2;746;-11679.91;19452.29;0.9;382;-9777.04;12600.55;0.83;2
1;350;2500;-1;0;950;-15302.55;17209.04;0.89;495;-6373.59;6999.56;0.91;0
1;350;2500;-1;1;740;-18584.82;19745.94;0.83;354;2254.28;3943.44;1.05;3
1;350;2500;-1;2;743;-5636.65;16092.35;0.95;344;-11637.45;14220.38;0.78;1
1;350;2500;21;0;967;-14361.65;18837.81;0.9;549;-6775.68;12518.01;0.92;1
1;350;2500;21;1;743;-9726.2;14214.98;0.91;399;629.4;4973.65;1.01;2
1;350;2500;21;2;745;-14906.83;20406.77;0.87;381;-10531.56;13322.77;0.82;2
1;700;0;-1;0;807;-14614.51;17581.32;0.89;430;1486.95;4593.95;1.02;2
1;700;0;-1;1;736;-25817.23;26447.85;0.79;337;5276.72;3829.23;1.13;4
1;700;0;-1;2;736;-8006.34;15556.82;0.93;328;-11348.47;13901.09;0.78;0
1;700;0;21;0;806;-3975.29;11649.45;0.97;461;-16720.92;22058.21;0.81;1
1;700;0;21;1;734;-9556.86;12610.34;0.92;392;-5169.26;9401.33;0.92;0
1;700;0;21;2;731;-15494.52;21202.44;0.87;369;-15385.9;17704.1;0.77;1
1;700;350;-1;0;926;-6866.1;13215.5;0.95;482;-15204.11;16937.48;0.8;0
1;700;350;-1;1;749;-23416.92;24703.8;0.8;364;32.37;4514.33;1;2
1;700;350;-1;2;742;-6374.41;13702.76;0.94;350;-14700.56;15749.43;0.74;0
1;700;350;21;0;948;-13953.47;16450.7;0.9;536;-18950.42;25885.49;0.79;1
1;700;350;21;1;750;-9123.92;12307.33;0.92;410;-9266.6;12678.02;0.86;1
1;700;350;21;2;745;-12011.64;18220.06;0.89;378;-12697.86;15517.38;0.79;1
1;700;650;-1;0;841;-1890.42;10512;0.99;444;-8588.17;10083.83;0.88;0
1;700;650;-1;1;738;-22785.63;23433.08;0.82;345;1520.93;3129.23;1.03;3
1;700;650;-1;2;737;-4370.78;14233.87;0.96;337;-11796.59;13113.18;0.78;0
1;700;650;21;0;839;-3018.83;12433.25;0.98;480;-16060.49;22707.32;0.82;1
1;700;650;21;1;737;-8769.2;14182.82;0.92;396;-5202.7;9698.22;0.92;1
1;700;650;21;2;734;-13384.85;19207;0.88;372;-12907.53;15290.85;0.8;1
1;700;1250;-1;0;810;-9063.14;14201.26;0.93;430;419.42;4767.32;1.01;2
1;700;1250;-1;1;735;-23038.99;23669.62;0.81;337;5727.42;3129.23;1.14;4
1;700;1250;-1;2;736;-4125.15;14856.05;0.96;332;-11270.23;13810.28;0.79;0
1;700;1250;21;0;810;118.82;11287.25;1;465;-16422.71;21845.2;0.82;1
1;700;1250;21;1;734;-8885.96;11939.44;0.92;392;-3658.66;8045.53;0.94;1
1;700;1250;21;2;732;-12148.01;19666.24;0.9;370;-14495.17;16813.38;0.78;1
1;700;2500;-1;0;807;-14614.51;17581.32;0.89;429;4677.52;4593.95;1.07;2
1;700;2500;-1;1;736;-25817.23;26447.85;0.79;337;9217.64;3129.23;1.23;4
1;700;2500;-1;2;736;-8006.34;15556.82;0.93;328;-11348.47;13901.09;0.78;0
1;700;2500;21;0;806;-3975.29;11649.45;0.97;461;-16783.32;22120.61;0.81;1
1;700;2500;21;1;734;-9556.86;12610.34;0.92;392;-1186.66;6020.59;0.98;1
1;700;2500;21;2;731;-15494.52;21202.44;0.87;369;-15448.3;17766.5;0.77;1
1;1100;0;-1;0;774;-14328.82;15004.74;0.89;422;908.87;4739.2;1.02;1
1;1100;0;-1;1;738;-25064.95;25581.7;0.8;336;4041.74;4466.24;1.1;3
1;1100;0;-1;2;736;-4491.09;15221.27;0.96;326;-10986.63;13856.42;0.78;0
1;1100;0;21;0;777;448.37;10134.97;1;436;-22268.13;27893.1;0.75;0
1;1100;0;21;1;734;-4925.62;10034.57;0.96;390;-5267.49;11057.23;0.92;1
1;1100;0;21;2;729;-15391.99;23184.08;0.87;368;-17157.77;19767.56;0.75;0
1;1100;350;-1;0;899;-7670.2;12597.73;0.94;463;-13993.39;16490.62;0.8;0
1;1100;350;-1;1;749;-22923.76;23966.79;0.81;362;987.39;3815.14;1.02;2
1;1100;350;-1;2;741;-6251.14;11907.81;0.94;346;-13919.29;15134.83;0.74;0
1;1100;350;21;0;920;-8324.94;14706.33;0.94;511;-24472.56;30784.82;0.74;0
1;1100;350;21;1;750;-6026.18;8919.95;0.94;409;-10304.83;15089.38;0.84;1
1;1100;350;21;2;744;-13133.47;19216.09;0.88;377;-15317.13;17353.05;0.76;0
1;1100;650;-1;0;810;-6585.71;12322.44;0.95;436;-7085.25;9181.34;0.89;1
1;1100;650;-1;1;740;-20611.53;21128.28;0.83;343;1663.55;3222.42;1.04;3
1;1100;650;-1;2;738;-2645.12;14280.31;0.98;334;-11316.23;12457.07;0.78;0
1;1100;650;21;0;814;1068.64;11239.73;1.01;456;-19797.9;25435.38;0.78;0
1;1100;650;21;1;737;-3403.06;10617.52;0.97;394;-5739.66;10942.45;0.91;1
1;1100;650;21;2;733;-14568.28;21943.33;0.88;371;-14466.2;17194.42;0.78;0
1;1100;1250;-1;0;779;-14120.08;15265.85;0.89;424;614.58;4925.55;1.01;2
1;1100;1250;-1;1;737;-21872.72;22389.46;0.82;336;5301.05;4129.71;1.13;4
1;1100;1250;-1;2;736;-2612.11;14931.87;0.98;329;-10966.97;13824.19;0.79;0
1;1100;1250;21;0;780;1925.41;9772.77;1.02;440;-21537.52;27159.09;0.76;0
1;1100;1250;21;1;734;-4045.12;9123.67;0.96;390;-4241.69;10186.23;0.94;1
1;1100;1250;21;2;731;-13936.75;22332.48;0.88;369;-15867.04;18180.25;0.77;0
1;1100;2500;-1;0;774;-14328.82;15004.74;0.89;422;5114.83;4739.2;1.09;2
1;1100;2500;-1;1;738;-25064.95;25581.7;0.8;336;7619.19;4129.71;1.19;4
1;1100;2500;-1;2;736;-4491.09;15221.27;0.96;326;-10986.63;13856.42;0.78;0
1;1100;2500;21;0;777;448.37;10134.97;1;436;-22330.53;27955.5;0.75;0
1;1100;2500;21;1;734;-4925.62;10034.57;0.96;390;-1769.69;7823.78;0.97;2
1;1100;2500;21;2;729;-15391.99;23184.08;0.87;368;-17220.17;19767.56;0.75;0
1;1700;0;-1;0;769;-18230.27;20025.3;0.86;421;4509.3;4739.2;1.08;2
1;1700;0;-1;1;738;-27954.62;28471.37;0.78;336;8950.03;2752.68;1.23;3
1;1700;0;-1;2;736;-5851.83;16233.2;0.95;326;-9883.8;12753.59;0.8;0
1;1700;0;21;0;770;-2546.8;11016.96;0.98;423;-22547.43;29970.75;0.75;1
1;1700;0;21;1;733;-6005.47;11982.77;0.95;390;-2032.69;9181.17;0.97;2
1;1700;0;21;2;729;-17471.1;25938.6;0.85;366;-19071.8;22346.82;0.73;0
1;1700;350;-1;0;895;-9981.56;13017.75;0.92;457;-10034.93;13405.95;0.85;1
1;1700;350;-1;1;747;-25353.15;26396.18;0.79;361;329.53;5458.24;1.01;1
1;1700;350;-1;2;741;-6597.78;13119.44;0.94;344;-12242.86;13458.4;0.77;0
1;1700;350;21;0;913;-10060.55;15130.35;0.92;496;-25270.46;33574.62;0.72;1
1;1700;350;21;1;750;-6266.3;8941.48;0.94;409;-9184.83;15524.5;0.86;1
1;1700;350;21;2;744;-14012.58;20770.6;0.87;375;-16661.16;19582.48;0.74;0
1;1700;650;-1;0;803;-10624.57;14599.14;0.92;431;-1882.65;7024.63;0.97;2
1;1700;650;-1;1;740;-23913.85;24430.59;0.81;343;3604.52;3319.93;1.08;2
1;1700;650;-1;2;737;-4471.37;15292.24;0.96;333;-10707.09;12907.93;0.8;0
1;1700;650;21;0;805;-317.33;11720.15;1;441;-20932.8;27934.31;0.77;1
1;1700;650;21;1;736;-4509.51;12565.72;0.96;394;-4319.66;11797.12;0.93;1
1;1700;650;21;2;733;-15691.99;23742.44;0.87;369;-15810.23;19395.48;0.77;0
1;1700;1250;-1;0;772;-17686.7;19521.45;0.87;423;3262.84;4739.2;1.06;2
1;1700;1250;-1;1;737;-24941.46;25458.21;0.8;336;8140.86;2752.68;1.21;3
1;1700;1250;-1;2;736;-4040.35;15943.8;0.97;329;-10464.14;13698.47;0.8;0
1;1700;1250;21;0;774;1.44;9741.86;1;426;-21558.42;29679.68;0.76;1
1;1700;1250;21;1;733;-5124.97;11071.87;0.95;390;-2221.69;9775.37;0.97;2
1;1700;1250;21;2;731;-15870.46;25087;0.87;367;-17181.07;20263.3;0.75;0
1;1700;2500;-1;0;769;-18230.27;20025.3;0.86;421;8708.68;4739.2;1.15;2
1;1700;2500;-1;1;738;-27954.62;28471.37;0.78;336;11709.01;2752.68;1.3;3
1;1700;2500;-1;2;736;-5851.83;16233.2;0.95;326;-9883.8;12753.59;0.8;0
1;1700;2500;21;0;770;-2546.8;11016.96;0.98;423;-22574.63;29970.75;0.75;1
1;1700;2500;21;1;733;-6005.47;11982.77;0.95;390;1500.31;8398.57;1.02;2
1;1700;2500;21;2;729;-17471.1;25938.6;0.85;366;-19134.2;22346.82;0.73;0
20;150;0;-1;0;507;-7828.77;10024.35;0.84;216;-799.85;3914.02;0.96;1
20;150;0;-1;1;286;-6255.28;6944.62;0.77;138;-1123.62;3470.32;0.92;2
20;150;0;-1;2;220;-1877.05;7750.12;0.92;78;323.76;2108.83;1.04;3
20;150;0;21;0;516;-6365.59;9890.83;0.87;233;-2479.45;4439.67;0.9;1
20;150;0;21;1;290;-3372.74;4649.51;0.88;149;-2150.91;3729.51;0.86;2
20;150;0;21;2;225;-3176.53;8419.23;0.86;84;-328.54;3049.54;0.96;2
20;150;350;-1;0;518;-8658.8;11218.21;0.83;228;-3182.36;4492.91;0.85;2
20;150;350;-1;1;290;-7036.12;8056.94;0.75;146;-1686.81;2877.07;0.88;2
20;150;350;-1;2;227;-1926.25;6430.31;0.91;82;-1495.55;1763.88;0.81;2
20;150;350;21;0;519;-7014.43;9429;0.85;235;-5103.85;6433.45;0.78;1
20;150;350;21;1;291;-4606.72;6054.62;0.83;151;-3295.31;4499.51;0.78;1
20;150;350;21;2;227;-2591.4;6023.4;0.88;84;-1808.54;2223.83;0.79;2
20;150;650;-1;0;511;-7797.61;10556.1;0.84;221;-1614.12;3712.3;0.93;1
20;150;650;-1;1;287;-6947.31;7636.65;0.75;140;-514.91;3155.79;0.96;2
20;150;650;-1;2;223;-1153.87;6933.54;0.95;81;-1099.21;2231.57;0.87;1
20;150;650;21;0;518;-6741.84;9563.32;0.87;234;-3268.65;4741.25;0.86;1
20;150;650;21;1;291;-3984.22;5155.32;0.85;150;-1912.91;3805.71;0.87;2
20;150;650;21;2;226;-2941.31;7660.31;0.87;84;-1355.74;2391.14;0.85;2
20;150;1250;-1;0;507;-5601.82;9899.63;0.89;218;-24.41;3914.02;1;1
20;150;1250;-1;1;286;-6255.28;6944.62;0.77;138;-1079.69;3470.32;0.92;2
20;150;1250;-1;2;220;349.89;7625.4;1.02;80;1055.28;2108.83;1.13;3
20;150;1250;21;0;516;-4784.69;9556.23;0.9;233;-854.85;3716.87;0.96;1
20;150;1250;21;1;290;-3372.74;4649.51;0.88;149;-2062.31;3729.51;0.86;2
20;150;1250;21;2;225;-1595.63;8234.63;0.93;84;1207.46;2415.34;1.13;3
20;150;2500;-1;0;507;-7828.77;10024.35;0.84;217;-1212.25;3914.02;0.94;1
20;150;2500;-1;1;286;-6255.28;6944.62;0.77;138;-1123.62;3470.32;0.92;2
20;150;2500;-1;2;220;-1877.05;7750.12;0.92;79;-88.64;2108.83;0.99;3
20;150;2500;21;0;516;-6365.59;9890.83;0.87;233;-2541.85;4439.67;0.9;1
20;150;2500;21;1;290;-3372.74;4649.51;0.88;149;-2150.91;3729.51;0.86;2
20;150;2500;21;2;225;-3176.53;8419.23;0.86;84;-390.94;3049.54;0.96;2
20;350;0;-1;0;493;-8146.17;14765.41;0.87;195;-4386.79;7553.44;0.83;1
20;350;0;-1;1;278;-6769.47;10307.89;0.81;123;-1367.34;2957.55;0.91;2
20;350;0;-1;2;214;-1645.88;10161.35;0.95;72;-3019.45;5666.24;0.73;1
20;350;0;21;0;505;-6360.27;12334.67;0.9;226;-7449.14;10308.59;0.78;1
20;350;0;21;1;285;-2546.04;5310.52;0.92;145;-3343.27;4836.02;0.83;1
20;350;0;21;2;220;-4054.3;11654.24;0.87;81;-4105.87;6609.96;0.7;2
20;350;350;-1;0;505;-9877.67;15284.64;0.85;210;-6821.48;7584.14;0.75;1
20;350;350;-1;1;283;-7831.16;9497.67;0.78;132;-2714.86;3145.53;0.83;1
20;350;350;-1;2;221;-2342.69;9102.27;0.92;78;-4106.62;4998.75;0.65;1
20;350;350;21;0;510;-4520.23;10408.23;0.93;231;-8890.53;10512.28;0.73;1
20;350;350;21;1;286;-2710.06;6776.31;0.92;149;-5349.09;6694.16;0.73;1
20;350;350;21;2;224;-2050.24;8801.23;0.93;82;-3541.44;4962.44;0.71;2
20;350;650;-1;0;496;-7376.39;14647.47;0.89;199;-4881.52;7444.42;0.82;1
20;350;650;-1;1;279;-7625.7;10431.61;0.78;124;-412.38;2609.27;0.97;1
20;350;650;-1;2;216;-19.87;9118.25;1;75;-4469.13;5635.32;0.63;1
20;350;650;21;0;508;-6701.9;12008.13;0.9;227;-7342.41;9553.32;0.78;1
20;350;650;21;1;286;-3325.41;5751.32;0.9;146;-2597.74;4443.69;0.87;1
20;350;650;21;2;222;-3616.56;10774.43;0.88;81;-4744.67;5763.16;0.64;1
20;350;1250;-1;0;493;-5719.23;14640.69;0.91;197;-4038.07;7636.91;0.85;1
20;350;1250;-1;1;278;-6769.47;10307.89;0.81;123;-1323.42;2957.55;0.91;2
20;350;1250;-1;2;214;781.06;10036.64;1.03;74;-2714.65;5793.64;0.77;1
20;350;1250;21;0;506;-3884.65;12150.07;0.94;226;-6036.14;9997.39;0.82;1
20;350;1250;21;1;285;-2546.04;5310.52;0.92;145;-3254.67;4747.42;0.84;1
20;350;1250;21;2;221;-1578.68;11469.64;0.95;81;-2781.47;6387.36;0.79;2
20;350;2500;-1;0;493;-8146.17;14765.41;0.87;196;-4999.19;7553.44;0.81;1
20;350;2500;-1;1;278;-6769.47;10307.89;0.81;123;-1367.34;2957.55;0.91;2
20;350;2500;-1;2;214;-1645.88;10161.35;0.95;73;-3631.85;5666.24;0.69;1
20;350;2500;21;0;505;-6360.27;12334.67;0.9;226;-7511.54;10308.59;0.78;1
20;350;2500;21;1;285;-2546.04;5310.52;0.92;145;-3343.27;4836.02;0.83;1
20;350;2500;21;2;220;-4054.3;11654.24;0.87;81;-4168.27;6609.96;0.69;2
20;700;0;-1;0;483;-14113.83;17800.86;0.8;192;-7206.78;9876.4;0.74;1
20;700;0;-1;1;278;-11315.81;12125.31;0.72;123;-817.92;3142.15;0.94;2
20;700;0;-1;2;214;-3370.47;11377.53;0.9;70;-6270.79;7937.46;0.56;1
20;700;0;21;0;494;-8754;13990.68;0.87;225;-10285.08;14125.64;0.73;1
20;700;0;21;1;285;-4608.68;6107.39;0.87;145;-1579.79;4903.74;0.92;1
20;700;0;21;2;218;-4090.87;12401;0.87;80;-8517.3;10620.67;0.54;1
20;700;350;-1;0;493;-12667.75;15374.63;0.82;207;-10144.75;11598.29;0.68;1
20;700;350;-1;1;283;-11659.62;12566.71;0.71;132;-1898.43;3364.33;0.88;1
20;700;350;-1;2;220;-2205.3;9060.92;0.93;76;-8128.25;8468.95;0.49;1
20;700;350;21;0;501;-6946.62;10361.57;0.89;230;-11133.28;13974.27;0.69;1
20;700;350;21;1;286;-4814.89;7984.99;0.86;149;-3531.01;6278.92;0.81;1
20;700;350;21;2;224;-2401.6;8790.58;0.92;81;-7414.27;8283.36;0.56;0
20;700;650;-1;0;486;-14058.27;17994.15;0.8;196;-6907.08;9837.98;0.77;1
20;700;650;-1;1;279;-12259.87;12835.48;0.7;124;137.04;3094.23;1.01;2
20;700;650;-1;2;216;-2370.86;10567.1;0.93;73;-6926.05;8167.63;0.55;1
20;700;650;21;0;498;-9750.33;13907.54;0.86;226;-9376.16;13131.71;0.75;1
20;700;650;21;1;286;-5388.05;6554.55;0.85;146;-834.26;4611.74;0.96;1
20;700;650;21;2;221;-4307.83;11764.58;0.87;80;-8353.9;9370.98;0.53;1
20;700;1250;-1;0;483;-11304.39;17676.15;0.84;194;-6051.05;10309.87;0.79;1
20;700;1250;-1;1;278;-11315.81;12125.31;0.72;123;-773.99;3142.15;0.95;2
20;700;1250;-1;2;214;-561.03;11252.81;0.98;72;-5158.99;8414.86;0.65;1
20;700;1250;21;0;495;-6245.88;13806.08;0.91;225;-8522.08;13698.84;0.77;1
20;700;1250;21;1;285;-4608.68;6107.39;0.87;145;-1491.19;4903.74;0.92;1
20;700;1250;21;2;219;-1582.75;12216.4;0.95;80;-6842.9;10398.07;0.62;1
20;700;2500;-1;0;483;-14113.83;17800.86;0.8;192;-7206.78;9876.4;0.74;1
20;700;2500;-1;1;278;-11315.81;12125.31;0.72;123;-817.92;3142.15;0.94;2
20;700;2500;-1;2;214;-3370.47;11377.53;0.9;70;-6270.79;7937.46;0.56;1
20;700;2500;21;0;494;-8754;13990.68;0.87;225;-10347.48;14125.64;0.72;1
20;700;2500;21;1;285;-4608.68;6107.39;0.87;145;-1579.79;4903.74;0.92;1
20;700;2500;21;2;218;-4090.87;12401;0.87;80;-8579.7;10620.67;0.54;1
20;1100;0;-1;0;477;-14344.05;16850.34;0.8;191;-9532.11;12483.41;0.69;1
20;1100;0;-1;1;278;-12792.59;13368.2;0.69;123;-1663.77;3588;0.89;2
20;1100;0;-1;2;212;-2148.98;10670.61;0.93;70;-7798.19;9746.55;0.5;1
20;1100;0;21;0;488;-7766.11;13069.64;0.88;224;-14835.01;18437.36;0.65;1
20;1100;0;21;1;285;-5849.1;7015.6;0.84;145;-3013.11;5937.07;0.85;1
20;1100;0;21;2;217;-1990.3;12397;0.94;80;-11608.5;13473.67;0.47;1
20;1100;350;-1;0;489;-10924;14995.81;0.84;206;-13307.12;15042.34;0.61;1
20;1100;350;-1;1;283;-12080.8;13257.79;0.71;132;-2891.21;4332.93;0.82;1
20;1100;350;-1;2;219;131.99;8177.89;1;76;-10345.76;10968.15;0.43;1
20;1100;350;21;0;498;-5076.43;9881.18;0.92;229;-15048.6;18051.39;0.62;1
20;1100;350;21;1;286;-4605.32;6926.42;0.87;149;-4964.33;7712.25;0.76;1
20;1100;350;21;2;224;-788.4;8590.98;0.97;81;-9870.87;10901.76;0.48;1
20;1100;650;-1;0;481;-14236.21;17837.97;0.8;195;-10032.4;13096.06;0.69;1
20;1100;650;-1;1;279;-13736.64;14312.25;0.67;124;-708.81;3391.16;0.95;2
20;1100;650;-1;2;215;-1097.09;9860.19;0.97;73;-9253.44;10776.72;0.48;1
20;1100;650;21;0;493;-9985.41;13223.86;0.85;225;-13526.08;17443.44;0.67;1
20;1100;650;21;1;286;-6628.48;7794.98;0.82;146;-2267.59;5645.07;0.89;1
20;1100;650;21;2;221;-3430.23;11760.58;0.89;80;-11045.1;12223.98;0.46;1
20;1100;1250;-1;0;477;-11018.32;16725.63;0.84;193;-8776.38;13316.88;0.72;1
20;1100;1250;-1;1;278;-12792.59;13368.2;0.69;123;-1619.85;3588;0.89;2
20;1100;1250;-1;2;212;1176.75;10545.9;1.04;72;-7086.39;10623.95;0.58;1
20;1100;1250;21;0;489;-6821.77;12885.04;0.9;224;-12672.01;18010.56;0.69;1
20;1100;1250;21;1;285;-5849.1;7015.6;0.84;145;-2924.51;5937.07;0.86;1
20;1100;1250;21;2;218;-1045.95;12212.4;0.97;80;-9534.1;13251.07;0.54;1
20;1100;2500;-1;0;477;-14344.05;16850.34;0.8;191;-9532.11;12483.41;0.69;1
20;1100;2500;-1;1;278;-12792.59;13368.2;0.69;123;-1663.77;3588;0.89;2
20;1100;2500;-1;2;212;-2148.98;10670.61;0.93;70;-7798.19;9746.55;0.5;1
20;1100;2500;21;0;488;-7766.11;13069.64;0.88;224;-14897.41;18437.36;0.65;1
20;1100;2500;21;1;285;-5849.1;7015.6;0.84;145;-3013.11;5937.07;0.85;1
20;1100;2500;21;2;217;-1990.3;12397;0.94;80;-11670.9;13473.67;0.46;1
20;1700;0;-1;0;476;-15916.04;17667.72;0.78;189;-9043.85;11995.15;0.7;1
20;1700;0;-1;1;278;-13491.04;14066.65;0.68;123;-1590.3;4195.6;0.89;2
20;1700;0;-1;2;212;-2635.52;10757.44;0.92;70;-8307.04;10255.4;0.49;1
20;1700;0;21;0;487;-8116.93;13362.76;0.88;222;-16546.13;19548.48;0.62;1
20;1700;0;21;1;285;-6319.7;7486.2;0.83;145;-2797.31;6394.67;0.86;2
20;1700;0;21;2;217;-1699.11;12408.71;0.94;80;-14657.73;16423.41;0.41;0
20;1700;350;-1;0;488;-12229.18;15889.16;0.82;204;-13472.15;15207.37;0.61;1
20;1700;350;-1;1;283;-13058.15;14235.14;0.69;132;-2817.74;4352.97;0.83;1
20;1700;350;-1;2;219;45.16;8264.72;1;76;-12054.62;12677;0.39;1
20;1700;350;21;0;497;-5748.75;10371.78;0.91;227;-15716.12;18718.91;0.61;1
20;1700;350;21;1;286;-5240.52;7145.02;0.85;149;-4748.53;7496.45;0.77;1
20;1700;350;21;2;224;-800.11;8602.7;0.97;81;-12320.1;13350.98;0.43;1
20;1700;650;-1;0;480;-15662.21;18509.35;0.79;193;-10744.14;13807.8;0.68;1
20;1700;650;-1;1;279;-14435.1;15010.71;0.66;124;-635.34;3998.76;0.96;2
20;1700;650;-1;2;215;-1583.63;9947.01;0.95;73;-10962.3;12485.57;0.44;1
20;1700;650;21;0;492;-11093.13;13441.49;0.84;223;-14637.2;18554.55;0.65;1
20;1700;650;21;1;286;-7099.08;8265.58;0.81;146;-2051.79;6102.67;0.9;2
20;1700;650;21;2;221;-4041.94;11772.3;0.88;80;-13494.33;14673.21;0.41;1
20;1700;1250;-1;0;476;-12190.6;17543.01;0.83;191;-8888.12;13428.63;0.72;1
20;1700;1250;-1;1;278;-13491.04;14066.65;0.68;123;-1546.37;4195.6;0.9;2
20;1700;1250;-1;2;212;1089.92;10632.73;1.04;72;-8195.24;11732.8;0.54;1
20;1700;1250;21;0;488;-7330.08;13178.16;0.89;222;-13783.13;19121.68;0.67;1
20;1700;1250;21;1;285;-6319.7;7486.2;0.83;145;-2708.71;6394.67;0.87;2
20;1700;1250;21;2;218;-912.27;12224.11;0.97;80;-11983.33;15700.3;0.48;1
20;1700;2500;-1;0;476;-15916.04;17667.72;0.78;189;-9043.85;11995.15;0.7;1
20;1700;2500;-1;1;278;-13491.04;14066.65;0.68;123;-1590.3;4195.6;0.89;2
20;1700;2500;-1;2;212;-2635.52;10757.44;0.92;70;-8307.04;10255.4;0.49;1
20;1700;2500;21;0;487;-8116.93;13362.76;0.88;222;-16608.53;19548.48;0.62;1
20;1700;2500;21;1;285;-6319.7;7486.2;0.83;145;-2797.31;6394.67;0.86;2
20;1700;2500;21;2;217;-1699.11;12408.71;0.94;80;-14720.13;16423.41;0.41;0
50;150;0;-1;0;328;-4105.4;7959.77;0.87;126;14.49;3281.02;1;2
50;150;0;-1;1;194;-2640.13;4762.53;0.85;98;-2964.04;3697.07;0.69;1
50;150;0;-1;2;134;-1465.28;5309.92;0.9;28;2978.53;907.3;2.03;3
50;150;0;21;0;337;-2624.04;6006.6;0.92;137;-932.61;3134.33;0.93;2
50;150;0;21;1;198;-505.81;2622;0.97;105;-2981.71;3618.51;0.72;0
50;150;0;21;2;139;-2118.23;5112.83;0.85;32;2049.1;900;1.59;2
50;150;350;-1;0;339;-5484.13;9403.3;0.83;132;-2961.52;3707.08;0.77;1
50;150;350;-1;1;198;-4718.92;5964.11;0.74;101;-3077.59;3591.21;0.69;1
50;150;350;-1;2;141;-765.21;4619.87;0.95;31;116.07;900;1.04;2
50;150;350;21;0;340;-3429.1;7297.47;0.89;139;-3213.81;4049.01;0.76;1
50;150;350;21;1;199;-2440.68;4137.55;0.86;107;-3318.11;4111.91;0.68;0
50;150;350;21;2;141;-988.41;4310.31;0.93;32;104.3;900;1.03;2
50;150;650;-1;0;333;-3633.15;8108.68;0.89;131;-1345.47;2556.1;0.9;2
50;150;650;-1;1;196;-3193.44;4638.15;0.82;100;-2500.11;3201.14;0.74;1
50;150;650;-1;2;137;-439.71;5121.27;0.97;31;1154.64;907.3;1.36;3
50;150;650;21;0;339;-2830.2;6238.47;0.91;138;-1719.01;2397.21;0.88;2
50;150;650;21;1;199;-1183.48;2926.65;0.93;106;-2925.11;3561.91;0.73;0
50;150;650;21;2;140;-1646.71;4808.11;0.88;32;1206.1;900;1.37;3
50;150;1250;-1;0;328;-2117.89;7959.77;0.93;127;-21.19;3054.3;1;3
50;150;1250;-1;1;194;-2640.13;4762.53;0.85;98;-2964.04;3697.07;0.69;1
50;150;1250;-1;2;134;522.24;5309.92;1.04;29;2942.84;907.3;2.02;3
50;150;1250;21;0;337;-1404.84;6006.6;0.96;137;-433.41;2722.73;0.97;3
50;150;1250;21;1;198;-505.81;2622;0.97;105;-2981.71;3618.51;0.72;0
50;150;1250;21;2;139;-899.03;5076.51;0.94;32;2548.3;900;1.76;3
50;150;2500;-1;0;328;-4105.4;7959.77;0.87;127;-397.91;3281.02;0.97;2
50;150;2500;-1;1;194;-2640.13;4762.53;0.85;98;-2964.04;3697.07;0.69;1
50;150;2500;-1;2;134;-1465.28;5309.92;0.9;29;2566.13;907.3;1.85;3
50;150;2500;21;0;337;-2624.04;6006.6;0.92;137;-995.01;3134.33;0.93;2
50;150;2500;21;1;198;-505.81;2622;0.97;105;-2981.71;3618.51;0.72;0
50;150;2500;21;2;139;-2118.23;5112.83;0.85;32;1986.7;900;1.57;2
50;350;0;-1;0;322;-2417.14;9423.79;0.94;113;-21.05;3964.68;1;2
50;350;0;-1;1;190;-2917.67;4189.62;0.87;87;-2471.78;3700.19;0.77;1
50;350;0;-1;2;132;498.53;6656.57;1.03;26;2450.73;1337.71;1.71;2
50;350;0;21;0;331;92.82;6944.6;1;133;-2471.06;7034.51;0.87;2
50;350;0;21;1;194;1028.08;2532.33;1.05;102;-3295.84;5212.71;0.76;2
50;350;0;21;2;137;-935.26;7037.51;0.95;31;824.79;1821.8;1.17;2
50;350;350;-1;0;332;-5478.12;10025.59;0.87;121;-3873.53;5517.72;0.76;2
50;350;350;-1;1;193;-4730.62;5851.53;0.79;91;-3067.03;3875.27;0.73;1
50;350;350;-1;2;139;-747.5;6032.76;0.96;30;-806.5;1642.46;0.82;2
50;350;350;21;0;335;-1546.2;6955.14;0.96;136;-4326.29;6940.58;0.76;2
50;350;350;21;1;195;-877.97;3100.23;0.96;105;-4110.59;5227.18;0.71;1
50;350;350;21;2;140;-668.23;6337.91;0.96;31;-215.7;1713.4;0.95;2
50;350;650;-1;0;326;-1536.75;9086.03;0.96;117;-1529.68;4115.44;0.9;2
50;350;650;-1;1;192;-3838.18;4694.88;0.83;88;-1756.52;3436.87;0.83;2
50;350;650;-1;2;134;2299.43;5835.86;1.13;29;226.85;1337.71;1.05;2
50;350;650;21;0;334;-205.33;6632.27;0.99;134;-2975.53;6068.38;0.84;2
50;350;650;21;1;195;176.9;2747.73;1.01;103;-3157.32;4862.38;0.77;2
50;350;650;21;2;139;-382.23;6340.11;0.98;31;181.79;1794.2;1.04;2
50;350;1250;-1;0;322;-229.62;9423.79;0.99;114;-56.73;3751.09;1;2
50;350;1250;-1;1;190;-2917.67;4189.62;0.87;87;-2471.78;3700.19;0.77;1
50;350;1250;-1;2;132;2686.05;6656.57;1.15;27;2415.05;1337.71;1.7;3
50;350;1250;21;0;332;2206.73;6944.6;1.06;133;-1771.86;6622.91;0.9;2
50;350;1250;21;1;194;1028.08;2532.33;1.05;102;-3295.84;5212.71;0.76;2
50;350;1250;21;2;138;1178.66;7037.51;1.06;31;1523.99;1794.2;1.33;2
50;350;2500;-1;0;322;-2417.14;9423.79;0.94;114;-633.45;3964.68;0.96;2
50;350;2500;-1;1;190;-2917.67;4189.62;0.87;87;-2471.78;3700.19;0.77;1
50;350;2500;-1;2;132;498.53;6656.57;1.03;27;1838.33;1337.71;1.48;2
50;350;2500;21;0;331;92.82;6944.6;1;133;-2533.46;7034.51;0.87;2
50;350;2500;21;1;194;1028.08;2532.33;1.05;102;-3295.84;5212.71;0.76;2
50;350;2500;21;2;137;-935.26;7037.51;0.95;31;762.39;1821.8;1.15;2
50;700;0;-1;0;321;-7788.69;11820.7;0.83;111;1016.14;2942.57;1.08;2
50;700;0;-1;1;190;-5951.15;6520.26;0.77;86;-1099.74;2551.12;0.88;1
50;700;0;-1;2;132;-1864.25;8222.71;0.91;25;2115.88;900.03;1.58;3
50;700;0;21;0;328;-2587.02;8534.43;0.94;133;-1412.39;7415.89;0.93;2
50;700;0;21;1;194;-606.62;3740.93;0.97;102;-349.38;3651.89;0.97;2
50;700;0;21;2;135;-2025;8693.34;0.9;31;-1063.01;3764;0.86;2
50;700;350;-1;0;330;-10182.1;13244.96;0.78;119;-2711.63;5167.68;0.82;2
50;700;350;-1;1;193;-7806.81;8727.57;0.7;90;-1157.99;2726.19;0.88;2
50;700;350;-1;2;138;-2400.01;7389.1;0.88;29;-1553.64;2535.23;0.73;2
50;700;350;21;0;334;-5569.13;9323.9;0.87;136;-3217.42;7321.96;0.82;2
50;700;350;21;1;195;-2588.47;4765.93;0.88;105;-1189.52;3666.36;0.9;1
50;700;350;21;2;140;-3025.26;8033.34;0.85;31;-2027.9;3655.6;0.69;2
50;700;650;-1;0;325;-7655.03;11706.35;0.84;115;-249.78;3410.39;0.98;2
50;700;650;-1;1;192;-6959.49;7528.6;0.73;87;-384.48;2287.79;0.96;2
50;700;650;-1;2;134;-722.25;7410.49;0.97;28;134.7;1122.6;1.03;2
50;700;650;21;0;332;-3572.37;8465.5;0.92;134;-1541.27;6449.76;0.92;2
50;700;650;21;1;195;-1457.8;4164.73;0.93;103;-210.85;3301.56;0.98;2
50;700;650;21;2;138;-2159.17;8035.54;0.9;31;-1330.41;3148.2;0.8;2
50;700;1250;-1;0;321;-5251.17;11820.7;0.88;112;2137.45;2942.57;1.17;2
50;700;1250;-1;1;190;-5951.15;6520.26;0.77;86;-1099.74;2551.12;0.88;1
50;700;1250;-1;2;132;673.27;8222.71;1.03;26;3237.19;900.03;1.89;3
50;700;1250;21;0;329;-473.11;8534.43;0.99;133;-363.19;7004.29;0.98;2
50;700;1250;21;1;194;-606.62;3740.93;0.97;102;-349.38;3651.89;0.97;2
50;700;1250;21;2;136;88.92;8693.34;1;31;-13.81;3352.4;1;2
50;700;2500;-1;0;321;-7788.69;11820.7;0.83;111;1016.14;2942.57;1.08;2
50;700;2500;-1;1;190;-5951.15;6520.26;0.77;86;-1099.74;2551.12;0.88;1
50;700;2500;-1;2;132;-1864.25;8222.71;0.91;25;2115.88;900.03;1.58;3
50;700;2500;21;0;328;-2587.02;8534.43;0.94;133;-1474.79;7415.89;0.92;2
50;700;2500;21;1;194;-606.62;3740.93;0.97;102;-349.38;3651.89;0.97;2
50;700;2500;21;2;135;-2025;8693.34;0.9;31;-1125.41;3764;0.85;2
50;1100;0;-1;0;320;-8773.91;11208.79;0.81;111;1042.57;3351.5;1.08;2
50;1100;0;-1;1;190;-7301;7870.11;0.73;86;-838.09;2560.05;0.91;1
50;1100;0;-1;2;131;-1499.63;7559.17;0.93;25;1880.66;1300.03;1.48;2
50;1100;0;21;0;328;-1959.96;8288.23;0.95;133;-3800.29;9188.69;0.82;2
50;1100;0;21;1;194;-1401.65;4122.15;0.94;102;-782.58;4085.09;0.94;2
50;1100;0;21;2;135;-602.91;8793.34;0.97;31;-3017.71;5189.8;0.68;2
50;1100;350;-1;0;329;-10465.14;13291.25;0.78;119;-3375.32;6266.72;0.79;2
50;1100;350;-1;1;193;-9156.65;10077.41;0.66;90;-896.35;2735.12;0.91;2
50;1100;350;-1;2;137;-1333.21;6725.56;0.93;29;-2478.97;3625.34;0.63;2
50;1100;350;21;0;334;-6131.55;9938.85;0.86;136;-5205.32;9094.76;0.74;2
50;1100;350;21;1;195;-3383.5;5147.15;0.85;105;-1622.72;4099.56;0.87;1
50;1100;350;21;2;140;-2792.66;8133.34;0.86;31;-3582.6;4995.2;0.56;2
50;1100;650;-1;0;324;-8554.47;11539.42;0.82;115;-1023.35;4619.32;0.93;2
50;1100;650;-1;1;192;-8309.33;8878.45;0.7;87;-122.84;2296.72;0.99;2
50;1100;650;-1;2;133;-271.85;6746.94;0.99;28;-900.51;2322.6;0.85;2
50;1100;650;21;0;332;-4570.19;8219.3;0.9;134;-3529.17;8222.56;0.83;2
50;1100;650;21;1;195;-2252.82;4545.95;0.9;103;-644.05;3734.76;0.95;2
50;1100;650;21;2;138;-2361.97;8135.54;0.89;31;-2885.11;4487.8;0.65;2
50;1100;1250;-1;0;320;-5836.4;11208.79;0.87;112;2163.89;3351.5;1.17;2
50;1100;1250;-1;1;190;-7301;7870.11;0.73;86;-838.09;2560.05;0.91;1
50;1100;1250;-1;2;131;1437.88;7559.17;1.08;26;3001.98;1300.03;1.77;3
50;1100;1250;21;0;329;-1566.34;8288.23;0.96;133;-2351.09;8777.09;0.89;2
50;1100;1250;21;1;194;-1401.65;4122.15;0.94;102;-782.58;4085.09;0.94;2
50;1100;1250;21;2;136;-209.28;8793.34;0.99;31;-1568.51;4692;0.81;2
50;1100;2500;-1;0;320;-8773.91;11208.79;0.81;111;1042.57;3351.5;1.08;2
50;1100;2500;-1;1;190;-7301;7870.11;0.73;86;-838.09;2560.05;0.91;1
50;1100;2500;-1;2;131;-1499.63;7559.17;0.93;25;1880.66;1300.03;1.48;2
50;1100;2500;21;0;328;-1959.96;8288.23;0.95;133;-3862.69;9188.69;0.82;2
50;1100;2500;21;1;194;-1401.65;4122.15;0.94;102;-782.58;4085.09;0.94;2
50;1100;2500;21;2;135;-602.91;8793.34;0.97;31;-3080.11;5189.8;0.67;2
50;1700;0;-1;0;320;-9879.42;11581.73;0.79;111;983.86;3410.21;1.08;2
50;1700;0;-1;1;190;-7633.85;8202.96;0.72;86;-838.09;2560.05;0.91;1
50;1700;0;-1;2;131;-2272.29;7932.11;0.89;25;1821.95;1358.74;1.46;2
50;1700;0;21;0;328;-2495.88;8605.54;0.94;133;-6270.49;11058.89;0.74;2
50;1700;0;21;1;194;-1620.25;4340.75;0.93;102;-782.58;4085.09;0.94;2
50;1700;0;21;2;135;-920.23;9110.66;0.95;31;-5487.91;7660;0.54;2
50;1700;350;-1;0;329;-11134.94;13904.12;0.77;119;-4634.03;7525.43;0.73;2
50;1700;350;-1;1;193;-9453.5;10374.27;0.66;90;-896.35;2735.12;0.91;2
50;1700;350;-1;2;137;-1706.15;7098.5;0.91;29;-3737.68;4884.05;0.53;2
50;1700;350;21;0;334;-6667.47;10474.77;0.85;136;-7075.52;10964.96;0.68;2
50;1700;350;21;1;195;-3602.1;5365.75;0.84;105;-1622.72;4099.56;0.87;1
50;1700;350;21;2;140;-3109.97;8450.66;0.85;31;-5452.8;6865.4;0.45;2
50;1700;650;-1;0;324;-9860.26;12188.29;0.8;115;-2282.06;5878.03;0.86;2
50;1700;650;-1;1;192;-8642.19;9211.3;0.69;87;-122.84;2296.72;0.99;2
50;1700;650;-1;2;133;-1244.79;7119.88;0.94;28;-2159.22;3581.31;0.71;2
50;1700;650;21;0;332;-5706.11;8782.45;0.88;134;-5399.37;10092.76;0.76;2
50;1700;650;21;1;195;-2471.42;4764.55;0.89;103;-644.05;3734.76;0.95;2
50;1700;650;21;2;138;-3279.28;8452.86;0.85;31;-4755.31;6358;0.53;2
50;1700;1250;-1;0;320;-6341.91;11581.73;0.86;112;2105.17;3410.21;1.16;2
50;1700;1250;-1;1;190;-7633.85;8202.96;0.72;86;-838.09;2560.05;0.91;1
50;1700;1250;-1;2;131;1265.23;7932.11;1.07;26;2943.26;1358.74;1.75;3
50;1700;1250;21;0;329;-1956.85;8605.54;0.96;133;-4221.29;10647.29;0.81;2
50;1700;1250;21;1;194;-1620.25;4340.75;0.93;102;-782.58;4085.09;0.94;2
50;1700;1250;21;2;136;-381.2;9110.66;0.98;31;-3438.71;6562.2;0.66;2
50;1700;2500;-1;0;320;-9879.42;11581.73;0.79;111;983.86;3410.21;1.08;2
50;1700;2500;-1;1;190;-7633.85;8202.96;0.72;86;-838.09;2560.05;0.91;1
50;1700;2500;-1;2;131;-2272.29;7932.11;0.89;25;1821.95;1358.74;1.46;2
50;1700;2500;21;0;328;-2495.88;8605.54;0.94;133;-6332.89;11058.89;0.74;2
50;1700;2500;21;1;194;-1620.25;4340.75;0.93;102;-782.58;4085.09;0.94;2
50;1700;2500;21;2;135;-920.23;9110.66;0.95;31;-5550.31;7660;0.53;2
