half,seed,p,trades,net,dd,pf,avg
campione,1001,0.58455,1575,-94544.25,158508.99,0.94,-60.03
campione,1002,0.58455,1555,-29877.8,108976.96,0.98,-19.21
campione,1003,0.58455,1585,22843.4,89292.12,1.02,14.41
campione,1004,0.58455,1574,-146655.79,256999.74,0.9,-93.17
campione,1005,0.58455,1574,-30194.89,182982.9,0.98,-19.18
campione,1006,0.58455,1577,-141201.17,207194.7,0.91,-89.54
campione,1007,0.58455,1577,-121226.42,171733.16,0.92,-76.87
campione,1008,0.58455,1569,-41906.24,68911.2,0.97,-26.71
campione,1009,0.58455,1596,-114237.16,245797.42,0.92,-71.58
campione,1010,0.58455,1606,-54536.76,120461.52,0.96,-33.96
campione,1011,0.58455,1562,-160764.77,173568.45,0.89,-102.92
campione,1012,0.58455,1582,-127091.22,172126.94,0.92,-80.34
campione,1013,0.58455,1557,-149951.97,153921.63,0.9,-96.31
campione,1014,0.58455,1588,135622.77,55001.94,1.1,85.4
campione,1015,0.58455,1591,-200242.36,220645.52,0.87,-125.86
campione,1016,0.58455,1572,-48259.12,186033.16,0.97,-30.7
campione,1017,0.58455,1574,49116.46,75011.06,1.03,31.2
campione,1018,0.58455,1558,-6308.18,87257.42,1,-4.05
campione,1019,0.58455,1601,-102314.21,135252.41,0.93,-63.91
campione,1020,0.58455,1584,-125940.39,149497.72,0.92,-79.51
campione,1021,0.58455,1563,-16565.48,173426.8,0.99,-10.6
campione,1022,0.58455,1571,-106783.16,161434.52,0.93,-67.97
campione,1023,0.58455,1580,-112047.05,117383.79,0.92,-70.92
campione,1024,0.58455,1576,-57095.84,178711.74,0.96,-36.23
campione,1025,0.58455,1571,-216480.66,241360.96,0.85,-137.8
campione,1026,0.58455,1578,46390.12,56677.74,1.03,29.4
campione,1027,0.58455,1586,-198452.81,208266.03,0.87,-125.13
campione,1028,0.58455,1584,-43453.14,123725.98,0.97,-27.43
campione,1029,0.58455,1592,-132188.32,154377.22,0.91,-83.03
campione,1030,0.58455,1581,-59877.76,114982.32,0.96,-37.87
campione,1031,0.58455,1587,-126623.52,197986.5,0.92,-79.79
campione,1032,0.58455,1592,50406.93,137004.46,1.04,31.66
campione,1033,0.58455,1590,-122256.4,155266.28,0.92,-76.89
campione,1034,0.58455,1595,-19656.45,116180.62,0.99,-12.32
campione,1035,0.58455,1578,52882.62,66510.22,1.04,33.51
campione,1036,0.58455,1593,-141509.28,209718.5,0.91,-88.83
campione,1037,0.58455,1587,-153584.15,199668.23,0.9,-96.78
campione,1038,0.58455,1575,-175307.38,300917.76,0.88,-111.31
campione,1039,0.58455,1575,-201089.5,246542.14,0.87,-127.68
campione,1040,0.58455,1580,-22659.3,137331.3,0.98,-14.34
campione,1041,0.58455,1563,-123575.48,176146.22,0.92,-79.06
campione,1042,0.58455,1560,124682.4,64211.56,1.09,79.92
campione,1043,0.58455,1608,-165771.18,224220.02,0.89,-103.09
campione,1044,0.58455,1593,-112574.28,179217.98,0.92,-70.67
campione,1045,0.58455,1586,-108925.06,194830.54,0.93,-68.68
campione,1046,0.58455,1573,-324328.93,326134.51,0.79,-206.18
campione,1047,0.58455,1585,1884.8,150912.07,1,1.19
campione,1048,0.58455,1551,-39195.06,131806.31,0.97,-25.27
campione,1049,0.58455,1577,-106268.92,180973,0.93,-67.39
campione,1050,0.58455,1577,23828.58,128435.54,1.02,15.11
campione,1051,0.58455,1568,80279.72,67145.78,1.06,51.2
campione,1052,0.58455,1577,-46624.17,118425.2,0.97,-29.57
campione,1053,0.58455,1552,-229267.17,241338.61,0.85,-147.72
campione,1054,0.58455,1579,40239.16,72809.86,1.03,25.48
campione,1055,0.58455,1578,-19798.48,100471.85,0.99,-12.55
campione,1056,0.58455,1574,71906.46,85059.14,1.05,45.68
campione,1057,0.58455,1577,-83123.92,191163.44,0.94,-52.71
campione,1058,0.58455,1566,48469.14,58693.9,1.04,30.95
campione,1059,0.58455,1581,-121147.76,167355.9,0.92,-76.63
campione,1060,0.58455,1571,-52068.16,113762.62,0.96,-33.14
campione,1061,0.58455,1602,-130390.42,196105.98,0.91,-81.39
campione,1062,0.58455,1573,-103051.68,143258.69,0.93,-65.51
campione,1063,0.58455,1573,77524.92,62689.8,1.06,49.28
campione,1064,0.58455,1588,86500.52,76702.82,1.06,54.47
campione,1065,0.58455,1561,69276.19,58174.06,1.05,44.38
campione,1066,0.58455,1572,82095.88,72966.54,1.06,52.22
campione,1067,0.58455,1574,-9286.04,141338.82,0.99,-5.9
campione,1068,0.58455,1580,-40826.8,115188.72,0.97,-25.84
campione,1069,0.58455,1586,-210007.56,259547.92,0.86,-132.41
campione,1070,0.58455,1575,-72237,144944.02,0.95,-45.86
campione,1071,0.58455,1586,134809.94,83864.22,1.1,85
campione,1072,0.58455,1578,-78779.63,132293.87,0.95,-49.92
campione,1073,0.58455,1576,116724.42,73523.16,1.09,74.06
campione,1074,0.58455,1592,24844.18,87306.84,1.02,15.61
campione,1075,0.58455,1585,-133531.6,168310.28,0.91,-84.25
campione,1076,0.58455,1582,-119858.72,134459.44,0.92,-75.76
campione,1077,0.58455,1580,-254104.05,292769.19,0.84,-160.83
campione,1078,0.58455,1583,98397.57,58495.4,1.07,62.16
campione,1079,0.58455,1564,-88993.94,138534.64,0.94,-56.9
campione,1080,0.58455,1592,-3570.82,106914.72,1,-2.24
campione,1081,0.58455,1595,-182541.58,218357.4,0.88,-114.45
campione,1082,0.58455,1559,-12587.02,72506.46,0.99,-8.07
campione,1083,0.58455,1584,-84198.14,178487.98,0.94,-53.16
campione,1084,0.58455,1567,-20045.67,103608.67,0.99,-12.79
campione,1085,0.58455,1577,-168206.42,211729.86,0.89,-106.66
campione,1086,0.58455,1574,57196.71,95637.99,1.04,36.34
campione,1087,0.58455,1589,-90230.69,103045.77,0.94,-56.78
campione,1088,0.58455,1584,-126085.64,156908.46,0.92,-79.6
campione,1089,0.58455,1592,-183755.82,253939.7,0.88,-115.42
campione,1090,0.58455,1596,-149369.66,203940.96,0.9,-93.59
campione,1091,0.58455,1591,-253054.61,289771.13,0.84,-159.05
campione,1092,0.58455,1576,-11155.21,125295,0.99,-7.08
campione,1093,0.58455,1573,-133437.33,170244.26,0.91,-84.83
campione,1094,0.58455,1586,-48577.56,104877.5,0.97,-30.63
campione,1095,0.58455,1581,-120985.64,216263.28,0.92,-76.52
campione,1096,0.58455,1575,-19354.5,114580.58,0.99,-12.29
campione,1097,0.58455,1596,-31229.66,79191.34,0.98,-19.57
campione,1098,0.58455,1575,-99018.6,106927.84,0.93,-62.87
campione,1099,0.58455,1603,-79178.63,176987.77,0.95,-49.39
campione,1100,0.58455,1588,-159442.36,189943.32,0.9,-100.4
validazione,1001,0.64021,1481,-240316.26,327172.88,0.87,-162.27
validazione,1002,0.64021,1473,-88701.58,198806.14,0.95,-60.22
validazione,1003,0.64021,1505,-285085.8,371562.58,0.85,-189.43
validazione,1004,0.64021,1493,-110538.28,178205.44,0.94,-74.04
validazione,1005,0.64021,1504,-121512.59,162817.65,0.94,-80.79
validazione,1006,0.64021,1489,-139320.69,242839.19,0.92,-93.57
validazione,1007,0.64021,1481,-45068.01,108903.25,0.97,-30.43
validazione,1008,0.64021,1495,-172288.95,199896.77,0.91,-115.24
validazione,1009,0.64021,1488,-202105.98,293287.26,0.89,-135.82
validazione,1010,0.64021,1489,-170082.69,198264.53,0.91,-114.23
validazione,1011,0.64021,1468,-163863.03,233114.85,0.91,-111.62
validazione,1012,0.64021,1509,5161.11,85941.58,1,3.42
validazione,1013,0.64021,1523,-12378.83,178601.78,0.99,-8.13
validazione,1014,0.64021,1460,-290084.1,294011.46,0.84,-198.69
validazione,1015,0.64021,1484,-255542.14,328052.96,0.86,-172.2
validazione,1016,0.64021,1494,-55900.49,213317.11,0.97,-37.42
validazione,1017,0.64021,1503,-49629.38,110577.6,0.97,-33.02
validazione,1018,0.64021,1511,-44038.81,136860.12,0.98,-29.15
validazione,1019,0.64021,1487,-73536.02,171459.1,0.96,-49.45
validazione,1020,0.64021,1499,-100257.29,166021.73,0.95,-66.88
validazione,1021,0.64021,1493,-4246.53,125554.3,1,-2.84
validazione,1022,0.64021,1510,-162682.85,183038.61,0.91,-107.74
validazione,1023,0.64021,1488,65032.77,102930.62,1.04,43.7
validazione,1024,0.64021,1509,54365.11,97945.54,1.03,36.03
validazione,1025,0.64021,1506,-244656.51,291316.65,0.87,-162.45
validazione,1026,0.64021,1487,-62404.77,119399.91,0.96,-41.97
validazione,1027,0.64021,1493,-165642.78,272978.09,0.91,-110.95
validazione,1028,0.64021,1498,10753.42,152496,1.01,7.18
validazione,1029,0.64021,1500,26154.25,114738.54,1.01,17.44
validazione,1030,0.64021,1496,-209944.66,218272.58,0.89,-140.34
validazione,1031,0.64021,1519,-278097.74,293360.04,0.86,-183.08
validazione,1032,0.64021,1488,-285500.48,342178.68,0.85,-191.87
validazione,1033,0.64021,1519,-101765.24,184463.36,0.95,-66.99
validazione,1034,0.64021,1490,-120465.9,209527.08,0.93,-80.85
validazione,1035,0.64021,1480,-8650.05,119309.48,1,-5.84
validazione,1036,0.64021,1492,-197384.32,203572.42,0.9,-132.3
validazione,1037,0.64021,1509,-135595.39,183657.17,0.93,-89.86
validazione,1038,0.64021,1494,-3912.24,191854.11,1,-2.62
validazione,1039,0.64021,1501,-124542.96,213286.09,0.93,-82.97
validazione,1040,0.64021,1482,-320933.72,356215.98,0.83,-216.55
validazione,1041,0.64021,1511,-206505.31,242662.67,0.89,-136.67
validazione,1042,0.64021,1503,-84837.13,174288.27,0.95,-56.45
validazione,1043,0.64021,1495,-222959.45,234342.01,0.88,-149.14
validazione,1044,0.64021,1503,-112495.63,193747.83,0.94,-74.85
validazione,1045,0.64021,1508,115637.82,67866.25,1.07,76.68
validazione,1046,0.64021,1464,-43075.19,197743.04,0.98,-29.42
validazione,1047,0.64021,1471,-176242.16,220757.6,0.9,-119.81
validazione,1048,0.64021,1522,-211576.62,380251.83,0.89,-139.01
validazione,1049,0.64021,1511,-140521.31,212359.53,0.93,-93
validazione,1050,0.64021,1486,103288.19,64406.31,1.06,69.51
validazione,1051,0.64021,1502,-108342.92,137773.08,0.94,-72.13
validazione,1052,0.64021,1479,21513.91,99714.13,1.01,14.55
validazione,1053,0.64021,1484,-207358.89,293692.45,0.89,-139.73
validazione,1054,0.64021,1495,-19350.7,114698.57,0.99,-12.94
validazione,1055,0.64021,1484,-111305.64,192801.27,0.94,-75
validazione,1056,0.64021,1489,-87775.94,166821.52,0.95,-58.95
validazione,1057,0.64021,1497,-178487.12,274906.58,0.9,-119.23
validazione,1058,0.64021,1489,-283277.94,372001.99,0.85,-190.25
validazione,1059,0.64021,1497,-164285.62,222849.52,0.91,-109.74
validazione,1060,0.64021,1503,-285068.38,348029.6,0.86,-189.67
validazione,1061,0.64021,1491,122310.39,74039.99,1.07,82.03
validazione,1062,0.64021,1503,-222935.13,256565.29,0.88,-148.33
validazione,1063,0.64021,1484,-53026.64,201966.28,0.97,-35.73
validazione,1064,0.64021,1480,-87749.3,129090.68,0.95,-59.29
validazione,1065,0.64021,1508,-113533.18,166073.12,0.94,-75.29
validazione,1066,0.64021,1506,-176823.26,275298.58,0.91,-117.41
validazione,1067,0.64021,1526,-161382.96,254416.66,0.92,-105.76
validazione,1068,0.64021,1496,-43543.66,150221.4,0.98,-29.11
validazione,1069,0.64021,1496,-94133.16,187102.37,0.95,-62.92
validazione,1070,0.64021,1494,-320160.74,361466.02,0.84,-214.3
validazione,1071,0.64021,1483,-11209.93,127863.85,0.99,-7.56
validazione,1072,0.64021,1493,-150160.78,174216.84,0.92,-100.58
validazione,1073,0.64021,1491,-102510.86,209571.22,0.94,-68.75
validazione,1074,0.64021,1474,-115490.79,153552.58,0.94,-78.35
validazione,1075,0.64021,1491,-7465.11,78898.15,1,-5.01
validazione,1076,0.64021,1485,-78556.35,165029.05,0.96,-52.9
validazione,1077,0.64021,1489,-173364.44,210022.34,0.91,-116.43
validazione,1078,0.64021,1490,-135016.65,202672.97,0.93,-90.62
validazione,1079,0.64021,1501,-64709.96,156193.64,0.96,-43.11
validazione,1080,0.64021,1490,-231952.9,252372.18,0.88,-155.67
validazione,1081,0.64021,1507,-5039.72,140129.02,1,-3.34
validazione,1082,0.64021,1504,-213375.09,239798.01,0.89,-141.87
validazione,1083,0.64021,1507,-45168.47,141260.02,0.98,-29.97
validazione,1084,0.64021,1495,-277260.2,318884.86,0.85,-185.46
validazione,1085,0.64021,1489,-218000.69,259319.33,0.88,-146.41
validazione,1086,0.64021,1494,24703.26,81006.88,1.01,16.53
validazione,1087,0.64021,1513,94224.02,113874.88,1.05,62.28
validazione,1088,0.64021,1487,-109333.52,200174.98,0.94,-73.53
validazione,1089,0.64021,1484,-120265.14,160691.72,0.93,-81.04
validazione,1090,0.64021,1501,-165945.96,223292.34,0.91,-110.56
validazione,1091,0.64021,1511,4605.94,158380.24,1,3.05
validazione,1092,0.64021,1510,-166523.85,211733.17,0.91,-110.28
validazione,1093,0.64021,1481,-158015.01,210783.36,0.91,-106.69
validazione,1094,0.64021,1501,-66326.46,179153.8,0.96,-44.19
validazione,1095,0.64021,1498,-15425.58,140090.46,0.99,-10.3
validazione,1096,0.64021,1497,72056.13,90019.02,1.04,48.13
validazione,1097,0.64021,1511,-38696.81,126041.51,0.98,-25.61
validazione,1098,0.64021,1493,-105684.53,122574.51,0.94,-70.79
validazione,1099,0.64021,1474,-116006.29,190199.89,0.94,-78.7
validazione,1100,0.64021,1497,109926.88,116726.6,1.06,73.43
