# Griglia grossa @FDAX 240m Breakout di sessione, motore nudo (pattern spenti, nessun filtro orario), 200 combinazioni.
# Feed ICS, spread peggiore fra ICS, swap peggiore fra ICS, commissione 19.23/lato, orologio al minuto. Campione 2014-07-18 -> 2021-01-01, fuori campione -> 2026-09-01.
sessions;stopLoss;takeProfit;exitHour;direction;isTrades;isNet;isDD;isPF;oosTrades;oosNet;oosDD;oosPF;oosWindowsInProfit
1;1000;0;-1;0;1902;70065.96;123836.55;1.05;1739;-156467.32;168181.96;0.88;1
1;1000;0;21;0;1886;111887.34;90183.47;1.09;1724;-135968.92;167421.59;0.9;1
1;1000;2500;-1;0;1946;3325.07;111167.28;1;1768;-75738.91;92346.87;0.94;2
1;1000;2500;21;0;1929;32494.59;90318.16;1.03;1754;-70932.72;92362.94;0.94;2
1;1000;4500;-1;0;1925;23951.8;104667.6;1.02;1757;12092.16;108682.72;1.01;2
1;1000;4500;21;0;1907;59701.98;77042.76;1.05;1743;18729.85;113153.92;1.01;3
1;1000;9000;-1;0;1909;76385.59;122256.17;1.06;1745;-112465.88;147514.04;0.92;2
1;1000;9000;21;0;1893;120474.25;89710.97;1.09;1729;-99560.47;143251.04;0.93;2
1;1000;18000;-1;0;1902;55208.58;123836.55;1.04;1739;-137467.32;156550.55;0.9;1
1;1000;18000;21;0;1886;100842.09;90183.47;1.08;1724;-116968.92;157448.54;0.91;1
1;2500;0;-1;0;1807;7095.36;87086.43;1;1658;-114479.91;143044.73;0.94;1
1;2500;0;21;0;1787;104347.86;72850.62;1.06;1643;-87642.83;137712.06;0.96;2
1;2500;2500;-1;0;1858;-9617.81;92671.1;0.99;1710;-44298.4;102163.13;0.98;2
1;2500;2500;21;0;1837;53377.38;64758.56;1.03;1696;-13740.61;75292.96;0.99;2
1;2500;4500;-1;0;1833;22847.5;75498.7;1.01;1690;68604.95;74663.82;1.03;3
1;2500;4500;21;0;1811;106036.62;78010.25;1.06;1672;98680.08;74064.76;1.05;3
1;2500;9000;-1;0;1815;26140.15;83265.88;1.01;1668;-128457.53;162340.2;0.94;1
1;2500;9000;21;0;1795;125747.55;73413.88;1.07;1651;-92147.26;142381.11;0.95;1
1;2500;18000;-1;0;1807;-209.52;87086.43;1;1658;-106922.03;135486.86;0.95;1
1;2500;18000;21;0;1787;93302.61;72850.62;1.05;1643;-73750.33;125709.88;0.96;2
1;5000;0;-1;0;1657;-178137.37;267436.34;0.91;1550;-184687.3;190150.72;0.92;0
1;5000;0;21;0;1636;-5720.51;113209.01;1;1528;-170062.08;196855.46;0.92;1
1;5000;2500;-1;0;1720;-150200.03;217821.79;0.92;1615;-122065.53;181579.88;0.94;1
1;5000;2500;21;0;1696;-39974.59;122134.67;0.98;1592;-77190.67;142952.12;0.96;1
1;5000;4500;-1;0;1687;-137650.17;218291.88;0.93;1587;-10344.5;99885.03;1;2
1;5000;4500;21;0;1662;11801.58;102272.13;1.01;1560;34920.2;87732.45;1.02;2
1;5000;9000;-1;0;1665;-151245.2;243292.01;0.92;1560;-240263.18;245726.59;0.9;0
1;5000;9000;21;0;1644;17472.69;109731.51;1.01;1536;-202529.01;223197.39;0.91;1
1;5000;18000;-1;0;1657;-185442.25;274741.21;0.91;1550;-185870.58;191333.99;0.92;0
1;5000;18000;21;0;1636;-16765.76;115556.89;0.99;1528;-152514.58;179307.96;0.93;1
1;8000;0;-1;0;1584;-194793.07;284346.05;0.9;1448;-346650.01;354921.76;0.86;0
1;8000;0;21;0;1575;-8780.93;99807.55;1;1430;-308474.98;332625.41;0.86;0
1;8000;2500;-1;0;1651;-142349.29;216590.54;0.92;1522;-201730.32;257105.03;0.9;1
1;8000;2500;21;0;1639;-19326.59;113827.55;0.99;1510;-149710.43;208357.09;0.92;1
1;8000;4500;-1;0;1615;-149299.95;223032.66;0.92;1491;-105345.64;151977.88;0.95;2
1;8000;4500;21;0;1601;8373.42;83559.57;1;1470;-25699.63;106636.21;0.99;2
1;8000;9000;-1;0;1592;-149380.9;241681.72;0.92;1460;-410114.68;416209.23;0.83;0
1;8000;9000;21;0;1583;30662.27;93618.95;1.02;1439;-344117.87;358485.94;0.85;0
1;8000;18000;-1;0;1584;-202097.94;291650.92;0.9;1448;-344833.28;353105.03;0.86;0
1;8000;18000;21;0;1575;-19826.18;110852.8;0.99;1430;-287927.48;312077.91;0.87;0
1;12000;0;-1;0;1561;-124733.14;247080.4;0.93;1404;-415386.37;439844.31;0.83;0
1;12000;0;21;0;1559;49765.44;110846.69;1.03;1399;-360639.47;406859.12;0.84;0
1;12000;2500;-1;0;1633;-88284.61;189128.56;0.95;1489;-236231.67;302552.14;0.88;1
1;12000;2500;21;0;1627;31129.18;86352.54;1.02;1483;-187619.01;265154.16;0.9;1
1;12000;4500;-1;0;1592;-71852.57;181528.43;0.96;1451;-162348.56;239042.94;0.93;2
1;12000;4500;21;0;1586;79118.07;81107.4;1.05;1441;-69186.04;180405.4;0.97;2
1;12000;9000;-1;0;1569;-79753.09;204848.2;0.96;1416;-478648.16;494642.97;0.81;0
1;12000;9000;21;0;1567;88671.13;89041.21;1.05;1408;-395049.86;436380.81;0.83;1
1;12000;18000;-1;0;1561;-132038.01;254385.27;0.93;1404;-420026.39;444484.33;0.83;0
1;12000;18000;21;0;1559;38720.19;110846.69;1.02;1399;-352929.47;399149.12;0.85;0
2;1000;0;-1;0;1482;86664.03;66865.99;1.09;1339;-82460.42;120506.18;0.92;2
2;1000;0;21;0;1471;121647.94;44034.5;1.12;1325;-77371.2;128258.32;0.92;2
2;1000;2500;-1;0;1515;32153.73;53846.07;1.03;1364;-32788.79;64965.42;0.97;2
2;1000;2500;21;0;1503;52217.37;40258.88;1.06;1350;-26010.2;64492.48;0.97;2
2;1000;4500;-1;0;1501;66661.07;47694.19;1.07;1355;42669.15;70004.62;1.04;2
2;1000;4500;21;0;1488;87858.67;45328.7;1.09;1341;39932.94;75421.74;1.04;2
2;1000;9000;-1;0;1487;72117.33;65285.62;1.07;1345;-33914.35;99562.1;0.97;2
2;1000;9000;21;0;1475;109660.98;44034.5;1.11;1330;-36562.75;105575.96;0.96;2
2;1000;18000;-1;0;1482;71806.66;66865.99;1.07;1339;-63460.42;110421.49;0.94;2
2;1000;18000;21;0;1471;110602.69;44034.5;1.11;1325;-58371.2;121478.46;0.94;2
2;2500;0;-1;0;1445;42260.15;87008.81;1.03;1300;-77319.35;110387.18;0.95;1
2;2500;0;21;0;1436;122220.49;50129.15;1.09;1286;-66656.09;112627.32;0.96;2
2;2500;2500;-1;0;1483;22201.8;51680.95;1.02;1342;-54745.87;101616.89;0.96;2
2;2500;2500;21;0;1473;72133.87;48334.23;1.06;1329;-23477.77;83553.94;0.98;2
2;2500;4500;-1;0;1467;58566.61;65133.62;1.04;1327;69115.31;58538.24;1.04;3
2;2500;4500;21;0;1456;122436.34;48155.39;1.09;1310;91146.63;51599.62;1.06;3
2;2500;9000;-1;0;1451;44700.34;83828.75;1.03;1310;-89876.58;118292.8;0.94;1
2;2500;9000;21;0;1441;126693.82;49330.69;1.09;1294;-67720.52;111074.82;0.96;2
2;2500;18000;-1;0;1445;34955.28;87008.81;1.02;1300;-69761.48;107631.81;0.96;1
2;2500;18000;21;0;1436;111175.24;50129.15;1.08;1286;-52763.59;107514.82;0.97;2
2;5000;0;-1;0;1396;-110393.11;200439.67;0.93;1271;-160042.51;204747.25;0.91;1
2;5000;0;21;0;1386;23091.39;89896.88;1.02;1260;-155296.55;165955.07;0.91;1
2;5000;2500;-1;0;1437;-95685.2;178619.37;0.93;1319;-119618.29;163201.76;0.93;0
2;5000;2500;21;0;1425;-16183.9;106348.54;0.99;1308;-79095.03;134268.89;0.95;1
2;5000;4500;-1;0;1420;-75967.78;157141.64;0.95;1302;-5430.72;101699.34;1;1
2;5000;4500;21;0;1406;31133.24;84802.43;1.02;1287;30156.28;68681.74;1.02;1
2;5000;9000;-1;0;1402;-105149.8;204445.16;0.93;1281;-189590.31;214117.85;0.9;1
2;5000;9000;21;0;1391;25908.22;81792.88;1.02;1268;-175418.48;181809.5;0.9;1
2;5000;18000;-1;0;1396;-117697.99;207744.54;0.93;1271;-153049.64;204747.25;0.92;1
2;5000;18000;21;0;1386;12046.14;89896.88;1.01;1260;-141681.55;160209.22;0.92;1
2;8000;0;-1;0;1363;-107628.66;212551.21;0.93;1232;-284921.15;295222.15;0.86;0
2;8000;0;21;0;1356;34055.72;76865.53;1.02;1223;-252524.51;257804.35;0.86;1
2;8000;2500;-1;0;1408;-62574.73;161804.21;0.96;1285;-221635.58;236770.27;0.87;0
2;8000;2500;21;0;1400;33217.88;79630.49;1.03;1276;-165716.79;195892.12;0.9;0
2;8000;4500;-1;0;1388;-60805.68;158412.67;0.96;1267;-73043.6;104434.38;0.96;1
2;8000;4500;21;0;1377;53633.86;76729.13;1.04;1254;-4427.27;98724.68;1;1
2;8000;9000;-1;0;1369;-87040.34;201211.7;0.95;1244;-322554.87;331469.68;0.84;0
2;8000;9000;21;0;1361;49947.54;73636.29;1.03;1232;-276164.9;281444.74;0.85;1
2;8000;18000;-1;0;1363;-114933.53;219856.08;0.93;1232;-274928.27;285229.28;0.86;0
2;8000;18000;21;0;1356;23010.47;81190.77;1.02;1223;-235909.51;241189.35;0.87;1
2;12000;0;-1;0;1357;-109915.3;227700.6;0.93;1212;-271567.47;292523.69;0.86;1
2;12000;0;21;0;1353;42984.6;89132.43;1.03;1206;-258849.94;271155.38;0.86;1
2;12000;2500;-1;0;1404;-52009.52;170693.9;0.96;1269;-227374.07;246915.5;0.87;0
2;12000;2500;21;0;1398;57206.55;69759.07;1.04;1263;-174816.31;207345.1;0.89;1
2;12000;4500;-1;0;1382;-48891.97;163630.92;0.97;1249;-70884.59;147131.32;0.96;1
2;12000;4500;21;0;1374;81776.99;83476.43;1.06;1240;-9468.08;145574.96;0.99;1
2;12000;9000;-1;0;1363;-85326.98;212361.09;0.95;1224;-314024.47;327802.41;0.84;1
2;12000;9000;21;0;1358;61486.42;81626.79;1.04;1215;-274330.33;282368.27;0.86;1
2;12000;18000;-1;0;1357;-117220.17;235005.47;0.93;1212;-268031.35;288987.56;0.86;1
2;12000;18000;21;0;1353;31939.35;89132.43;1.02;1206;-255072.44;267377.88;0.86;1
3;1000;0;-1;0;1260;85239.2;73034.55;1.1;1127;-80060.75;107309.63;0.91;1
3;1000;0;21;0;1253;129248.8;46431.86;1.15;1120;-66390.7;97529.08;0.92;2
3;1000;2500;-1;0;1290;15262.68;68046.09;1.02;1147;-61437.22;88232.4;0.92;2
3;1000;2500;21;0;1282;43666.51;54760.81;1.05;1140;-51337.05;78069.35;0.94;2
3;1000;4500;-1;0;1275;35966.15;56403.18;1.04;1139;-7546.89;58701.46;0.99;2
3;1000;4500;21;0;1266;68979.64;48245.88;1.08;1132;3453.03;62458.97;1;2
3;1000;9000;-1;0;1263;65687.17;71454.17;1.08;1132;-36798.92;74072.81;0.96;2
3;1000;9000;21;0;1256;108382.42;46431.86;1.13;1124;-29803.79;70631.41;0.97;2
3;1000;18000;-1;0;1260;70381.83;73034.55;1.08;1127;-61060.75;88309.63;0.93;1
3;1000;18000;21;0;1253;118203.55;46431.86;1.14;1120;-47390.7;85757;0.94;2
3;2500;0;-1;0;1232;58492.43;94396.46;1.05;1090;-62430.28;92324.22;0.95;1
3;2500;0;21;0;1226;122943.17;54798.8;1.11;1083;-51377.73;95358.73;0.96;1
3;2500;2500;-1;0;1266;13982.54;64619.72;1.01;1128;-21642.96;81383.85;0.98;2
3;2500;2500;21;0;1259;53599.79;48657.88;1.05;1122;74.03;59735.87;1;1
3;2500;4500;-1;0;1250;46624.38;82722.91;1.04;1114;37657.91;47359.32;1.03;1
3;2500;4500;21;0;1242;98654.88;59413.22;1.09;1104;62499.86;46696.43;1.05;2
3;2500;9000;-1;0;1236;55124.42;88996.94;1.05;1099;-73616.92;94275.21;0.95;1
3;2500;9000;21;0;1230;117419.58;56119.76;1.1;1090;-54516.2;90901.23;0.96;1
3;2500;18000;-1;0;1232;51187.56;94396.46;1.04;1090;-54872.4;89568.85;0.96;1
3;2500;18000;21;0;1226;111897.92;54798.8;1.1;1083;-37485.23;90246.23;0.97;1
3;5000;0;-1;0;1208;-40938.88;143419.73;0.97;1074;-168832.34;202130.17;0.9;1
3;5000;0;21;0;1203;74348.15;70771.5;1.06;1068;-164422.41;167807.46;0.89;1
3;5000;2500;-1;0;1245;-79573.05;156077.06;0.94;1119;-104420.92;159135.89;0.92;2
3;5000;2500;21;0;1238;-1032.41;82291.7;1;1113;-70135.91;111442.38;0.95;1
3;5000;4500;-1;0;1228;-47245.93;130303;0.96;1102;-36759.17;109399.46;0.98;2
3;5000;4500;21;0;1219;50315.86;75950.85;1.04;1092;-1647.2;68892.52;1;1
3;5000;9000;-1;0;1212;-41768.77;141485.81;0.97;1083;-193412.63;211707.88;0.88;1
3;5000;9000;21;0;1207;67168.06;69561;1.05;1075;-182558.38;185738.22;0.88;1
3;5000;18000;-1;0;1208;-48243.76;147323.09;0.96;1074;-161839.47;202130.17;0.9;1
3;5000;18000;21;0;1203;63302.9;70771.5;1.05;1068;-150807.41;155292.08;0.9;1
3;8000;0;-1;0;1190;-52030;160785.53;0.96;1057;-279416.72;289253.85;0.84;0
3;8000;0;21;0;1185;70009.45;70259.54;1.06;1052;-264862.15;271422.95;0.84;1
3;8000;2500;-1;0;1228;-60001.93;143837.49;0.95;1106;-189082.01;201580.17;0.87;0
3;8000;2500;21;0;1222;22384.23;79518.12;1.02;1101;-148555.99;161981.67;0.89;1
3;8000;4500;-1;0;1211;-53314.41;147611.55;0.96;1089;-93081.44;122714.58;0.94;1
3;8000;4500;21;0;1202;49885.96;78546.76;1.04;1080;-40292.53;83412.43;0.97;1
3;8000;9000;-1;0;1194;-37514.89;146908.13;0.97;1068;-312645.06;322482.18;0.82;1
3;8000;9000;21;0;1189;75904.36;69824.54;1.06;1060;-288626.58;295187.38;0.83;1
3;8000;18000;-1;0;1190;-59334.88;168090.41;0.96;1057;-269423.85;279260.97;0.84;0
3;8000;18000;21;0;1185;58964.2;70259.54;1.05;1052;-248247.15;254807.95;0.85;1
3;12000;0;-1;0;1183;-49853.56;172479.9;0.96;1046;-293328.56;306103.23;0.83;1
3;12000;0;21;0;1179;72316.21;72706.61;1.06;1040;-283960.13;290520.93;0.83;1
3;12000;2500;-1;0;1223;-45513.63;143896.33;0.96;1098;-210717.38;223215.54;0.86;0
3;12000;2500;21;0;1217;39750.78;63846.95;1.04;1091;-173438.39;186864.07;0.88;1
3;12000;4500;-1;0;1204;-36937.62;145603.45;0.97;1079;-114089.12;129045.29;0.93;1
3;12000;4500;21;0;1196;71406.97;72085.45;1.06;1069;-67433.97;135624.05;0.96;1
3;12000;9000;-1;0;1187;-31338.45;154602.5;0.98;1057;-323269.02;333106.15;0.82;1
3;12000;9000;21;0;1183;80821.12;70860.45;1.07;1048;-303562.06;310122.86;0.82;1
3;12000;18000;-1;0;1183;-57158.43;179784.78;0.96;1046;-289792.44;302567.11;0.83;1
3;12000;18000;21;0;1179;61270.96;72706.61;1.05;1040;-280182.63;286743.43;0.83;1
5;1000;0;-1;0;1002;114099.83;37373.86;1.17;884;-23280.99;78140.57;0.97;2
5;1000;0;21;0;998;151976.7;32636.2;1.24;883;-14662.06;84252.72;0.98;2
5;1000;2500;-1;0;1027;37859.48;45178.26;1.06;903;-27112.11;76061.51;0.96;2
5;1000;2500;21;0;1022;58232.46;42267.23;1.09;902;-24966.3;72855.94;0.96;2
5;1000;4500;-1;0;1017;78600.83;35819.61;1.12;895;59439.83;41212.74;1.09;2
5;1000;4500;21;0;1011;108433.29;33128.7;1.17;894;64077.64;47148.31;1.1;2
5;1000;9000;-1;0;1005;95229.73;37373.86;1.14;888;17638.72;58699.71;1.03;2
5;1000;9000;21;0;1001;136315.32;32636.2;1.21;886;18025.82;60660.67;1.03;2
5;1000;18000;-1;0;1002;99242.46;37373.86;1.15;884;-4280.99;67816.61;0.99;2
5;1000;18000;21;0;998;140931.45;32636.2;1.22;883;4337.95;71839.95;1.01;2
5;2500;0;-1;0;980;128161.5;44335.4;1.14;860;-40933.2;87400.23;0.96;1
5;2500;0;21;0;977;181868.81;31166.04;1.21;860;-40232.08;94374.93;0.96;2
5;2500;2500;-1;0;1008;69880.45;46452.17;1.08;891;-25347.54;79553.71;0.97;2
5;2500;2500;21;0;1004;97677.19;36164.35;1.12;891;-20275.59;66293.45;0.98;2
5;2500;4500;-1;0;998;119069.42;42599.07;1.13;878;63777.62;46741.02;1.06;2
5;2500;4500;21;0;993;164207.02;41058.3;1.19;877;68806.86;50077.19;1.07;2
5;2500;9000;-1;0;984;124210.79;46106.25;1.14;866;-30882.36;82061.62;0.97;1
5;2500;9000;21;0;981;178177.72;31166.04;1.21;865;-29856.13;85964.93;0.97;1
5;2500;18000;-1;0;980;120856.63;44335.4;1.13;860;-33375.33;84644.86;0.97;1
5;2500;18000;21;0;977;170823.56;31166.04;1.2;860;-26339.58;89262.43;0.97;2
5;5000;0;-1;0;967;52725.38;69998.28;1.05;849;-110006.12;138827.16;0.91;1
5;5000;0;21;0;965;149372.85;48807.47;1.16;849;-119944.47;119944.47;0.9;1
5;5000;2500;-1;0;998;13352.52;62156.7;1.01;883;-79653.71;101548.35;0.93;0
5;5000;2500;21;0;994;71464.06;45492.31;1.08;883;-64810.36;86135.68;0.94;1
5;5000;4500;-1;0;987;60921.43;55271.67;1.06;869;15618.64;53748.34;1.01;1
5;5000;4500;21;0;981;142872.07;50621.43;1.16;867;26031.51;59002.04;1.02;1
5;5000;9000;-1;0;971;51312.79;64390.55;1.05;855;-118262.2;137829.34;0.91;1
5;5000;9000;21;0;969;144025.26;44668.92;1.15;854;-124053.52;124053.52;0.9;1
5;5000;18000;-1;0;967;45420.51;69998.28;1.04;849;-103013.24;138827.16;0.92;1
5;5000;18000;21;0;965;138327.6;48807.47;1.15;849;-106329.47;106329.47;0.91;1
5;8000;0;-1;0;960;31733.13;72529.34;1.03;845;-210405.8;213645.43;0.85;1
5;8000;0;21;0;958;132735.32;52753.17;1.14;845;-205237.98;205237.98;0.84;1
5;8000;2500;-1;0;991;17676.72;55029.32;1.02;881;-164245.66;175041.72;0.86;0
5;8000;2500;21;0;987;77353.78;40271.49;1.09;881;-142335.04;151739.61;0.87;1
5;8000;4500;-1;0;980;44540.65;66468.53;1.04;867;-46578.6;85750.3;0.96;1
5;8000;4500;21;0;974;131976.79;61073.3;1.14;865;-17608.18;88078.29;0.99;1
5;8000;9000;-1;0;964;47290.16;66959.74;1.05;852;-229173.6;232413.22;0.84;1
5;8000;9000;21;0;962;142687.73;52318.17;1.15;851;-216012.99;216012.99;0.84;1
5;8000;18000;-1;0;960;24428.25;72529.34;1.02;845;-200412.93;203652.55;0.85;1
5;8000;18000;21;0;958;121690.07;52753.17;1.13;845;-188622.98;188622.98;0.86;1
5;12000;0;-1;0;955;23449.63;85263.31;1.02;842;-220375.17;223614.8;0.84;1
5;12000;0;21;0;952;122536.33;61207.09;1.13;842;-225762.1;225762.1;0.83;1
5;12000;2500;-1;0;988;20430.27;66513.24;1.02;879;-177003.54;189234.19;0.85;0
5;12000;2500;21;0;983;80970.37;48418.03;1.09;879;-161470.12;174570.65;0.86;1
5;12000;4500;-1;0;976;56590.19;64571.62;1.06;865;-69594.55;120934.38;0.95;1
5;12000;4500;21;0;969;146831.09;55544.84;1.16;863;-51595.76;141911.83;0.96;1
5;12000;9000;-1;0;959;43006.66;77394.59;1.04;849;-235855.09;239094.72;0.84;1
5;12000;9000;21;0;956;135098.74;53967.09;1.14;848;-232374.61;232374.61;0.83;1
5;12000;18000;-1;0;955;16144.75;85263.31;1.02;842;-216839.05;220078.67;0.85;1
5;12000;18000;21;0;952;111491.08;61207.09;1.11;842;-221984.6;221984.6;0.84;1
