# Griglia grossa @NQ 15m Price Channel, motore nudo (pattern spenti, nessun filtro orario), 450 combinazioni.
# Feed ICS, spread peggiore fra ICS/FTMOPLATFORM, swap peggiore fra ICS/FTMO, commissione 19.23/lato, orologio al minuto. Campione 2022-01-01 -> 2025-01-01, fuori campione -> 2026-09-01.
channelBars;stopLoss;takeProfit;exitHour;direction;isTrades;isNet;isDD;isPF;oosTrades;oosNet;oosDD;oosPF;oosWindowsInProfit
1;500;0;-1;0;1463;50007.82;50975.54;1.07;828;28098.92;44023.82;1.07;4
1;500;0;-1;1;784;5498.7;34033.28;1.01;435;3793.04;34803.82;1.02;3
1;500;0;-1;2;782;-14666.72;76211.22;0.96;435;-29613.2;82732.38;0.86;1
1;500;0;21;0;1441;43673.54;49509.46;1.07;817;22270.38;34354.16;1.06;3
1;500;0;21;1;774;-8629.24;32212.12;0.98;430;972;31885.9;1;2
1;500;0;21;2;774;-24640.64;66026.8;0.93;430;-24213.4;71428.88;0.89;1
1;500;1000;-1;0;1558;-39225.9;44109.16;0.93;870;-21692.3;44723.74;0.93;2
1;500;1000;-1;1;784;-46530.96;49761.78;0.84;435;-16146.1;27146.36;0.9;1
1;500;1000;-1;2;782;-34076.22;49345.54;0.88;435;-44355.2;52117.2;0.73;0
1;500;1000;21;0;1544;-35149.24;40039.6;0.94;860;-22997.6;45074.88;0.92;2
1;500;1000;21;1;774;-45905.64;49136.46;0.84;430;-18542.8;28581.52;0.88;1
1;500;1000;21;2;774;-34923.04;50384.68;0.88;430;-43263.8;51033.18;0.74;0
1;500;2000;-1;0;1551;-40085.42;54888.02;0.94;870;15131.7;30437.42;1.04;3
1;500;2000;-1;1;784;-18534.42;32327.94;0.94;435;7964.12;16774.14;1.04;2
1;500;2000;-1;2;782;-45026.02;55967.22;0.87;435;-34440.2;48547.4;0.82;1
1;500;2000;21;0;1534;-39782.24;53662.14;0.94;860;14232.4;31255.56;1.04;3
1;500;2000;21;1;774;-17608.64;32966.74;0.95;430;4235.2;16774.14;1.02;2
1;500;2000;21;2;774;-46427.44;58205.66;0.86;430;-33348.8;47463.38;0.82;1
1;500;4000;-1;0;1532;-21353.98;42473.2;0.97;865;22297.38;33922.3;1.06;3
1;500;4000;-1;1;784;-16230.88;35238.74;0.96;435;19998.88;20859.16;1.1;2
1;500;4000;-1;2;782;-45828.72;77808.38;0.88;435;-21622.4;40841.42;0.9;1
1;500;4000;21;0;1501;-19597.26;44629.6;0.97;854;19172.76;40280.46;1.05;3
1;500;4000;21;1;774;-18109.64;36644.98;0.95;430;9425.2;29230.54;1.05;2
1;500;4000;21;2;774;-48757.44;81574.12;0.87;430;-21132.8;40366.3;0.9;1
1;500;8000;-1;0;1481;40468.52;52655.48;1.06;845;-578.38;45012.54;1;2
1;500;8000;-1;1;784;-5471.86;31464.74;0.99;435;-12201.9;34803.82;0.94;2
1;500;8000;-1;2;782;-15007.72;82128.12;0.96;435;-40235.4;60026.3;0.81;1
1;500;8000;21;0;1453;41969.82;49154.38;1.06;831;-3409.46;51667.48;0.99;2
1;500;8000;21;1;774;-13745.04;34732.98;0.96;430;-12565;41849.9;0.94;2
1;500;8000;21;2;774;-15337.24;76524.96;0.96;430;-33617.4;53251.28;0.84;0
1;1000;0;-1;0;1382;-98327.54;148599.98;0.91;788;74635.9;79577.06;1.11;3
1;1000;0;-1;1;784;9163.96;62045.5;1.01;435;78622.62;32364.88;1.22;2
1;1000;0;-1;2;782;-53482.82;115744.42;0.92;435;-72928.3;130920.84;0.81;1
1;1000;0;21;0;1360;-80497;138935.78;0.92;771;53722.94;79311.82;1.08;3
1;1000;0;21;1;774;-8764.04;62641.74;0.99;430;75075;30385.12;1.21;3
1;1000;0;21;2;774;-45012.44;95960.94;0.93;430;-52936;109454.62;0.86;1
1;1000;1000;-1;0;1549;-100525.88;120164.44;0.88;868;-35776.84;52814.96;0.92;1
1;1000;1000;-1;1;784;-75427.28;78311.9;0.82;435;4230.12;19487.02;1.02;3
1;1000;1000;-1;2;782;-13265.52;43439.1;0.97;435;-61214.2;69472.18;0.75;0
1;1000;1000;21;0;1538;-92461.68;116775.24;0.89;859;-28511.14;51588.24;0.94;1
1;1000;1000;21;1;774;-71377.44;74262.06;0.83;430;3888.2;20804.4;1.02;3
1;1000;1000;21;2;774;-13045.64;42123;0.97;430;-59275.8;68041.16;0.76;0
1;1000;2000;-1;0;1534;-146880.52;174331.06;0.86;867;36281.02;29766.84;1.06;2
1;1000;2000;-1;1;784;-63134.4;73298.98;0.88;435;40943.78;21119.26;1.15;2
1;1000;2000;-1;2;782;-47247.12;73874.96;0.91;435;-48784.3;67155.1;0.84;1
1;1000;2000;21;0;1512;-152737.92;180046.94;0.85;857;41510.38;30059.56;1.07;3
1;1000;2000;21;1;774;-60354.24;71171.2;0.89;430;41237.2;20009.02;1.15;2
1;1000;2000;21;2;774;-45532.04;73077.86;0.91;430;-47578.8;66268.08;0.84;1
1;1000;4000;-1;0;1487;-141960.2;160770.66;0.88;854;64833.92;33503.82;1.1;3
1;1000;4000;-1;1;784;-48319.24;67409.32;0.92;435;83834.86;23319.24;1.26;3
1;1000;4000;-1;2;782;-63005.62;96768.48;0.9;435;-23813.1;48721.44;0.93;1
1;1000;4000;21;0;1451;-135201.86;154889.6;0.88;840;73615.6;41436.68;1.11;3
1;1000;4000;21;1;774;-49210.44;68221.84;0.92;430;74556.2;30692.24;1.23;3
1;1000;4000;21;2;774;-61180.24;96678.56;0.9;430;-23719.4;50241.62;0.93;1
1;1000;8000;-1;0;1406;-86114.62;130981.56;0.92;817;52527.76;59387.8;1.08;3
1;1000;8000;-1;1;784;8397.82;54170.64;1.01;435;48902.14;32859.98;1.14;2
1;1000;8000;-1;2;782;-50573.82;110987.74;0.92;435;-49132.5;88493.52;0.87;1
1;1000;8000;21;0;1379;-81551.14;134243.92;0.92;797;45144.58;65549.74;1.07;3
1;1000;8000;21;1;774;-7329.24;61818.38;0.99;430;47768;32748.36;1.14;3
1;1000;8000;21;2;774;-38776.84;95227.94;0.94;430;-35409;74675.3;0.91;1
1;1500;0;-1;0;1303;-124557.3;199279.56;0.91;753;53151.76;50939;1.06;3
1;1500;0;-1;1;784;6568.82;59461.98;1.01;435;4413.7;46351.58;1.01;2
1;1500;0;-1;2;782;-89645.72;172842.14;0.89;435;-91081.9;159405.86;0.83;1
1;1500;0;21;0;1278;-119307.68;197388.06;0.91;732;49641.88;42560.82;1.06;2
1;1500;0;21;1;774;-18045.24;79402.58;0.98;430;12065.4;41209.12;1.03;2
1;1500;0;21;2;774;-97478.64;159798.94;0.88;430;-88810.4;149748.7;0.82;1
1;1500;1000;-1;0;1546;-84301.6;98532.88;0.91;865;-13029.22;34338.46;0.97;2
1;1500;1000;-1;1;784;-66460.82;69345.44;0.87;435;3014.12;23703.02;1.01;2
1;1500;1000;-1;2;782;-27326.82;61422.44;0.94;435;-87533.3;100957.72;0.72;0
1;1500;1000;21;0;1532;-76148.72;98764.18;0.92;856;-8117.76;33782.48;0.98;2
1;1500;1000;21;1;774;-60853.64;63738.26;0.88;430;3216.2;24476.4;1.01;2
1;1500;1000;21;2;774;-27317.84;61726.64;0.94;430;-84499.8;99779.7;0.72;0
1;1500;2000;-1;0;1505;-156295.98;179579.54;0.88;859;14350.44;56518.9;1.02;2
1;1500;2000;-1;1;784;-85675.62;90194.72;0.87;435;22043.4;27850.04;1.06;2
1;1500;2000;-1;2;782;-61141.82;99917.16;0.91;435;-79359.6;108858.4;0.8;1
1;1500;2000;21;0;1485;-143611.9;168748.54;0.89;848;19551.32;49442.42;1.03;2
1;1500;2000;21;1;774;-79060.64;84732.12;0.88;430;23054.6;26509.78;1.06;2
1;1500;2000;21;2;774;-58075.24;97542.06;0.91;430;-76558.8;105413.08;0.81;1
1;1500;4000;-1;0;1436;-172118.1;188892.88;0.88;836;100716;37853.6;1.12;4
1;1500;4000;-1;1;784;-62665.54;89716.4;0.92;435;48205.4;42914.62;1.11;3
1;1500;4000;-1;2;782;-110311.22;149602.24;0.86;435;-42250.3;80506.42;0.91;1
1;1500;4000;21;0;1397;-168210.22;191564;0.88;822;100072.28;44276.1;1.12;4
1;1500;4000;21;1;774;-63110.64;95619.94;0.92;430;45167.6;45692.24;1.1;2
1;1500;4000;21;2;774;-110614.44;150704.52;0.86;430;-43960.4;84884.7;0.9;1
1;1500;8000;-1;0;1333;-102217.92;196649.54;0.92;788;27238.3;50783.12;1.03;3
1;1500;8000;-1;1;784;16612.24;60412.74;1.02;435;-523.44;43902.46;1;2
1;1500;8000;-1;2;782;-78280.42;167675.84;0.9;435;-73780.8;115797.1;0.86;1
1;1500;8000;21;0;1301;-83682.06;189085.98;0.94;765;48572.7;52814.68;1.06;3
1;1500;8000;21;1;774;-3642.44;78227.58;1;430;9713.4;39699.24;1.02;2
1;1500;8000;21;2;774;-76838.44;160906.52;0.9;430;-64327.4;109725.08;0.87;1
1;2500;0;-1;0;1158;-79587.72;174223.72;0.95;689;30361.7;95129.5;1.03;2
1;2500;0;-1;1;784;-5883.44;94001.1;0.99;435;29263.56;63433.54;1.04;2
1;2500;0;-1;2;782;-46259.92;166154.88;0.96;435;-103697.7;150827.46;0.86;0
1;2500;0;21;0;1115;-48427.1;169055.16;0.96;673;14605.02;112020.8;1.01;2
1;2500;0;21;1;774;-7346.64;107353.48;0.99;430;29909;70140.08;1.05;2
1;2500;0;21;2;774;-60747.04;152881.3;0.94;430;-88176.2;145097.78;0.87;2
1;2500;1000;-1;0;1526;-117701.58;129195.84;0.89;861;-73099;100773.18;0.89;1
1;2500;1000;-1;1;784;-33115.84;42847.16;0.94;435;15921.56;25038.44;1.06;4
1;2500;1000;-1;2;782;-48701.92;75728.56;0.91;435;-103447.6;114372.02;0.72;1
1;2500;1000;21;0;1505;-125631.3;139089.34;0.88;852;-66537.52;95031.06;0.89;1
1;2500;1000;21;1;774;-28571.04;43432.82;0.95;430;11957.8;25038.44;1.04;3
1;2500;1000;21;2;774;-46579.04;73925.96;0.92;430;-94570.2;110889.7;0.74;2
1;2500;2000;-1;0;1444;-171973.66;187891.96;0.88;851;-28605.08;71281.78;0.97;1
1;2500;2000;-1;1;784;-84930.4;91844.82;0.9;435;6765.96;40246.92;1.01;2
1;2500;2000;-1;2;782;-67980.82;114120.08;0.92;435;-49583.3;84481;0.9;2
1;2500;2000;21;0;1409;-176371.54;188971.16;0.88;837;-57460.62;96908.66;0.94;1
1;2500;2000;21;1;774;-73989.64;87804.74;0.91;430;6045.4;34509.5;1.01;2
1;2500;2000;21;2;774;-54521.04;101456.32;0.93;430;-49088.2;85659.58;0.9;2
1;2500;4000;-1;0;1323;-137576.08;174436.4;0.91;809;96302.06;52836.98;1.09;3
1;2500;4000;-1;1;784;-60014.6;123688.28;0.94;435;43907.04;50496.16;1.07;2
1;2500;4000;-1;2;782;-131330.22;171520.34;0.87;435;-50159.9;87740.9;0.92;2
1;2500;4000;21;0;1267;-94535.02;143323.42;0.94;795;70139.9;64786.12;1.07;3
1;2500;4000;21;1;774;-52789.84;125741.22;0.94;430;38317.4;55164.76;1.07;3
1;2500;4000;21;2;774;-109870.24;156697.08;0.89;430;-41835.8;84114.78;0.93;2
1;2500;8000;-1;0;1196;-92945.08;170338.82;0.94;736;-3768.82;72459.18;1;2
1;2500;8000;-1;1;784;5104.98;84326.02;1.01;435;4730.22;74203.8;1.01;2
1;2500;8000;-1;2;782;-58237.52;172585.28;0.94;435;-78494.4;125416.8;0.89;2
1;2500;8000;21;0;1144;-34061.64;150427.14;0.98;717;3907.58;74864.56;1;3
1;2500;8000;21;1;774;7152.16;98239.48;1.01;430;8287.6;73159.08;1.01;2
1;2500;8000;21;2;774;-46409.44;152881.3;0.95;430;-48634.2;106282.78;0.93;2
1;4000;0;-1;0;994;10514.3;154981.92;1.01;615;-3224.42;150220.18;1;2
1;4000;0;-1;1;784;27686.64;98506.82;1.03;435;32333.14;76754.04;1.04;2
1;4000;0;-1;2;782;-50679.92;178059.9;0.96;435;-91032.1;179540.42;0.9;1
1;4000;0;21;0;945;54410.7;120105.94;1.05;601;-21509.26;149459.58;0.98;2
1;4000;0;21;1;774;45008.76;100339.6;1.04;430;17588;86228.18;1.02;2
1;4000;0;21;2;774;-54267.04;162406;0.95;430;-77795;173076.86;0.91;2
1;4000;1000;-1;0;1484;-63181.68;126973.16;0.94;846;-104093;118660.74;0.85;1
1;4000;1000;-1;1;784;-10570.42;47012.44;0.98;435;6122.7;23726.24;1.02;2
1;4000;1000;-1;2;782;-52560.12;105179.14;0.91;435;-113897.1;121397.12;0.73;1
1;4000;1000;21;0;1452;-39297.72;119855.72;0.96;833;-80495.58;99744.34;0.88;1
1;4000;1000;21;1;774;4689.16;46916.7;1.01;430;1452.4;27795.48;1;2
1;4000;1000;21;2;774;-40030.44;95288.64;0.93;430;-104561.2;113006.78;0.74;1
1;4000;2000;-1;0;1352;-63242.42;143145.54;0.96;822;-108511.7;162965.48;0.9;1
1;4000;2000;-1;1;784;-12359.34;66782.84;0.99;435;-27294.26;61262.96;0.95;2
1;4000;2000;-1;2;782;-76326.52;150546.36;0.92;435;-48105.1;88289.28;0.91;2
1;4000;2000;21;0;1301;-7005.86;123690.42;0.99;804;-114950.84;167733.16;0.89;1
1;4000;2000;21;1;774;10569.76;61869.22;1.01;430;-28569;56928.24;0.95;2
1;4000;2000;21;2;774;-47561.04;128131.6;0.95;430;-48740.2;90860.74;0.91;2
1;4000;4000;-1;0;1183;1256.26;124812.34;1;762;9934.02;120842.62;1.01;2
1;4000;4000;-1;1;784;-27138.48;118324.36;0.97;435;1099.22;72034.82;1;2
1;4000;4000;-1;2;782;-118737.02;210931.84;0.89;435;-58384;104111.26;0.92;2
1;4000;4000;21;0;1116;88058.84;82539.16;1.07;746;10063.44;118853.9;1.01;2
1;4000;4000;21;1;774;-3689.44;111733.6;1;430;-6758.6;80880.32;0.99;2
1;4000;4000;21;2;774;-87845.44;186844.58;0.92;430;-42696.6;102685.44;0.94;2
1;4000;8000;-1;0;1032;3420.8;181156.86;1;674;-83760.48;121977.94;0.93;3
1;4000;8000;-1;1;784;33160.62;95726.68;1.03;435;-23209.14;88035.58;0.97;2
1;4000;8000;-1;2;782;-59142.42;185478.44;0.95;435;-69107.3;141450.6;0.92;2
1;4000;8000;21;0;975;85199.3;136849.8;1.07;653;-77422.38;114667.94;0.93;1
1;4000;8000;21;1;774;56398.56;91225.6;1.05;430;-30402.4;93634.18;0.96;2
1;4000;8000;21;2;774;-43290.44;164815.18;0.96;430;-38322;123388.38;0.95;2
20;500;0;-1;0;1421;-3243.1;62379.9;1;803;2028.44;52126.18;1.01;3
20;500;0;-1;1;763;14140;27914.84;1.04;420;9969.34;43082.8;1.05;3
20;500;0;-1;2;753;-7927.58;44867.6;0.98;417;-39915.42;65826.76;0.81;1
20;500;0;21;0;1406;-26239.96;71063.42;0.96;791;-14668.46;58839.32;0.96;3
20;500;0;21;1;756;2067.84;28630.34;1.01;418;14554.52;41586.84;1.07;3
20;500;0;21;2;750;-19216.2;49653.54;0.95;411;-43781.86;68149.8;0.78;1
20;500;1000;-1;0;1492;-44463.38;56125.88;0.92;837;-183.12;16368.22;1;2
20;500;1000;-1;1;763;-25057.66;33814.36;0.91;422;-288.12;16928.96;1;2
20;500;1000;-1;2;753;-24875.78;31106.6;0.91;418;1489.62;11427.66;1.01;1
20;500;1000;21;0;1478;-44095.88;57511.02;0.92;828;-1000.28;16965.1;1;2
20;500;1000;21;1;756;-26307.76;35932.72;0.9;420;-1162.2;16928.96;0.99;2
20;500;1000;21;2;750;-24870.8;31101.62;0.91;411;1546.54;11501.06;1.01;2
20;500;2000;-1;0;1469;-74502.64;86752.84;0.88;832;-618.46;32703.98;1;2
20;500;2000;-1;1;763;-24015.12;29794.72;0.93;422;12096.1;19505.88;1.07;2
20;500;2000;-1;2;753;-41150.18;49342.5;0.87;418;-3500.78;21967.32;0.98;1
20;500;2000;21;0;1448;-74735.08;87004.34;0.88;819;2150.86;32274.96;1.01;2
20;500;2000;21;1;756;-22352.16;27716.32;0.93;420;12856.8;19505.88;1.07;2
20;500;2000;21;2;750;-43522.8;51715.12;0.87;411;-2541.46;20999.84;0.99;1
20;500;4000;-1;0;1447;-39445.74;57686.04;0.94;818;-20740;71304.28;0.95;2
20;500;4000;-1;1;763;7325.18;23824.34;1.02;421;-7344.9;49362.46;0.96;2
20;500;4000;-1;2;753;-20131.88;47511.42;0.94;417;-13839.72;28787.98;0.93;1
20;500;4000;21;0;1423;-44214.18;63342.16;0.93;806;-10369.56;66962.78;0.97;2
20;500;4000;21;1;756;298.44;24929.18;1;419;-3530.74;47292;0.98;2
20;500;4000;21;2;750;-22084.6;49307.14;0.94;411;-9818.46;27055.4;0.95;1
20;500;8000;-1;0;1424;-15029.86;65089.44;0.98;806;-35170.2;66516.5;0.91;2
20;500;8000;-1;1;763;19755.5;27914.84;1.06;420;2502.18;43439.32;1.01;3
20;500;8000;-1;2;753;-17782.48;48914.12;0.95;417;-58528.62;67751.92;0.72;0
20;500;8000;21;0;1408;-28114.88;72418.02;0.96;794;-28379.24;70420.78;0.93;2
20;500;8000;21;1;756;13044.64;28630.34;1.04;418;10034.12;43582.48;1.05;3
20;500;8000;21;2;750;-25989;55486.54;0.93;411;-53728.86;65746.88;0.73;0
20;1000;0;-1;0;1310;-11446.22;61132.64;0.99;757;87566.7;50008.36;1.14;4
20;1000;0;-1;1;763;23130.24;48153.78;1.04;420;90509.82;50099.16;1.27;3
20;1000;0;-1;2;753;-6519.38;78411.38;0.99;417;24124.78;39544.94;1.07;2
20;1000;0;21;0;1298;10475.92;49618.7;1.01;747;95189.98;42663.76;1.16;3
20;1000;0;21;1;756;11352.84;46566.42;1.02;418;88472.12;46837.34;1.27;3
20;1000;0;21;2;750;2753.2;75002.7;1;411;30916.54;36972.98;1.09;3
20;1000;1000;-1;0;1454;-15067.28;60200.6;0.98;826;65009.46;15807.58;1.17;4
20;1000;1000;-1;1;763;-22778.5;45026.56;0.94;422;29559.1;16230.68;1.15;3
20;1000;1000;-1;2;753;-16926.08;29855.78;0.96;418;32939.92;10268.04;1.17;3
20;1000;1000;21;0;1438;-17768.88;63412.3;0.98;815;60133.7;16769.12;1.16;4
20;1000;1000;21;1;756;-21371.36;45933.8;0.94;420;26819.8;16230.68;1.14;3
20;1000;1000;21;2;750;-18366.2;30355.66;0.95;411;34726.54;9444.94;1.19;3
20;1000;2000;-1;0;1412;-66787.18;78969.04;0.93;814;88796.4;29775.02;1.17;3
20;1000;2000;-1;1;763;-1534.8;30234.5;1;422;58471.98;21777.1;1.22;3
20;1000;2000;-1;2;753;-43857.08;63171.72;0.91;418;38011.32;22550.06;1.14;2
20;1000;2000;21;0;1386;-59770.56;72180.2;0.94;793;93776.02;28846;1.19;3
20;1000;2000;21;1;756;4236.84;26603.84;1.01;420;54750.4;21642.32;1.21;3
20;1000;2000;21;2;750;-42473.2;61809.14;0.92;411;42230.54;20161.68;1.16;2
20;1000;4000;-1;0;1354;-23469.78;65173.18;0.98;793;88064.96;46992.38;1.15;3
20;1000;4000;-1;1;763;3064.66;38508.76;1.01;421;74227.12;32307.6;1.23;3
20;1000;4000;-1;2;753;-27243.38;82881.42;0.95;417;36225.68;36819.58;1.11;3
20;1000;4000;21;0;1327;-12245.42;53166.56;0.99;771;98229.94;44960.16;1.17;3
20;1000;4000;21;1;756;3232.64;36575.74;1.01;419;70524.86;29824.6;1.22;3
20;1000;4000;21;2;750;-19250.2;78281.7;0.97;411;40945.94;33793.66;1.13;3
20;1000;8000;-1;0;1316;8212.28;46282.54;1.01;767;86977.84;48331.54;1.14;3
20;1000;8000;-1;1;763;28332.64;48153.78;1.05;420;69656.68;49751.38;1.21;3
20;1000;8000;-1;2;753;-6204.18;80396.18;0.99;417;32420.48;33341.1;1.09;3
20;1000;8000;21;0;1302;15810.08;43850.04;1.02;754;114133.96;39617.24;1.19;3
20;1000;8000;21;1;756;29048.64;46566.42;1.05;418;70754.72;47502.34;1.21;3
20;1000;8000;21;2;750;-419.6;79443.7;1;411;47773.54;33290.02;1.14;3
20;1500;0;-1;0;1231;-76.7;76079.98;1;722;27951.48;64557.72;1.03;2
20;1500;0;-1;1;762;22724.12;37695.86;1.03;419;55663.9;61835.66;1.12;3
20;1500;0;-1;2;753;-22974.38;109211.66;0.97;417;-13967.72;86689.02;0.97;3
20;1500;0;21;0;1218;-27199.28;80607.02;0.98;706;31798.24;67534.32;1.04;2
20;1500;0;21;1;756;2923.64;41115.52;1;417;67503.58;59482.9;1.15;3
20;1500;0;21;2;750;-27710.6;107017.96;0.96;411;-15747.86;72923.8;0.97;2
20;1500;1000;-1;0;1423;-100044.3;107736.62;0.89;815;53524.26;20769.14;1.12;3
20;1500;1000;-1;1;763;-77397.08;81435.58;0.84;421;29111.38;18854.02;1.13;3
20;1500;1000;-1;2;753;-6250.68;30209.88;0.99;418;26792.82;23567.7;1.12;3
20;1500;1000;21;0;1403;-90457.98;102126.02;0.89;803;54035.82;20769.14;1.12;3
20;1500;1000;21;1;756;-71962.76;76001.26;0.85;419;29865.86;18719.24;1.13;3
20;1500;1000;21;2;750;-6692.4;29120.62;0.98;411;29542.54;22744.6;1.13;3
20;1500;2000;-1;0;1353;-142484.86;156248.42;0.88;794;112465.38;32775.02;1.18;3
20;1500;2000;-1;1;762;-41574.08;56949.52;0.94;421;54109.48;24777.1;1.16;3
20;1500;2000;-1;2;753;-67041.88;102278.18;0.9;418;38360.02;33825.8;1.12;2
20;1500;2000;21;0;1327;-146586.62;159048.62;0.87;772;131554.28;27846;1.22;4
20;1500;2000;21;1;756;-33011.56;50556.3;0.95;419;54745.46;24642.32;1.17;3
20;1500;2000;21;2;750;-61861.4;97539.5;0.9;411;42349.74;30299.3;1.13;2
20;1500;4000;-1;0;1281;-68772.82;102938.2;0.94;766;61795.52;81945.68;1.08;3
20;1500;4000;-1;1;762;-37665.08;49228;0.95;420;46973.6;44827.86;1.11;2
20;1500;4000;-1;2;753;-47311.78;125841.38;0.94;417;12596.98;46901.66;1.03;2
20;1500;4000;21;0;1254;-73002.44;106285.92;0.94;740;87019.4;72952.62;1.12;3
20;1500;4000;21;1;756;-38649.96;54689.52;0.95;418;54203.92;43363.08;1.13;2
20;1500;4000;21;2;750;-48788.6;122523.7;0.93;411;14978.14;43587.96;1.04;2
20;1500;8000;-1;0;1237;2283.42;71900.62;1;735;43814;69462.72;1.05;2
20;1500;8000;-1;1;762;20155.64;37695.86;1.03;419;40016.54;61487.88;1.09;2
20;1500;8000;-1;2;753;-22484.78;120085.26;0.97;417;7166.38;51332.98;1.02;2
20;1500;8000;21;0;1222;-25087.12;83750;0.98;716;65020.84;65227.86;1.08;3
20;1500;8000;21;1;756;15281.44;38796.62;1.02;417;45694.18;60147.9;1.1;2
20;1500;8000;21;2;750;-28914.4;119622.94;0.96;411;18714.14;40821.2;1.04;3
20;2500;0;-1;0;1090;-2389.58;78114.52;1;657;-65907.56;82055.22;0.94;1
20;2500;0;-1;1;762;-9803;87723.04;0.99;418;22091.2;73329.84;1.04;2
20;2500;0;-1;2;753;-24895.78;123883.48;0.97;416;38549.44;89136.72;1.06;2
20;2500;0;21;0;1068;-59859.08;126512.26;0.95;644;-48392.44;82381.5;0.95;2
20;2500;0;21;1;756;-17432.96;97005.46;0.98;417;46947.98;65839.6;1.08;2
20;2500;0;21;2;750;-41919.6;123889.42;0.95;411;34841.74;69743.8;1.06;2
20;2500;1000;-1;0;1361;-166805.64;174497.96;0.84;798;9750.48;34621.2;1.02;3
20;2500;1000;-1;1;763;-88557.68;91442.3;0.84;421;24261.26;27461.42;1.09;3
20;2500;1000;-1;2;753;-36037.88;72953.3;0.93;417;17704.48;30537.22;1.06;2
20;2500;1000;21;0;1331;-151517.06;167593.68;0.85;783;21441.62;33113.64;1.04;3
20;2500;1000;21;1;756;-79730.36;82614.98;0.86;419;26680.86;25844.42;1.1;3
20;2500;1000;21;2;750;-33718.2;68480.04;0.94;411;19733.54;29714.12;1.07;2
20;2500;2000;-1;0;1250;-160129.38;166749.54;0.88;767;65269.26;47371.76;1.09;3
20;2500;2000;-1;1;762;-47853.54;72244.18;0.94;420;39051.52;41108.6;1.09;3
20;2500;2000;-1;2;753;-87362.68;117649.32;0.89;417;90445.18;26171.42;1.23;3
20;2500;2000;21;0;1211;-172681.06;179024.66;0.86;741;85848.14;45113.64;1.12;3
20;2500;2000;21;1;756;-38921.16;70494.46;0.95;419;38488.46;39491.6;1.09;3
20;2500;2000;21;2;750;-73311;103561.94;0.9;411;92373.34;24560.36;1.24;3
20;2500;4000;-1;0;1154;-126989.14;145015.24;0.91;723;20261.74;65162.84;1.02;3
20;2500;4000;-1;1;762;-56484.82;104360.9;0.94;419;26801.28;66766.16;1.05;1
20;2500;4000;-1;2;753;-82095.78;128690.92;0.91;416;60305.84;53571.84;1.11;2
20;2500;4000;21;0;1114;-123733.84;145034.02;0.91;695;55854.5;64785.48;1.06;3
20;2500;4000;21;1;756;-51513.36;110542.46;0.94;418;40852.32;62240.6;1.07;3
20;2500;4000;21;2;750;-69446.8;116782.54;0.92;411;62486.74;52884.74;1.12;2
20;2500;8000;-1;0;1096;-15677.86;88819.24;0.99;676;-52832.6;101593.04;0.95;2
20;2500;8000;-1;1;762;-15487.7;82577.36;0.98;418;9335.96;74298.5;1.02;1
20;2500;8000;-1;2;753;-33324.38;125617.58;0.97;416;49604.54;61924.58;1.08;2
20;2500;8000;21;0;1072;-68400.12;130427.18;0.95;657;-15525.82;101961.8;0.98;2
20;2500;8000;21;1;756;-6726.16;85535.46;0.99;417;25345.58;68376.6;1.04;2
20;2500;8000;21;2;750;-41587.4;123760.42;0.95;411;66510.74;58447.46;1.11;2
20;4000;0;-1;0;941;109075.16;84052.42;1.09;572;31294.72;65592.16;1.03;3
20;4000;0;-1;1;762;19832.88;69543.32;1.02;418;18834.44;75603;1.03;2
20;4000;0;-1;2;753;-33283.88;147534.58;0.97;414;40986.06;82654.94;1.06;2
20;4000;0;21;0;913;54582.62;92782.08;1.05;562;56954.88;68658.62;1.06;3
20;4000;0;21;1;756;37956.04;68857.86;1.04;417;38916.6;78674.86;1.05;3
20;4000;0;21;2;750;-29511.2;134726.42;0.97;410;55006.2;79203.7;1.08;2
20;4000;1000;-1;0;1285;-70624.2;97582.72;0.93;773;11840.54;46203.22;1.02;2
20;4000;1000;-1;1;763;-67997.26;71720.32;0.89;421;10136.9;30169.72;1.03;1
20;4000;1000;-1;2;753;-24646.38;58926.06;0.96;417;5894.28;40740.62;1.02;2
20;4000;1000;21;0;1250;-50435.2;85510.06;0.94;753;37434.64;43989.56;1.07;2
20;4000;1000;21;1;756;-56068.16;70993.92;0.9;419;18949.08;29382.94;1.06;3
20;4000;1000;21;2;750;-8888;53428.46;0.98;411;13934.54;40634.92;1.05;2
20;4000;2000;-1;0;1137;-75105.8;116725.78;0.94;721;143030.78;46158.04;1.19;4
20;4000;2000;-1;1;762;-11235.04;65018.36;0.99;420;20920.7;43588.06;1.04;2
20;4000;2000;-1;2;753;-84415.98;146568.82;0.9;417;76412.78;37327.28;1.17;2
20;4000;2000;21;0;1088;-63285.88;103609.32;0.94;693;138020.64;44716.4;1.19;4
20;4000;2000;21;1;756;6155.44;62718.16;1.01;419;18533.08;44292.4;1.04;2
20;4000;2000;21;2;750;-49006.6;118957.54;0.94;411;73351.34;37473.86;1.17;2
20;4000;4000;-1;0;1011;11731.54;82287.48;1.01;653;144324.82;61189.82;1.15;3
20;4000;4000;-1;1;762;-28115.42;88838.42;0.97;419;11941.36;69742.66;1.02;1
20;4000;4000;-1;2;753;-85102.68;157652.72;0.92;415;93158.7;56061.28;1.15;2
20;4000;4000;21;0;966;12311.64;76950.36;1.01;624;148374.96;52776.08;1.16;4
20;4000;4000;21;1;756;-7758.76;90732.86;0.99;418;21578.34;65859.76;1.03;2
20;4000;4000;21;2;750;-40181.2;126746.34;0.96;410;88843.8;55520.68;1.15;2
20;4000;8000;-1;0;947;112289.3;95839.34;1.09;590;82265.28;72010.2;1.08;4
20;4000;8000;-1;1;762;8521.96;76393.52;1.01;418;4302.1;69383.56;1.01;1
20;4000;8000;-1;2;753;-37689.08;149268.68;0.97;415;63769.3;78708.12;1.09;2
20;4000;8000;21;0;917;65098.98;94575.54;1.05;577;96100.38;68852.64;1.1;3
20;4000;8000;21;1;756;45715.84;67558.86;1.05;417;11747.2;66674.86;1.02;1
20;4000;8000;21;2;750;-25821;134597.42;0.97;410;90772.2;82497.24;1.13;2
50;500;0;-1;0;1299;28937.94;59555.66;1.05;719;-58791.4;78040.32;0.83;2
50;500;0;-1;1;669;-11134.28;51458.38;0.96;380;-25616.16;38661.02;0.86;1
50;500;0;-1;2;645;33688.7;37849.82;1.11;351;-28470.26;39630.46;0.83;1
50;500;0;21;0;1282;11831.28;58339.58;1.02;709;-29732.54;60952.96;0.91;2
50;500;0;21;1;663;-10260.98;51302.64;0.97;373;-12422.98;32458.8;0.93;1
50;500;0;21;2;637;12511.58;34878.48;1.04;347;-14530.62;38560.22;0.91;1
50;500;1000;-1;0;1307;-17391.28;32436.48;0.96;727;-24058.08;27673.48;0.91;1
50;500;1000;-1;1;669;-25128.8;36071.48;0.89;380;-19416.36;20877.92;0.86;1
50;500;1000;-1;2;645;6511.4;25962.06;1.03;351;-6795.56;15487.98;0.94;2
50;500;1000;21;0;1292;-18745.52;32379.52;0.96;716;-19291.36;23445.22;0.92;1
50;500;1000;21;1;663;-26080.58;35773.54;0.89;373;-17966.58;19966.6;0.87;1
50;500;1000;21;2;637;3939.38;25556.46;1.02;347;-4978.62;14209.5;0.96;1
50;500;2000;-1;0;1305;-55976.32;68867.38;0.9;726;-12954.62;30461.18;0.96;1
50;500;2000;-1;1;669;-22721.26;38486.78;0.92;380;-23916.36;26615.18;0.86;0
50;500;2000;-1;2;645;-35740.2;52863.94;0.87;351;6479.34;14485.44;1.04;1
50;500;2000;21;0;1288;-58504.88;70946.56;0.89;715;709.1;25997.34;1;2
50;500;2000;21;1;663;-20560.78;38258.52;0.93;373;-17966.58;24589.26;0.89;1
50;500;2000;21;2;637;-38204.62;54193.12;0.86;347;11356.38;13307.64;1.08;2
50;500;4000;-1;0;1303;-37048.34;67167.7;0.94;723;-44991.42;52953;0.87;2
50;500;4000;-1;1;669;-23954.02;48048.66;0.92;380;-30926.04;39964.54;0.83;0
50;500;4000;-1;2;645;-8351.4;47013.48;0.97;351;-5539.26;22730.64;0.97;2
50;500;4000;21;0;1285;-33810.5;63469.46;0.94;712;-24652.52;48230.04;0.93;2
50;500;4000;21;1;663;-25921.38;49665.36;0.91;373;-22678.58;32255.54;0.87;1
50;500;4000;21;2;637;-5333.02;44332.02;0.98;347;3565.38;20576.8;1.02;2
50;500;8000;-1;0;1299;20581.16;56261.46;1.03;721;-40255.94;56826.68;0.89;1
50;500;8000;-1;1;669;-17174.36;51606.66;0.94;380;-20689.1;34614.9;0.89;1
50;500;8000;-1;2;645;25345.9;39517.72;1.09;351;-13688.06;31596.64;0.92;1
50;500;8000;21;0;1282;7251.48;56918.58;1.01;710;-17138.4;46768.42;0.95;2
50;500;8000;21;1;663;-13697.98;52330.56;0.96;373;-6393.38;26596.8;0.96;2
50;500;8000;21;2;637;6934.78;34878.48;1.02;347;-5605.62;29141.28;0.97;1
50;1000;0;-1;0;1254;-10407.48;71741.62;0.99;706;-61682.5;91309.64;0.9;1
50;1000;0;-1;1;669;-14292.44;71670.6;0.97;380;-49390.64;59667.44;0.84;0
50;1000;0;-1;2;645;5470.5;65051.08;1.01;351;-18961.56;59753.08;0.94;1
50;1000;0;21;0;1233;-2544.98;64085.38;1;694;-32338.24;94052.2;0.94;2
50;1000;0;21;1;663;-15664.38;75332.56;0.97;373;-35636.58;43966.1;0.88;0
50;1000;0;21;2;637;-702.82;63742.84;1;347;2509.38;56824;1.01;2
50;1000;1000;-1;0;1285;-20620.6;40142.54;0.97;725;-18327.46;30781.82;0.95;1
50;1000;1000;-1;1;669;-17219.82;35187.74;0.95;380;-33025.26;37041.96;0.84;0
50;1000;1000;-1;2;645;-416.5;37829.76;1;351;13323.94;12807.62;1.08;3
50;1000;1000;21;0;1270;-24895.6;44621.96;0.96;714;-12754.04;24994.2;0.96;1
50;1000;1000;21;1;663;-18785.78;36604.7;0.94;373;-31173.18;35750.12;0.84;1
50;1000;1000;21;2;637;-3172.22;38177.96;0.99;347;15052.38;10730.7;1.09;3
50;1000;2000;-1;0;1274;-84783.54;109535.44;0.9;721;-6698.92;45131.8;0.99;2
50;1000;2000;-1;1;669;-29541.58;41525.66;0.93;380;-36760.38;42941.58;0.86;1
50;1000;2000;-1;2;645;-45628;85666.86;0.9;351;28327.54;24923.04;1.13;2
50;1000;2000;21;0;1254;-84868.64;108710.5;0.9;708;7872.72;40567.42;1.02;2
50;1000;2000;21;1;663;-26558.58;43877.5;0.94;373;-33190.18;40536.32;0.87;1
50;1000;2000;21;2;637;-46808.62;86751.86;0.89;347;33262.38;22269.18;1.15;2
50;1000;4000;-1;0;1262;-65601.68;97557.74;0.93;715;-47451.04;74895.18;0.92;1
50;1000;4000;-1;1;669;-27584.72;63249.66;0.95;380;-44875.26;56388.6;0.85;0
50;1000;4000;-1;2;645;-21113.7;98934.66;0.96;351;8669.34;35230.68;1.03;3
50;1000;4000;21;0;1239;-67769.74;97020.08;0.93;701;-14526.06;68810.7;0.97;1
50;1000;4000;21;1;663;-34308.18;64809.56;0.93;373;-31986.18;46849.1;0.89;1
50;1000;4000;21;2;637;-18818.22;91734.98;0.96;347;27313.38;32679.22;1.1;3
50;1000;8000;-1;0;1255;11897.26;60873.46;1.01;709;-48115.16;73766.16;0.92;1
50;1000;8000;-1;1;669;-14550.74;67227.04;0.97;380;-50578.24;57989.74;0.84;0
50;1000;8000;-1;2;645;14596.5;66718.98;1.03;351;6645.74;48686.62;1.02;1
50;1000;8000;21;0;1234;5857.76;64085.38;1.01;696;-9936.56;71829.12;0.98;2
50;1000;8000;21;1;663;-12628.38;70062.56;0.97;373;-31930.98;37970;0.9;0
50;1000;8000;21;2;637;-258.22;64846.22;1;347;26879.38;41225.5;1.1;2
50;1500;0;-1;0;1185;-37290.96;88064.22;0.97;691;-91116.06;111110.42;0.88;1
50;1500;0;-1;1;669;-20278.8;71843.52;0.97;380;-56341.34;73325.24;0.87;0
50;1500;0;-1;2;645;14312.9;73721.22;1.02;350;-40256.2;69318.04;0.9;1
50;1500;0;21;0;1166;-36435.76;88819.8;0.97;677;-64320.62;120341.02;0.91;3
50;1500;0;21;1;663;-29832.78;85284.56;0.95;373;-35166.38;52623.82;0.91;2
50;1500;0;21;2;637;3879.18;84421.56;1.01;347;-23444.22;70320.92;0.94;1
50;1500;1000;-1;0;1257;-23563.24;52787.44;0.97;717;16537.24;22884.42;1.04;2
50;1500;1000;-1;1;669;-20738.24;45370.48;0.95;380;-28609.04;35029.44;0.88;0
50;1500;1000;-1;2;645;11512.3;32390.32;1.03;350;42462.2;14231.72;1.24;4
50;1500;1000;21;0;1237;-23122.82;53733.34;0.97;706;21159.44;22307.5;1.05;3
50;1500;1000;21;1;663;-22120.18;47239.44;0.94;373;-24117.58;29309.9;0.89;0
50;1500;1000;21;2;637;3795.38;35163.28;1.01;347;41291.58;12930.08;1.24;4
50;1500;2000;-1;0;1220;-128087.12;161157;0.88;711;-6314.68;59856.34;0.99;3
50;1500;2000;-1;1;669;-57039.02;66681.24;0.9;380;-50422.3;60630.44;0.85;1
50;1500;2000;-1;2;645;-51169.2;90315.96;0.9;350;23897.5;32410.16;1.09;2
50;1500;2000;21;0;1197;-122144.22;159126.62;0.88;698;1983.52;53667.86;1;3
50;1500;2000;21;1;663;-51892.78;69955.36;0.91;373;-42533.98;50623.82;0.87;1
50;1500;2000;21;2;637;-50858.02;93259.26;0.9;347;27133.58;27701.52;1.1;2
50;1500;4000;-1;0;1197;-121638.88;168551;0.9;701;-58162.34;93794.7;0.92;1
50;1500;4000;-1;1;669;-52370.92;78193.24;0.92;380;-52207.42;64153.78;0.87;1
50;1500;4000;-1;2;645;-28184.5;103831.46;0.95;350;-7462.3;50051.94;0.98;2
50;1500;4000;21;0;1175;-123337.3;173955.68;0.89;685;-21565.3;86002.48;0.97;2
50;1500;4000;21;1;663;-64104.38;86343.04;0.9;373;-31452.98;51916.32;0.92;1
50;1500;4000;21;2;637;-22435.22;101805.86;0.96;347;4341.78;46419.28;1.01;2
50;1500;8000;-1;0;1186;-27697.32;92817.5;0.98;695;-73557.3;98436.3;0.9;1
50;1500;8000;-1;1;669;-29759.98;75806.18;0.96;380;-57860.38;74291.98;0.86;0
50;1500;8000;-1;2;645;20152.2;75389.12;1.03;350;-7221.6;57586.8;0.98;1
50;1500;8000;21;0;1167;-36054.02;96753.26;0.97;680;-37318.4;100340.4;0.95;3
50;1500;8000;21;1;663;-31395.78;84613.56;0.95;373;-31460.78;48930.82;0.92;2
50;1500;8000;21;2;637;8103.78;84421.56;1.01;347;9796.78;53458.16;1.03;2
50;2500;0;-1;0;1068;-52760.6;97302.16;0.96;637;-74833.68;79525.84;0.92;0
50;2500;0;-1;1;669;20774.18;48795;1.03;378;-47308.66;71278.38;0.91;1
50;2500;0;-1;2;645;-65113.4;133140.98;0.92;350;-21537;89974.36;0.96;2
50;2500;0;21;0;1048;-84615.48;124982.66;0.93;621;-49753.06;63669.6;0.94;1
50;2500;0;21;1;663;3805.22;53798.62;1.01;372;-18437.92;44726.68;0.96;1
50;2500;0;21;2;637;-59587.62;115877.54;0.92;347;-22558.82;79214.92;0.95;2
50;2500;1000;-1;0;1203;-49615.52;76498.52;0.94;697;43016.06;41324.94;1.1;3
50;2500;1000;-1;1;669;10216.72;39424.86;1.02;379;-2702.04;27833.52;0.99;2
50;2500;1000;-1;2;645;-31005.8;75582.68;0.93;350;22944;22716.08;1.11;3
50;2500;1000;21;0;1183;-50955.38;70928.28;0.94;682;45096.48;36113.44;1.11;3
50;2500;1000;21;1;663;11239.42;37124.4;1.03;372;-507.12;26396.56;1;2
50;2500;1000;21;2;637;-35330.22;76933.7;0.92;347;21728.98;24638.18;1.1;3
50;2500;2000;-1;0;1128;-193666.22;213499.26;0.84;676;-14247.74;81549.96;0.98;2
50;2500;2000;-1;1;669;-37255.58;48508.94;0.94;379;-44946.72;71206.94;0.89;1
50;2500;2000;-1;2;645;-97443.4;133943.84;0.85;350;12548.5;44889.4;1.04;2
50;2500;2000;21;0;1103;-187628.98;208321.68;0.83;657;-16217.02;74094.22;0.98;2
50;2500;2000;21;1;663;-28734.78;47000.22;0.95;372;-36257.52;64520.98;0.91;1
50;2500;2000;21;2;637;-82360.42;117513.7;0.87;347;8241.98;44632.7;1.02;2
50;2500;4000;-1;0;1084;-174186.2;205693.08;0.87;655;-18690.22;68130.38;0.98;1
50;2500;4000;-1;1;669;-33315.72;58316.6;0.96;379;-38306.98;48374.74;0.93;1
50;2500;4000;-1;2;645;-106776.4;160979.6;0.86;350;12715.5;53584.86;1.03;2
50;2500;4000;21;0;1059;-172764.14;204566.28;0.86;637;16512.58;50852.14;1.02;2
50;2500;4000;21;1;663;-40953.58;62491.36;0.95;372;-15837.52;41695.22;0.97;1
50;2500;4000;21;2;637;-87036.82;138601.5;0.88;347;13499.18;50456.22;1.03;2
50;2500;8000;-1;0;1069;-44527.06;90306.84;0.97;641;-73546.48;78238.64;0.92;0
50;2500;8000;-1;1;669;8865.78;48795;1.01;378;-35283.8;56696.56;0.93;1
50;2500;8000;-1;2;645;-53435.9;138554.18;0.93;350;-10538.9;76230.28;0.98;2
50;2500;8000;21;0;1049;-76320.74;118070.12;0.94;624;-46687.84;65278.68;0.95;2
50;2500;8000;21;1;663;2242.22;55001.62;1;372;-16785.32;45788.68;0.97;1
50;2500;8000;21;2;637;-53543.02;120620.98;0.93;347;-6686.82;56239.46;0.99;1
50;4000;0;-1;0;925;60258.6;52300.76;1.05;571;-67173.34;107497.76;0.93;2
50;4000;0;-1;1;668;6129.46;82877.86;1.01;378;-51731.34;77491.02;0.92;2
50;4000;0;-1;2;645;-55418.9;127139.28;0.94;349;-22059.04;129765.2;0.96;2
50;4000;0;21;0;901;34069.16;66611.68;1.03;558;-47383.88;93989.64;0.95;1
50;4000;0;21;1;662;11206.1;81823.14;1.01;372;-9742.92;58628.52;0.98;2
50;4000;0;21;2;637;-53773.22;114651.5;0.93;347;-31409.82;116392.1;0.95;2
50;4000;1000;-1;0;1125;6174.22;53521.08;1.01;675;44475.34;63856.92;1.1;3
50;4000;1000;-1;1;669;24200.8;61940.94;1.05;379;7755.6;35175.02;1.03;2
50;4000;1000;-1;2;645;-4785.3;66437.56;0.99;350;24683.4;31024.68;1.1;3
50;4000;1000;21;0;1101;-3835.46;59966.1;0.99;655;49733.9;52486.64;1.11;3
50;4000;1000;21;1;663;24171.82;61927.7;1.06;372;19757.88;34544.12;1.08;2
50;4000;1000;21;2;637;-2962.02;63716.02;0.99;347;16259.98;35310.04;1.07;3
50;4000;2000;-1;0;1013;-87456.88;119065.94;0.92;638;3848.12;91106.14;1.01;2
50;4000;2000;-1;1;669;-25148;80111.96;0.96;379;-11259.44;55351.08;0.98;1
50;4000;2000;-1;2;645;-91745.5;141594.28;0.87;350;342.5;63446.3;1;2
50;4000;2000;21;0;984;-89321.04;120160.58;0.91;617;12179.18;69883.32;1.02;3
50;4000;2000;21;1;663;-20636.98;79117.16;0.97;372;-1254.52;46851.24;1;2
50;4000;2000;21;2;637;-72534.42;121582.54;0.89;347;-7845.02;64903.78;0.98;2
50;4000;4000;-1;0;946;-44815.76;88581.28;0.96;600;2191.38;80869.92;1;1
50;4000;4000;-1;1;669;-45703.62;101432.8;0.95;379;-49391.08;58187.02;0.92;1
50;4000;4000;-1;2;645;-107311.1;157779.72;0.88;350;-2889.7;76366.72;0.99;2
50;4000;4000;21;0;916;-34119.96;74939.88;0.97;583;39583.42;51075.12;1.04;3
50;4000;4000;21;1;662;-34778.32;88001.36;0.96;372;-12831.12;45368.28;0.98;1
50;4000;4000;21;2;637;-79031.82;138225.9;0.9;347;3535.18;67924.44;1.01;2
50;4000;8000;-1;0;926;74671.64;48475.22;1.06;576;-49310.46;81602.78;0.95;1
50;4000;8000;-1;1;668;-2689.94;87085.64;1;378;-35749.14;58393.98;0.94;1
50;4000;8000;-1;2;645;-44540.2;136531.38;0.95;350;-21753.4;109024.92;0.96;1
50;4000;8000;21;0;902;49636.9;46913.96;1.04;561;-42985.66;82047.56;0.96;1
50;4000;8000;21;1;662;9615.7;82327.16;1.01;372;-11223.32;47573.92;0.98;1
50;4000;8000;21;2;637;-45064.62;121524.7;0.95;347;-26299.82;90279.4;0.96;1
