# Griglia grossa @RTY 240m Price Channel, motore nudo (pattern spenti, nessun filtro orario), 450 combinazioni.
# Feed FTMO, spread peggiore fra FTMO, swap peggiore fra FTMO, commissione 0/lato, orologio al minuto. Campione 2022-01-01 -> 2025-01-01, fuori campione -> 2026-09-01.
channelBars;stopLoss;takeProfit;exitHour;direction;isTrades;isNet;isDD;isPF;oosTrades;oosNet;oosDD;oosPF;oosWindowsInProfit
1;450;0;-1;0;1193;-61006.07;61006.07;0.84;704;-49811.89;54298.1;0.79;0
1;450;0;-1;1;772;-39349.59;43567.62;0.84;434;-15803.53;25089.36;0.89;0
1;450;0;-1;2;762;-48003.2;51132.22;0.81;440;-29257.06;33784.58;0.8;0
1;450;0;21;0;1207;-66048.29;66048.29;0.82;718;-66093.53;67523.03;0.73;0
1;450;0;21;1;783;-42521.9;44302.4;0.83;439;-14902.44;21156.49;0.9;0
1;450;0;21;2;766;-38331.68;39804.18;0.85;449;-43972.98;48435.98;0.71;0
1;450;1050;-1;0;1271;-51396.78;53936.29;0.86;759;-51620.18;55311.45;0.78;0
1;450;1050;-1;1;785;-41935.63;44035.63;0.83;443;-12456.86;20533.92;0.91;1
1;450;1050;-1;2;770;-31798.04;35603.68;0.87;448;-35424.1;37524.1;0.75;0
1;450;1050;21;0;1280;-49308.6;52232.11;0.87;761;-54772.68;58448.68;0.77;0
1;450;1050;21;1;787;-38155.95;40255.95;0.84;444;-12779.47;20702.49;0.91;1
1;450;1050;21;2;772;-28214.72;32988.6;0.88;450;-35990.86;38090.86;0.75;0
1;450;1950;-1;0;1209;-64027.32;64550.47;0.83;717;-45422.06;50979.76;0.81;0
1;450;1950;-1;1;776;-39793.27;46056.78;0.84;436;-2970.68;19315.39;0.98;2
1;450;1950;-1;2;765;-42689.4;46396.42;0.83;448;-36220.06;40111.2;0.76;0
1;450;1950;21;0;1222;-65592.04;65972.55;0.83;729;-58830.42;62453.42;0.76;0
1;450;1950;21;1;785;-36736.9;42355.4;0.85;439;-3737.45;18629.49;0.97;2
1;450;1950;21;2;768;-39011.94;41075.44;0.84;450;-43865.86;47975.86;0.71;0
1;450;3850;-1;0;1195;-57409.72;57409.72;0.85;706;-48667.77;53153.98;0.79;0
1;450;3850;-1;1;772;-40548.1;45209.13;0.84;435;-13296.04;25380.86;0.91;0
1;450;3850;-1;2;763;-43883.84;47012.86;0.82;440;-27620.32;32147.84;0.81;1
1;450;3850;21;0;1209;-66006.55;66006.55;0.82;720;-62534.54;63964.04;0.74;0
1;450;3850;21;1;783;-43506.4;45286.9;0.82;439;-11752.44;21156.49;0.92;0
1;450;3850;21;2;767;-38025.44;39497.94;0.85;449;-41165.98;45628.98;0.73;0
1;450;7750;-1;0;1193;-61006.07;61006.07;0.84;704;-49811.89;54298.1;0.79;0
1;450;7750;-1;1;772;-39349.59;43567.62;0.84;434;-15803.53;25089.36;0.89;0
1;450;7750;-1;2;762;-48003.2;51132.22;0.81;440;-29257.06;33784.58;0.8;0
1;450;7750;21;0;1207;-66048.29;66048.29;0.82;718;-66093.53;67523.03;0.73;0
1;450;7750;21;1;783;-42521.9;44302.4;0.83;439;-14902.44;21156.49;0.9;0
1;450;7750;21;2;766;-38331.68;39804.18;0.85;449;-43972.98;48435.98;0.71;0
1;1050;0;-1;0;943;-44867.11;48414.96;0.9;545;-42091.99;43050.8;0.84;1
1;1050;0;-1;1;746;-37323.2;37388.95;0.89;418;9975.05;25156.92;1.05;3
1;1050;0;-1;2;744;-60770.32;68905.48;0.84;428;-37656.12;46606.56;0.84;0
1;1050;0;21;0;965;-54272.75;68780.19;0.88;576;-67036.66;67621.04;0.78;0
1;1050;0;21;1;759;-29485.25;38755.89;0.92;425;9120.13;26718.99;1.05;3
1;1050;0;21;2;755;-50263;54469;0.86;437;-46464.06;51678.08;0.8;0
1;1050;1050;-1;0;1036;-59525.72;68430.75;0.87;627;-33952.31;38755.74;0.88;0
1;1050;1050;-1;1;757;-35299.55;42106.66;0.89;429;25194.43;16718.95;1.14;3
1;1050;1050;-1;2;757;-54868.34;62005.36;0.84;437;-44940.76;50875.56;0.79;0
1;1050;1050;21;0;1064;-53392.84;62350.85;0.88;641;-37861.47;43697.47;0.87;0
1;1050;1050;21;1;765;-30049.33;38782.92;0.91;434;23093.08;19332.99;1.13;3
1;1050;1050;21;2;763;-45789.18;54365.56;0.87;439;-36387.96;45708.84;0.83;1
1;1050;1950;-1;0;968;-66027.05;68963.82;0.85;566;-21926.07;27706.9;0.92;1
1;1050;1950;-1;1;749;-32792.49;34995.62;0.91;421;28764.81;18983.43;1.15;3
1;1050;1950;-1;2;748;-60338.62;65894.28;0.84;436;-45246.32;50908.34;0.81;0
1;1050;1950;21;0;986;-65081.88;68677.44;0.85;595;-44992.44;45576.82;0.85;0
1;1050;1950;21;1;761;-30359.75;31301.39;0.91;427;30085.61;19942.49;1.16;3
1;1050;1950;21;2;758;-55164.64;58939.52;0.85;438;-39286.82;44201.84;0.83;0
1;1050;3850;-1;0;945;-44080.26;48871.06;0.9;548;-42794.25;43753.06;0.84;1
1;1050;3850;-1;1;746;-38595.22;38613.24;0.89;419;9468.04;25156.92;1.05;3
1;1050;3850;-1;2;745;-59463.48;65772.76;0.84;429;-36474.14;45126.44;0.84;0
1;1050;3850;21;0;967;-57853.01;69636.07;0.87;578;-63255.17;63839.55;0.79;0
1;1050;3850;21;1;759;-32579.75;39420.89;0.91;425;10936.62;26718.99;1.06;3
1;1050;3850;21;2;756;-50845.76;55051.76;0.86;437;-44314.06;49389.58;0.81;0
1;1050;7750;-1;0;943;-44867.11;48414.96;0.9;545;-42091.99;43050.8;0.84;1
1;1050;7750;-1;1;746;-37323.2;37388.95;0.89;418;9975.05;25156.92;1.05;3
1;1050;7750;-1;2;744;-60770.32;68905.48;0.84;428;-37656.12;46606.56;0.84;0
1;1050;7750;21;0;965;-54272.75;68780.19;0.88;576;-67036.66;67621.04;0.78;0
1;1050;7750;21;1;759;-29485.25;38755.89;0.92;425;9120.13;26718.99;1.05;3
1;1050;7750;21;2;755;-50263;54469;0.86;437;-46464.06;51678.08;0.8;0
1;2150;0;-1;0;802;-25583.13;56879.86;0.94;469;-67976.94;73706.85;0.76;0
1;2150;0;-1;1;742;-58731.84;58739.77;0.85;413;-13936.55;40001.32;0.94;3
1;2150;0;-1;2;739;-50389.3;59000.02;0.87;418;-56613.96;67374.74;0.78;0
1;2150;0;21;0;807;-18269.11;42935.82;0.96;479;-61259.84;62652.85;0.78;0
1;2150;0;21;1;749;-39116.17;44400.75;0.9;422;-4365.32;34789.98;0.98;3
1;2150;0;21;2;747;-50969.28;54795.16;0.87;429;-63515.62;76500.28;0.75;0
1;2150;1050;-1;0;892;-54266.38;76406.37;0.88;548;-35557.59;46481.83;0.87;1
1;2150;1050;-1;1;749;-46968.28;54215.02;0.87;423;2100.29;30377.08;1.01;3
1;2150;1050;-1;2;749;-49602.2;58834.54;0.87;426;-52397.14;65583.28;0.78;1
1;2150;1050;21;0;910;-37472.46;55821.65;0.91;557;-29293.42;38244.92;0.89;0
1;2150;1050;21;1;756;-38580.75;44260.31;0.89;432;6828.63;27383.98;1.03;3
1;2150;1050;21;2;756;-51387.22;61626.86;0.86;432;-46110.16;63849.8;0.8;1
1;2150;1950;-1;0;821;-43280.82;73666.96;0.9;488;-46659.5;55017.14;0.83;1
1;2150;1950;-1;1;744;-60237.15;61839.9;0.85;414;9382.7;27232.4;1.04;3
1;2150;1950;-1;2;742;-45049.12;53572.46;0.88;424;-68704.04;79531.1;0.74;0
1;2150;1950;21;0;828;-24635.24;41871.07;0.94;498;-40155.99;46516.86;0.86;2
1;2150;1950;21;1;751;-40676.67;42157.72;0.89;424;17975.67;27516.48;1.08;3
1;2150;1950;21;2;750;-53617.42;58821.8;0.86;430;-56879.76;69529.42;0.78;0
1;2150;3850;-1;0;803;-24334.04;56879.86;0.94;472;-72720.95;75810.38;0.75;0
1;2150;3850;-1;1;742;-58895.87;60351.79;0.85;413;-14351.06;40247.82;0.94;3
1;2150;3850;-1;2;740;-48945.34;55730.18;0.88;419;-56392.48;65894.62;0.78;0
1;2150;3850;21;0;808;-20613.87;43791.7;0.95;481;-57145.84;58538.85;0.8;0
1;2150;3850;21;1;749;-42210.67;45385.25;0.89;422;-2548.82;34789.98;0.99;3
1;2150;3850;21;2;748;-52652.04;56477.92;0.87;429;-61365.62;74154.28;0.76;0
1;2150;7750;-1;0;802;-25583.13;56879.86;0.94;469;-67894.44;73706.85;0.76;0
1;2150;7750;-1;1;742;-58731.84;58739.77;0.85;413;-13936.55;40001.32;0.94;3
1;2150;7750;-1;2;739;-50389.3;59000.02;0.87;418;-56613.96;67374.74;0.78;0
1;2150;7750;21;0;807;-18269.11;42935.82;0.96;479;-61259.84;62652.85;0.78;0
1;2150;7750;21;1;749;-39116.17;44400.75;0.9;422;-4365.32;34789.98;0.98;3
1;2150;7750;21;2;747;-50969.28;54795.16;0.87;429;-63515.62;76500.28;0.75;0
1;3450;0;-1;0;768;-22752.5;55063.08;0.94;438;-70033.57;77497.85;0.75;1
1;3450;0;-1;1;739;-58869.1;59997.12;0.85;412;-872.88;29744.84;1;2
1;3450;0;-1;2;738;-41611.34;52779.58;0.89;417;-65676.28;75567.96;0.75;0
1;3450;0;21;0;774;-2267.59;33719.58;0.99;444;-50967.16;52808.55;0.81;1
1;3450;0;21;1;749;-33473.65;38377.24;0.91;419;14279.21;26678.99;1.07;3
1;3450;0;21;2;746;-44437.26;51783.32;0.88;425;-67802.46;82851;0.74;0
1;3450;1050;-1;0;855;-30467;58191.5;0.93;515;-32769.73;51673.6;0.88;1
1;3450;1050;-1;1;746;-56051.06;63920.78;0.85;419;9645.4;24256.88;1.05;3
1;3450;1050;-1;2;748;-44052;58235.32;0.88;423;-54282.6;67653.64;0.77;1
1;3450;1050;21;0;880;-19379.44;46887.91;0.95;528;-7800.75;27804.66;0.97;2
1;3450;1050;21;1;756;-39617.23;48316.77;0.89;429;21083.15;24769.99;1.11;3
1;3450;1050;21;2;756;-45049.08;58275.86;0.88;428;-48964.26;67467.78;0.79;1
1;3450;1950;-1;0;785;-26354.68;55681.65;0.94;456;-66261.64;81683.74;0.77;0
1;3450;1950;-1;1;741;-63647.91;66522.18;0.84;413;17605.34;22738.36;1.08;3
1;3450;1950;-1;2;741;-30798.92;48269.44;0.92;421;-76577.86;89631.06;0.72;0
1;3450;1950;21;0;794;-8485.22;40009.33;0.98;465;-29894.31;44069.3;0.89;2
1;3450;1950;21;1;751;-35034.15;40888.22;0.91;421;33908.69;22274.49;1.17;3
1;3450;1950;21;2;749;-45792.4;55276.54;0.88;426;-61854.1;76567.64;0.76;0
1;3450;3850;-1;0;769;-20491.27;55063.08;0.95;439;-79632.97;85881.24;0.73;1
1;3450;3850;-1;1;739;-59033.12;60161.15;0.85;412;-4831.9;28791.84;0.98;2
1;3450;3850;-1;2;739;-39751;49093.36;0.9;418;-65939.8;75922.84;0.75;0
1;3450;3850;21;0;775;-3353.35;34575.46;0.99;446;-47473.66;50172.56;0.82;1
1;3450;3850;21;1;749;-36568.15;39361.74;0.9;419;15104.7;25447.99;1.07;3
1;3450;3850;21;2;747;-44861.02;51697.7;0.88;425;-65039.96;79431.5;0.75;0
1;3450;7750;-1;0;768;-22752.5;55063.08;0.94;438;-70033.57;77497.85;0.75;1
1;3450;7750;-1;1;739;-58869.1;59997.12;0.85;412;-1870.39;29744.84;0.99;2
1;3450;7750;-1;2;738;-41611.34;52779.58;0.89;417;-65676.28;75567.96;0.75;0
1;3450;7750;21;0;774;-2267.59;33719.58;0.99;444;-50967.16;52808.55;0.81;1
1;3450;7750;21;1;749;-33473.65;38377.24;0.91;419;15313.71;26678.99;1.07;3
1;3450;7750;21;2;746;-44437.26;51783.32;0.88;425;-67802.46;82851;0.74;0
1;5150;0;-1;0;764;-17408.33;50752.74;0.96;431;-60743.17;71549.83;0.78;2
1;5150;0;-1;1;739;-58395.05;59523.07;0.85;412;-1093.35;33015.33;1;2
1;5150;0;-1;2;738;-38304.3;50797.04;0.9;417;-63548.36;78134.66;0.76;1
1;5150;0;21;0;770;132.54;34228.46;1;437;-53665.78;55507.17;0.8;1
1;5150;0;21;1;749;-34237.15;40304.22;0.91;419;20399.71;27675.48;1.1;3
1;5150;0;21;2;746;-44593.76;51779.32;0.88;424;-69395.08;84509.62;0.74;0
1;5150;1050;-1;0;852;-29232.07;59374.59;0.93;507;-30103.23;50512.71;0.89;1
1;5150;1050;-1;1;746;-55885.51;66555.23;0.85;417;8148.42;25462.37;1.04;3
1;5150;1050;-1;2;748;-44165.72;59348.42;0.88;422;-57700.08;70387.12;0.76;1
1;5150;1050;21;0;876;-18319.82;47396.79;0.95;519;-13492.37;30192.29;0.95;2
1;5150;1050;21;1;756;-40380.73;51989.27;0.89;429;23590.16;25766.48;1.13;3
1;5150;1050;21;2;756;-45205.58;58271.86;0.88;427;-52028.88;69848.4;0.78;1
1;5150;1950;-1;0;781;-23668.27;57200.86;0.94;449;-49346.24;66637.41;0.82;1
1;5150;1950;-1;1;741;-63219.85;67317.43;0.84;413;15481.37;24308.85;1.07;3
1;5150;1950;-1;2;741;-30915.14;49385.04;0.92;420;-69792.2;85748.58;0.74;1
1;5150;1950;21;0;790;-6085.1;40518.21;0.98;457;-33187.44;50116.01;0.88;2
1;5150;1950;21;1;751;-35797.65;44560.72;0.91;421;36415.69;23270.98;1.18;4
1;5150;1950;21;2;749;-45948.9;55433.04;0.88;425;-62401.22;77180.76;0.76;0
1;5150;3850;-1;0;765;-15147.1;50752.74;0.96;432;-67415.18;77005.84;0.76;1
1;5150;3850;-1;1;739;-58559.07;59687.1;0.85;412;-4010.37;30620.33;0.98;2
1;5150;3850;-1;2;739;-36443.96;47110.82;0.91;417;-59749.38;75015.3;0.77;1
1;5150;3850;21;0;771;-953.23;35084.34;1;439;-50172.29;53417.19;0.81;1
1;5150;3850;21;1;749;-37331.65;41769.67;0.9;419;21225.21;26444.48;1.1;3
1;5150;3850;21;2;747;-45017.52;51693.7;0.88;424;-66632.58;81090.12;0.75;0
1;5150;7750;-1;0;764;-17408.33;50752.74;0.96;431;-60743.17;71549.83;0.78;2
1;5150;7750;-1;1;739;-58395.05;59523.07;0.85;412;-2090.86;33015.33;0.99;2
1;5150;7750;-1;2;738;-38304.3;50797.04;0.9;417;-63548.36;78134.66;0.76;1
1;5150;7750;21;0;770;132.54;34228.46;1;437;-53665.78;55507.17;0.8;1
1;5150;7750;21;1;749;-34237.15;40304.22;0.91;419;21434.21;27675.48;1.1;3
1;5150;7750;21;2;746;-44593.76;51779.32;0.88;424;-69395.08;84509.62;0.74;0
20;450;0;-1;0;520;-17661.91;29015.18;0.89;263;-26707.8;29513.46;0.68;1
20;450;0;-1;1;265;8119.39;11253.38;1.11;143;-12531.3;12914.32;0.71;1
20;450;0;-1;2;257;-26415.3;30488.68;0.68;121;-14626.5;18967.4;0.63;1
20;450;0;21;0;529;-26202.76;34070.93;0.83;268;-25641.82;27727.32;0.69;1
20;450;0;21;1;272;1858.56;13671.98;1.02;146;-9442.96;9842.49;0.78;1
20;450;0;21;2;259;-28114.32;30252.32;0.66;123;-16648.86;20195.36;0.58;1
20;450;1050;-1;0;532;-13608.98;22542.87;0.91;267;-10036.33;18960.16;0.87;1
20;450;1050;-1;1;273;-3593.78;11753.91;0.95;145;-1694.39;9310.96;0.96;1
20;450;1050;-1;2;261;-8827.08;14963.4;0.88;123;-8791.94;13936.2;0.77;2
20;450;1050;21;0;535;-20890.3;25507.68;0.86;270;-9400.83;17794.24;0.88;1
20;450;1050;21;1;275;-5828.46;12099.97;0.92;147;-2804.47;9178.5;0.93;1
20;450;1050;21;2;262;-13755.34;18113.72;0.82;124;-7046.36;11833.36;0.81;2
20;450;1950;-1;0;524;-16523.61;21036.96;0.89;264;-16257.58;24790.61;0.8;1
20;450;1950;-1;1;267;4783.85;10527.89;1.06;143;-8341.82;10942.44;0.81;1
20;450;1950;-1;2;259;-21941.46;23449.84;0.73;122;-8365.76;17240.7;0.79;2
20;450;1950;21;0;532;-23728.52;26789.69;0.85;269;-16410.33;22461.73;0.8;1
20;450;1950;21;1;273;867.06;11351.98;1.01;146;-7250.97;10014.99;0.83;1
20;450;1950;21;2;261;-24648.58;26156.96;0.7;124;-9609.36;15846.24;0.76;2
20;450;3850;-1;0;521;-17328.17;29015.18;0.89;263;-24760.81;27566.46;0.7;1
20;450;3850;-1;1;265;8119.39;11253.38;1.11;143;-10584.31;12765.44;0.76;1
20;450;3850;-1;2;258;-26081.56;30376.86;0.68;121;-14626.5;18967.4;0.63;1
20;450;3850;21;0;530;-24431.02;33756.31;0.84;268;-23694.83;25780.33;0.72;1
20;450;3850;21;1;272;1858.56;13671.98;1.02;146;-7495.97;9842.49;0.83;1
20;450;3850;21;2;260;-26342.58;28712.58;0.68;123;-16648.86;20195.36;0.58;1
20;450;7750;-1;0;520;-17661.91;29015.18;0.89;263;-26707.8;29513.46;0.68;1
20;450;7750;-1;1;265;8119.39;11253.38;1.11;143;-12531.3;12914.32;0.71;1
20;450;7750;-1;2;257;-26415.3;30488.68;0.68;121;-14626.5;18967.4;0.63;1
20;450;7750;21;0;529;-26202.76;34070.93;0.83;268;-25641.82;27727.32;0.69;1
20;450;7750;21;1;272;1858.56;13671.98;1.02;146;-9442.96;9842.49;0.78;1
20;450;7750;21;2;259;-28114.32;30252.32;0.66;123;-16648.86;20195.36;0.58;1
20;1050;0;-1;0;512;-49048.64;54943.58;0.78;258;-46022.64;46990.69;0.64;0
20;1050;0;-1;1;263;-15191.8;20660.56;0.87;143;-22657.64;22832.15;0.66;0
20;1050;0;-1;2;251;-34692.84;39225.24;0.69;116;-23295.5;26454.02;0.63;1
20;1050;0;21;0;521;-41784.94;55161.22;0.81;264;-43088.43;44736.94;0.66;0
20;1050;0;21;1;267;-10655.9;26267.94;0.9;145;-15983.45;16200.96;0.75;0
20;1050;0;21;2;256;-31384.04;33782.3;0.72;120;-27066.1;30354.48;0.58;0
20;1050;1050;-1;0;521;-28216.55;39718.3;0.86;262;-21648.99;23396.25;0.82;1
20;1050;1050;-1;1;267;-12494.52;20765.06;0.88;145;-6593.27;14907.41;0.89;1
20;1050;1050;-1;2;256;-13879.3;19184.98;0.86;118;-14067.1;17802.98;0.75;1
20;1050;1050;21;0;528;-33492.86;43170.75;0.83;266;-17860.45;19934.95;0.84;1
20;1050;1050;21;1;270;-15374.42;23825.94;0.85;146;-4023.47;11364.99;0.93;1
20;1050;1050;21;2;260;-16413.94;20567.44;0.83;121;-13197.98;17038.48;0.77;1
20;1050;1950;-1;0;515;-47563.73;50435.3;0.79;259;-42517.31;43226.07;0.66;1
20;1050;1950;-1;1;264;-17634.36;22303.38;0.84;143;-21125.67;21300.18;0.68;1
20;1050;1950;-1;2;253;-30765.38;32274.4;0.72;117;-21322.14;24480.66;0.66;0
20;1050;1950;21;0;525;-45641.58;49627.98;0.79;265;-32725.94;33676.94;0.74;1
20;1050;1950;21;1;268;-15635.9;24042.44;0.86;145;-10968.96;11264.98;0.82;1
20;1050;1950;21;2;259;-30260.68;31128.68;0.73;121;-21718.1;25490.86;0.66;1
20;1050;3850;-1;0;513;-47173.9;54337.09;0.79;259;-45535.64;46503.7;0.65;0
20;1050;3850;-1;1;263;-15191.8;20660.56;0.87;143;-20710.64;20885.15;0.69;0
20;1050;3850;-1;2;252;-32818.1;39084.2;0.71;117;-24755.5;27914.02;0.61;1
20;1050;3850;21;0;522;-41926.2;54846.6;0.81;264;-41798.44;43446.94;0.67;0
20;1050;3850;21;1;267;-12765.9;26267.94;0.88;145;-14036.46;14253.96;0.78;0
20;1050;3850;21;2;257;-29415.3;33467.68;0.74;120;-27723.1;31011.48;0.57;0
20;1050;7750;-1;0;512;-49048.64;54943.58;0.78;258;-46022.64;46990.69;0.64;0
20;1050;7750;-1;1;263;-15191.8;20660.56;0.87;143;-22657.64;22832.15;0.66;0
20;1050;7750;-1;2;251;-34692.84;39225.24;0.69;116;-23295.5;26454.02;0.63;1
20;1050;7750;21;0;521;-41784.94;55161.22;0.81;264;-43088.43;44736.94;0.66;0
20;1050;7750;21;1;267;-10655.9;26267.94;0.9;145;-15983.45;16200.96;0.75;0
20;1050;7750;21;2;256;-31384.04;33782.3;0.72;120;-27066.1;30354.48;0.58;0
20;2150;0;-1;0;506;-48452.89;64559.18;0.8;254;-52091.51;53379.33;0.63;1
20;2150;0;-1;1;261;-23042.05;30806.59;0.82;142;-24699.98;24874.49;0.65;1
20;2150;0;-1;2;250;-26539.08;39349.24;0.77;114;-28166.52;32833.56;0.61;0
20;2150;0;21;0;514;-41980.28;59339.44;0.82;261;-54483.02;55601.53;0.62;1
20;2150;0;21;1;266;-21178.87;32526.89;0.82;145;-18579.94;18797.45;0.73;1
20;2150;0;21;2;253;-21251.02;29904.16;0.81;118;-36676.7;40303.58;0.52;0
20;2150;1050;-1;0;516;-35480.87;54877.59;0.84;259;-29377.91;31129.55;0.77;1
20;2150;1050;-1;1;266;-24973.79;33997.35;0.79;144;-10741.14;18010.35;0.84;1
20;2150;1050;-1;2;255;-7856.58;22284.7;0.92;117;-18472.64;23664.28;0.72;1
20;2150;1050;21;0;522;-38956.46;56024.23;0.82;263;-27537.8;29612.3;0.79;1
20;2150;1050;21;1;269;-25423.9;33090.91;0.78;146;-8774.96;16237.99;0.87;1
20;2150;1050;21;2;258;-10922.68;24138.7;0.89;119;-18936.34;23115.34;0.72;0
20;2150;1950;-1;0;509;-51078.37;65169.98;0.79;255;-50119.55;51187.37;0.64;1
20;2150;1950;-1;1;262;-26162.61;33652.7;0.79;142;-23298.51;23473.02;0.66;1
20;2150;1950;-1;2;252;-26044;36345.52;0.77;115;-27596.04;34615.4;0.62;0
20;2150;1950;21;0;518;-47771.92;57532.7;0.79;262;-45939.53;46751.03;0.68;1
20;2150;1950;21;1;267;-26158.87;34313.39;0.78;145;-14231.95;15858.48;0.79;1
20;2150;1950;21;2;256;-22062.66;27259.56;0.8;119;-32481.2;37259.98;0.57;0
20;2150;3850;-1;0;507;-46570.16;64559.18;0.81;255;-52565.01;53852.84;0.63;1
20;2150;3850;-1;1;261;-21934.06;30806.59;0.83;142;-22752.99;22927.5;0.67;1
20;2150;3850;-1;2;251;-25764.34;39349.24;0.78;115;-30587.02;35254.06;0.59;0
20;2150;3850;21;0;515;-43221.54;59024.82;0.81;261;-53193.03;54311.53;0.63;1
20;2150;3850;21;1;266;-23288.87;32526.89;0.81;145;-16632.95;16850.45;0.76;1
20;2150;3850;21;2;254;-20382.28;29589.54;0.82;118;-37333.7;40960.58;0.51;0
20;2150;7750;-1;0;506;-48452.89;64559.18;0.8;254;-52091.51;53379.33;0.63;1
20;2150;7750;-1;1;261;-23042.05;30806.59;0.82;142;-24699.98;24874.49;0.65;1
20;2150;7750;-1;2;250;-26539.08;39349.24;0.77;114;-28166.52;32833.56;0.61;0
20;2150;7750;21;0;514;-41980.28;59339.44;0.82;261;-54483.02;55601.53;0.62;1
20;2150;7750;21;1;266;-21178.87;32526.89;0.82;145;-18579.94;18797.45;0.73;1
20;2150;7750;21;2;253;-21251.02;29904.16;0.81;118;-36676.7;40303.58;0.52;0
20;3450;0;-1;0;502;-50264.15;66933.94;0.79;250;-55175.95;56415.78;0.61;1
20;3450;0;-1;1;261;-29016.97;36781.51;0.78;142;-26226.95;26401.46;0.63;1
20;3450;0;-1;2;250;-23102.9;36476.56;0.79;113;-34690.74;39357.78;0.56;0
20;3450;0;21;0;509;-42331.77;59875.43;0.81;256;-55765.5;56741.38;0.61;1
20;3450;0;21;1;266;-25893.87;37241.89;0.79;144;-19907.44;20124.94;0.72;1
20;3450;0;21;2;253;-20448.02;29285.66;0.81;116;-38103.18;41730.06;0.51;0
20;3450;1050;-1;0;512;-29851.02;55135.74;0.86;254;-29991.73;31743.37;0.77;1
20;3450;1050;-1;1;266;-29555.22;38578.78;0.77;144;-12268.11;16235.33;0.82;1
20;3450;1050;-1;2;255;1842.22;20399.42;1.02;115;-22517.24;27708.88;0.68;0
20;3450;1050;21;0;517;-33293.96;53249.49;0.84;258;-29667.41;32280.91;0.78;1
20;3450;1050;21;1;269;-27329.39;34996.4;0.77;145;-10102.45;14819.98;0.85;1
20;3450;1050;21;2;258;-5615.18;20502.2;0.94;117;-21782.58;25961.58;0.69;0
20;3450;1950;-1;0;505;-50402.25;65057.36;0.79;251;-54504;55523.82;0.62;1
20;3450;1950;-1;1;262;-32137.53;39627.62;0.76;142;-24825.47;24999.98;0.65;1
20;3450;1950;-1;2;252;-20319.44;31318.34;0.81;114;-35420.26;41763.88;0.56;0
20;3450;1950;21;0;513;-45853.91;58257.69;0.8;257;-48522;49270.89;0.67;1
20;3450;1950;21;1;267;-30873.87;39028.39;0.75;144;-15559.44;15776.95;0.78;1
20;3450;1950;21;2;256;-18990.16;26830.06;0.82;117;-35207.68;39610.58;0.56;1
20;3450;3850;-1;0;503;-48247.54;66933.94;0.8;251;-56949.46;58189.28;0.61;1
20;3450;3850;-1;1;261;-27908.98;36781.51;0.79;142;-24279.95;24454.46;0.66;1
20;3450;3850;-1;2;251;-22194.28;36476.56;0.8;114;-38411.24;43078.28;0.53;0
20;3450;3850;21;0;510;-42596.53;59560.81;0.81;256;-54475.5;55451.39;0.62;1
20;3450;3850;21;1;266;-28003.87;37241.89;0.78;144;-17960.44;18177.95;0.75;1
20;3450;3850;21;2;254;-18602.78;28971.04;0.83;116;-38760.18;42387.06;0.5;0
20;3450;7750;-1;0;502;-50264.15;66933.94;0.79;250;-55175.95;56415.78;0.61;1
20;3450;7750;-1;1;261;-29016.97;36781.51;0.78;142;-26226.95;26401.46;0.63;1
20;3450;7750;-1;2;250;-23102.9;36476.56;0.79;113;-34690.74;39357.78;0.56;0
20;3450;7750;21;0;509;-42331.77;59875.43;0.81;256;-55765.5;56741.38;0.61;1
20;3450;7750;21;1;266;-25893.87;37241.89;0.79;144;-19907.44;20124.94;0.72;1
20;3450;7750;21;2;253;-20448.02;29285.66;0.81;116;-38103.18;41730.06;0.51;0
20;5150;0;-1;0;501;-46220.75;62890.53;0.8;248;-62603.18;63843.01;0.58;1
20;5150;0;-1;1;261;-25277.45;33041.98;0.81;142;-26707.93;26882.44;0.63;1
20;5150;0;-1;2;250;-22804.76;36178.42;0.79;113;-39066.6;43733.64;0.53;0
20;5150;0;21;0;509;-38931.77;56475.43;0.83;254;-61465;62440.88;0.59;1
20;5150;0;21;1;266;-22493.87;33841.89;0.82;144;-19746.43;19963.94;0.72;1
20;5150;0;21;2;253;-20322.02;29159.66;0.81;116;-43178.68;46805.56;0.48;0
20;5150;1050;-1;0;511;-29521.99;54465.21;0.86;252;-39561.84;41313.48;0.72;1
20;5150;1050;-1;1;266;-29492.19;38515.75;0.76;144;-12749.09;15095.32;0.81;1
20;5150;1050;-1;2;255;1932.1;20309.54;1.02;115;-29669.98;34861.62;0.62;0
20;5150;1050;21;0;517;-29893.96;49849.49;0.86;256;-36461.91;39075.41;0.74;1
20;5150;1050;21;1;269;-23929.39;31596.4;0.79;145;-9941.45;14208.48;0.85;1
20;5150;1050;21;2;258;-5615.18;20502.2;0.94;117;-28558.08;32737.08;0.63;0
20;5150;1950;-1;0;504;-46358.84;61013.96;0.8;249;-63631.23;64651.05;0.58;1
20;5150;1950;-1;1;262;-28398;35888.1;0.78;142;-25306.45;25480.96;0.64;1
20;5150;1950;-1;2;252;-20021.3;31020.2;0.82;114;-41496.12;47905.74;0.52;0
20;5150;1950;21;0;513;-42453.91;54857.69;0.81;255;-55921.5;56670.39;0.63;1
20;5150;1950;21;1;267;-27473.87;35628.39;0.78;144;-15398.44;15615.94;0.78;1
20;5150;1950;21;2;256;-18864.16;26704.06;0.82;117;-41983.18;46452.08;0.51;1
20;5150;3850;-1;0;502;-44204.13;62890.53;0.81;249;-66076.69;67316.51;0.57;1
20;5150;3850;-1;1;261;-24169.45;33041.98;0.81;142;-24760.93;24935.44;0.66;1
20;5150;3850;-1;2;251;-21896.14;36178.42;0.8;114;-44487.1;49154.14;0.5;0
20;5150;3850;21;0;510;-39196.53;56160.81;0.83;254;-60175;61150.89;0.6;1
20;5150;3850;21;1;266;-24603.87;33841.89;0.8;144;-17799.44;18016.94;0.75;1
20;5150;3850;21;2;254;-18476.78;28845.04;0.83;116;-43835.68;47462.56;0.47;0
20;5150;7750;-1;0;501;-46220.75;62890.53;0.8;248;-62603.18;63843.01;0.58;1
20;5150;7750;-1;1;261;-25277.45;33041.98;0.81;142;-26707.93;26882.44;0.63;1
20;5150;7750;-1;2;250;-22804.76;36178.42;0.79;113;-39066.6;43733.64;0.53;0
20;5150;7750;21;0;509;-38931.77;56475.43;0.83;254;-61465;62440.88;0.59;1
20;5150;7750;21;1;266;-22493.87;33841.89;0.82;144;-19746.43;19963.94;0.72;1
20;5150;7750;21;2;253;-20322.02;29159.66;0.81;116;-43178.68;46805.56;0.48;0
50;450;0;-1;0;327;-25740.55;30263.93;0.74;166;-27879.57;28579.95;0.49;0
50;450;0;-1;1;166;923.27;6943.87;1.02;99;-9028.35;9527.41;0.7;0
50;450;0;-1;2;161;-26663.82;31187.2;0.51;67;-18851.22;19644.6;0.25;0
50;450;0;21;0;331;-26977.91;29890.56;0.72;168;-24384.97;25016.97;0.55;0
50;450;0;21;1;170;-1218.45;9853.98;0.97;100;-5564.97;7036.49;0.81;0
50;450;0;21;2;161;-25759.46;28347.46;0.52;68;-18820;19452;0.25;0
50;450;1050;-1;0;333;-18904.58;22933.84;0.8;168;-11160.25;14216.68;0.78;2
50;450;1050;-1;1;170;-2238.82;6073.36;0.95;100;-2271.39;4878.49;0.92;1
50;450;1050;-1;2;163;-16665.76;20707.4;0.67;68;-8888.86;12889.24;0.61;1
50;450;1050;21;0;335;-18731.18;22413.68;0.8;170;-9487.48;12732.5;0.81;2
50;450;1050;21;1;172;-3579.96;7986.47;0.92;101;-918.98;4722;0.97;1
50;450;1050;21;2;163;-15151.22;18805.6;0.69;69;-8568.5;11964;0.62;1
50;450;1950;-1;0;331;-25367.09;28367.09;0.74;167;-20445.08;21145.46;0.62;0
50;450;1950;-1;1;168;-2033.75;6943.87;0.95;99;-7128.36;7704.41;0.76;0
50;450;1950;-1;2;163;-23333.34;26395.1;0.57;68;-13316.72;14892.48;0.46;1
50;450;1950;21;0;334;-25610.17;28610.17;0.74;169;-18975.98;19607.98;0.64;0
50;450;1950;21;1;171;-3346.45;9853.98;0.92;100;-5690.48;7208.99;0.8;0
50;450;1950;21;2;163;-22263.72;25263.72;0.58;69;-13285.5;14533.5;0.46;0
50;450;3850;-1;0;328;-25092.19;29876.24;0.75;166;-25932.57;26632.95;0.53;0
50;450;3850;-1;1;166;923.27;6943.87;1.02;99;-7081.35;9527.41;0.76;1
50;450;3850;-1;2;162;-26015.46;29415.46;0.53;67;-18851.22;19644.6;0.25;0
50;450;3850;21;0;332;-25206.17;29575.94;0.74;168;-22437.98;23069.98;0.58;0
50;450;3850;21;1;170;-1218.45;9853.98;0.97;100;-3617.98;7036.49;0.87;1
50;450;3850;21;2;162;-23987.72;26575.72;0.55;68;-18820;19452;0.25;0
50;450;7750;-1;0;327;-25740.55;30263.93;0.74;166;-27879.57;28579.95;0.49;0
50;450;7750;-1;1;166;923.27;6943.87;1.02;99;-9028.35;9527.41;0.7;0
50;450;7750;-1;2;161;-26663.82;31187.2;0.51;67;-18851.22;19644.6;0.25;0
50;450;7750;21;0;331;-26977.91;29890.56;0.72;168;-24384.97;25016.97;0.55;0
50;450;7750;21;1;170;-1218.45;9853.98;0.97;100;-5564.97;7036.49;0.81;0
50;450;7750;21;2;161;-25759.46;28347.46;0.52;68;-18820;19452;0.25;0
50;1050;0;-1;0;322;-38158.64;43236.55;0.72;161;-31756.77;33225.53;0.61;0
50;1050;0;-1;1;164;-5801.54;11971.24;0.91;98;-16550.75;16550.75;0.64;0
50;1050;0;-1;2;158;-32357.1;37298.62;0.58;63;-15206.02;19529.8;0.58;2
50;1050;0;21;0;326;-35053.75;41380.91;0.74;165;-30490.71;32413.09;0.62;0
50;1050;0;21;1;167;-5252.43;13841.47;0.91;99;-12739.97;12739.97;0.71;1
50;1050;0;21;2;159;-29801.32;32399.32;0.61;66;-17750.74;21280.12;0.51;2
50;1050;1050;-1;0;326;-17719.62;24730.56;0.86;163;-12737.25;16724.8;0.82;1
50;1050;1050;-1;1;165;-1295.66;9735.73;0.98;98;-8752.83;10340.94;0.79;2
50;1050;1050;-1;2;161;-16423.96;21650;0.75;65;-3984.42;9446.48;0.87;2
50;1050;1050;21;0;331;-24125.9;29788.05;0.8;167;-10779.1;13540;0.85;1
50;1050;1050;21;1;169;-4233.44;12331.47;0.93;100;-5678.48;7548.5;0.86;1
50;1050;1050;21;2;162;-19892.46;23563.34;0.7;67;-5100.62;11213.5;0.83;3
50;1050;1950;-1;0;324;-39092.06;42046.59;0.72;162;-30062.79;31531.55;0.63;0
50;1050;1950;-1;1;164;-7347.06;11182.75;0.88;98;-16607.27;16607.27;0.64;0
50;1050;1950;-1;2;160;-31745;34563.14;0.59;64;-13455.52;16771.22;0.62;2
50;1050;1950;21;0;330;-36025.39;38435.39;0.73;166;-27923.72;29846.1;0.65;0
50;1050;1950;21;1;168;-7380.43;13841.47;0.87;99;-12830.48;12830.48;0.71;1
50;1050;1950;21;2;162;-28644.96;31054.96;0.62;67;-15093.24;18054.12;0.58;1
50;1050;3850;-1;0;323;-36283.9;41942.02;0.74;162;-31269.77;32738.53;0.62;0
50;1050;3850;-1;1;164;-5801.54;11971.24;0.91;98;-14603.75;14603.75;0.68;0
50;1050;3850;-1;2;159;-30482.36;34300.5;0.61;64;-16666.02;20989.8;0.55;2
50;1050;3850;21;0;327;-33085.01;41066.29;0.75;165;-29200.72;31123.1;0.64;0
50;1050;3850;21;1;167;-5252.43;13841.47;0.91;99;-10792.98;10792.98;0.75;1
50;1050;3850;21;2;160;-27832.58;30430.58;0.64;66;-18407.74;21937.12;0.49;2
50;1050;7750;-1;0;322;-38158.64;43236.55;0.72;161;-31756.77;33225.53;0.61;0
50;1050;7750;-1;1;164;-5801.54;11971.24;0.91;98;-16550.75;16550.75;0.64;0
50;1050;7750;-1;2;158;-32357.1;37298.62;0.58;63;-15206.02;19529.8;0.58;2
50;1050;7750;21;0;326;-35053.75;41380.91;0.74;165;-30490.71;32413.09;0.62;0
50;1050;7750;21;1;167;-5252.43;13841.47;0.91;99;-12739.97;12739.97;0.71;1
50;1050;7750;21;2;159;-29801.32;32399.32;0.61;66;-17750.74;21280.12;0.51;2
50;2150;0;-1;0;319;-37872.97;48214.92;0.74;160;-36302.34;38965.77;0.59;1
50;2150;0;-1;1;163;-8194.91;16369.06;0.88;98;-13967.12;13967.12;0.67;1
50;2150;0;-1;2;157;-28963.56;33742.58;0.64;62;-22335.22;27842.38;0.52;2
50;2150;0;21;0;324;-33592.48;46983.14;0.76;163;-35966.07;38235.95;0.59;1
50;2150;0;21;1;167;-9191.41;20765.96;0.86;99;-6959.97;7307.47;0.83;2
50;2150;0;21;2;158;-23686.56;25870.7;0.68;64;-29006.1;31388.98;0.4;1
50;2150;1050;-1;0;323;-20890.37;33820.52;0.84;162;-16310.36;21869.9;0.79;1
50;2150;1050;-1;1;165;-7621.05;18151.15;0.88;98;-4873.22;10924.4;0.88;2
50;2150;1050;-1;2;159;-12554.82;21298.1;0.81;64;-11437.14;16372.18;0.71;2
50;2150;1050;21;0;329;-26679.51;39534.66;0.8;165;-15846.72;19127.99;0.8;1
50;2150;1050;21;1;169;-10667.43;19581.94;0.83;100;-1115.48;6886.49;0.97;2
50;2150;1050;21;2;161;-15297.58;21600.6;0.77;65;-14731.24;19888.62;0.65;2
50;2150;1950;-1;0;320;-42382.28;47354.6;0.72;161;-35835.74;38279.16;0.6;1
50;2150;1950;-1;1;163;-10471.44;15700.57;0.85;98;-13593.14;13593.14;0.68;1
50;2150;1950;-1;2;158;-31196.34;34901.98;0.62;63;-22242.6;26439.76;0.53;2
50;2150;1950;21;0;328;-37318.62;45747.9;0.74;164;-34551.57;36473.95;0.61;1
50;2150;1950;21;1;168;-12138.91;20791.43;0.81;99;-7050.47;7050.47;0.82;2
50;2150;1950;21;2;161;-24465.2;29176.22;0.68;65;-27501.1;29883.98;0.44;1
50;2150;3850;-1;0;320;-35990.24;48214.92;0.76;161;-36775.85;39439.28;0.6;1
50;2150;3850;-1;1;163;-7086.91;16369.06;0.9;98;-12020.13;13099.26;0.72;1
50;2150;3850;-1;2;158;-28188.82;32569.02;0.66;63;-24755.72;30262.88;0.49;2
50;2150;3850;21;0;325;-31643.24;46668.52;0.78;163;-34676.07;36945.95;0.61;1
50;2150;3850;21;1;167;-8110.91;20765.96;0.88;99;-5012.97;6986;0.87;2
50;2150;3850;21;2;159;-22817.82;25556.08;0.7;64;-29663.1;32045.98;0.39;1
50;2150;7750;-1;0;319;-37872.97;48214.92;0.74;160;-36302.34;38965.77;0.59;1
50;2150;7750;-1;1;163;-8194.91;16369.06;0.88;98;-13967.12;13967.12;0.67;1
50;2150;7750;-1;2;157;-28963.56;33742.58;0.64;62;-22335.22;27842.38;0.52;2
50;2150;7750;21;0;324;-33592.48;46983.14;0.76;163;-35966.07;38235.95;0.59;1
50;2150;7750;21;1;167;-9191.41;20765.96;0.86;99;-6959.97;7307.47;0.83;2
50;2150;7750;21;2;158;-23686.56;25870.7;0.68;64;-29006.1;31388.98;0.4;1
50;3450;0;-1;0;319;-37740.26;48645.71;0.74;160;-46310.42;48973.85;0.53;1
50;3450;0;-1;1;163;-7259.35;15433.5;0.89;98;-11078.1;11078.1;0.72;1
50;3450;0;-1;2;157;-29766.4;35108.92;0.63;62;-35232.32;39957.36;0.41;2
50;3450;0;21;0;324;-33161.48;46547.64;0.76;163;-46840.43;49110.31;0.53;1
50;3450;0;21;1;167;-8461.41;20615.96;0.87;99;-5884.97;6986;0.85;2
50;3450;0;21;2;158;-23985.56;26790.98;0.68;64;-40955.46;43338.34;0.32;1
50;3450;1050;-1;0;323;-11500.54;28962.39;0.91;162;-25537.32;27307.99;0.71;1
50;3450;1050;-1;1;165;-3691;14790.1;0.94;98;-1984.2;7550.38;0.95;2
50;3450;1050;-1;2;159;-7095.04;19526.02;0.89;64;-23553.12;27906.26;0.55;1
50;3450;1050;21;0;329;-19067.01;33437.04;0.85;165;-27455.34;30089.84;0.7;1
50;3450;1050;21;1;169;-7260.43;17000.96;0.88;100;-40.48;5885.49;1;2
50;3450;1050;21;2;161;-11092.08;21104.48;0.83;65;-27414.86;31663.62;0.5;1
50;3450;1950;-1;0;320;-39961.19;45497;0.73;161;-47143.81;49587.24;0.53;1
50;3450;1950;-1;1;163;-9535.88;14765.02;0.86;98;-10704.11;10704.11;0.73;1
50;3450;1950;-1;2;158;-29710.8;33979.94;0.63;63;-36439.7;40290.6;0.41;1
50;3450;1950;21;0;328;-34618.12;44019.4;0.75;164;-46725.93;48648.31;0.54;1
50;3450;1950;21;1;168;-11408.91;20615.96;0.82;99;-5975.47;6986;0.85;2
50;3450;1950;21;2;161;-22494.7;29639.72;0.7;65;-40750.46;43133.34;0.35;1
50;3450;3850;-1;0;320;-35723.64;48645.71;0.76;161;-48083.92;50747.35;0.53;1
50;3450;3850;-1;1;163;-6151.36;15433.5;0.91;98;-9131.1;10136.24;0.77;1
50;3450;3850;-1;2;158;-28857.78;33935.36;0.65;63;-38952.82;43677.86;0.38;2
50;3450;3850;21;0;325;-30235.74;46233.02;0.79;163;-45550.43;47820.31;0.54;1
50;3450;3850;21;1;167;-7380.91;20615.96;0.89;99;-3937.97;6986;0.9;2
50;3450;3850;21;2;159;-22140.32;26790.98;0.71;64;-41612.46;43995.34;0.31;1
50;3450;7750;-1;0;319;-37740.26;48645.71;0.74;160;-46310.42;48973.85;0.53;1
50;3450;7750;-1;1;163;-7259.35;15433.5;0.89;98;-11078.1;11078.1;0.72;1
50;3450;7750;-1;2;157;-29766.4;35108.92;0.63;62;-35232.32;39957.36;0.41;2
50;3450;7750;21;0;324;-33161.48;46547.64;0.76;163;-46840.43;49110.31;0.53;1
50;3450;7750;21;1;167;-8461.41;20615.96;0.87;99;-5884.97;6986;0.85;2
50;3450;7750;21;2;158;-23985.56;26790.98;0.68;64;-40955.46;43338.34;0.32;1
50;5150;0;-1;0;319;-38015.61;48921.06;0.74;160;-54283.16;56946.59;0.49;1
50;5150;0;-1;1;163;-7795.35;15969.5;0.89;98;-11078.1;11078.1;0.72;1
50;5150;0;-1;2;157;-29494.26;34836.78;0.63;62;-43205.06;47930.1;0.36;1
50;5150;0;21;0;324;-33215.98;46602.14;0.76;163;-55183.93;57453.81;0.49;1
50;5150;0;21;1;167;-8641.91;20796.46;0.87;99;-5884.97;6986;0.85;2
50;5150;0;21;2;158;-23859.56;26664.98;0.68;64;-49298.96;51681.84;0.28;1
50;5150;1050;-1;0;323;-11984.16;29446;0.9;162;-36286.94;38057.61;0.63;1
50;5150;1050;-1;1;165;-4226.99;15326.1;0.93;98;-1984.2;7550.38;0.95;2
50;5150;1050;-1;2;159;-7031.16;19462.14;0.89;64;-34302.74;38655.88;0.45;1
50;5150;1050;21;0;329;-19247.51;33617.54;0.85;165;-37498.84;40133.34;0.63;1
50;5150;1050;21;1;169;-7440.93;17181.46;0.88;100;-40.48;5885.49;1;2
50;5150;1050;21;2;161;-11092.08;21104.48;0.83;65;-37458.36;41773.12;0.42;1
50;5150;1950;-1;0;320;-40236.54;45772.36;0.73;161;-56816.55;59259.98;0.49;1
50;5150;1950;-1;1;163;-10071.88;15301.01;0.85;98;-10704.11;10704.11;0.73;1
50;5150;1950;-1;2;158;-29438.66;33707.8;0.63;63;-46112.44;49963.34;0.35;1
50;5150;1950;21;0;328;-34672.62;44073.9;0.75;164;-56769.43;58691.81;0.49;1
50;5150;1950;21;1;168;-11589.41;20796.46;0.82;99;-5975.47;6986;0.85;2
50;5150;1950;21;2;161;-22368.7;29513.72;0.7;65;-50793.96;53176.84;0.3;1
50;5150;3850;-1;0;320;-35999;48921.06;0.76;161;-57756.66;60420.09;0.49;1
50;5150;3850;-1;1;163;-6687.35;15969.5;0.9;98;-9131.1;10136.24;0.77;1
50;5150;3850;-1;2;158;-28585.64;33663.22;0.65;63;-48625.56;53350.6;0.33;1
50;5150;3850;21;0;325;-30290.24;46287.52;0.78;163;-53893.93;56163.81;0.5;1
50;5150;3850;21;1;167;-7561.41;20796.46;0.88;99;-3937.97;6986;0.9;2
50;5150;3850;21;2;159;-22014.32;26664.98;0.71;64;-49955.96;52338.84;0.27;1
50;5150;7750;-1;0;319;-38015.61;48921.06;0.74;160;-54283.16;56946.59;0.49;1
50;5150;7750;-1;1;163;-7795.35;15969.5;0.89;98;-11078.1;11078.1;0.72;1
50;5150;7750;-1;2;157;-29494.26;34836.78;0.63;62;-43205.06;47930.1;0.36;1
50;5150;7750;21;0;324;-33215.98;46602.14;0.76;163;-55183.93;57453.81;0.49;1
50;5150;7750;21;1;167;-8641.91;20796.46;0.87;99;-5884.97;6986;0.85;2
50;5150;7750;21;2;158;-23859.56;26664.98;0.68;64;-49298.96;51681.84;0.28;1
