# Griglia grossa @SI 240m Price Channel, motore nudo (pattern spenti, nessun filtro orario), 450 combinazioni.
# Feed FTMO, spread peggiore fra FTMO, swap peggiore fra FTMO, commissione 2.3/lato, orologio al minuto. Campione 2022-01-01 -> 2025-01-01, fuori campione -> 2026-09-01.
channelBars;stopLoss;takeProfit;exitHour;direction;isTrades;isNet;isDD;isPF;oosTrades;oosNet;oosDD;oosPF;oosWindowsInProfit
1;700;0;-1;0;1370;-413039.5;417358.7;0.47;837;-184540.2;196435.6;0.65;0
1;700;0;-1;1;809;-255116.4;255116.4;0.46;465;-69276.5;98140.7;0.76;1
1;700;0;-1;2;810;-223786;235747.8;0.52;462;-184620.2;184620.2;0.39;0
1;700;0;21;0;1416;-415031.1;415031.1;0.49;856;-195482.6;198070.5;0.64;0
1;700;0;21;1;826;-249269.6;249269.6;0.48;469;-64292.4;97832.4;0.78;2
1;700;0;21;2;821;-237596.6;242418.4;0.49;467;-187163.2;187163.2;0.38;0
1;700;1750;-1;0;1453;-488678.8;488678.8;0.41;887;-187332.7;193577.5;0.62;1
1;700;1750;-1;1;826;-282402.1;282402.1;0.4;475;-103432.5;112831.9;0.61;0
1;700;1750;-1;2;825;-246510;248927.8;0.47;467;-87618.2;90956.4;0.66;1
1;700;1750;21;0;1476;-473344.6;473344.6;0.43;889;-191819.4;198064.2;0.61;1
1;700;1750;21;1;833;-279856.8;279856.8;0.41;475;-104602.5;114001.9;0.6;0
1;700;1750;21;2;828;-254593.8;257011.6;0.45;468;-87472.8;90811;0.66;1
1;700;3200;-1;0;1397;-430478.7;430478.7;0.46;866;-173848.6;182334.8;0.66;1
1;700;3200;-1;1;818;-269170.3;269170.3;0.44;472;-93308.7;96273.6;0.67;1
1;700;3200;-1;2;817;-242123.2;246655;0.48;465;-95829;99467.2;0.66;1
1;700;3200;21;0;1431;-425142.6;425142.6;0.48;874;-177290.4;186684.1;0.66;1
1;700;3200;21;1;829;-264165.9;264165.9;0.45;473;-96490.8;99455.7;0.66;1
1;700;3200;21;2;824;-248015.4;252297.2;0.47;468;-94832.8;98471;0.66;1
1;700;6400;-1;0;1373;-417108.3;421427.5;0.47;857;-187269.7;197290.9;0.65;0
1;700;6400;-1;1;810;-259183.5;259183.5;0.45;471;-82186.6;96384.2;0.72;1
1;700;6400;-1;2;810;-222886;234847.8;0.52;463;-169974.8;169974.8;0.43;0
1;700;6400;21;0;1419;-418399.9;418399.9;0.48;868;-190715.3;198129;0.65;0
1;700;6400;21;1;827;-252434.2;252434.2;0.48;472;-81083.7;96806.3;0.72;1
1;700;6400;21;2;821;-236591.6;241413.4;0.5;467;-169548.2;169548.2;0.43;0
1;700;12750;-1;0;1370;-413039.5;417358.7;0.47;843;-192857.8;195445.7;0.64;0
1;700;12750;-1;1;809;-255116.4;255116.4;0.46;467;-69340.7;98140.7;0.76;1
1;700;12750;-1;2;810;-223786;235747.8;0.52;462;-177705.2;177705.2;0.41;0
1;700;12750;21;0;1416;-415031.1;415031.1;0.49;861;-200413.1;203001;0.63;0
1;700;12750;21;1;826;-249269.6;249269.6;0.48;470;-62914.5;97832.4;0.79;1
1;700;12750;21;2;821;-237596.6;242418.4;0.49;467;-179078.2;179078.2;0.41;0
1;1800;0;-1;0;955;-223878;232264.4;0.71;676;-34014.6;141266.7;0.96;1
1;1800;0;-1;1;757;-251037.2;254669.9;0.62;441;22031.4;60601.4;1.04;2
1;1800;0;-1;2;761;-199435.6;214446.8;0.67;443;-193192.8;223760.2;0.67;0
1;1800;0;21;0;997;-246288.7;249284;0.7;723;-34858.3;121112.6;0.96;2
1;1800;0;21;1;787;-260177.7;265795.4;0.62;450;86142.5;63440.8;1.16;2
1;1800;0;21;2;775;-230495;240101.8;0.65;458;-224406.8;229450;0.63;0
1;1800;1750;-1;0;1049;-316557.9;318658.6;0.61;780;-101758;119476.2;0.85;1
1;1800;1750;-1;1;783;-289974.3;293394.5;0.56;468;-88307.8;107895.9;0.79;0
1;1800;1750;-1;2;773;-195935.8;205202.4;0.67;456;-122487.6;140678.6;0.72;0
1;1800;1750;21;0;1097;-330026.2;332321.5;0.62;812;-114270.2;135233.8;0.84;1
1;1800;1750;21;1;801;-291784.6;298535.2;0.57;471;-101289.1;117970.3;0.77;0
1;1800;1750;21;2;786;-231965.6;239142.8;0.63;459;-117001.4;135192.4;0.73;0
1;1800;3200;-1;0;986;-247935.6;249556.3;0.69;751;-97712.1;110275.2;0.88;1
1;1800;3200;-1;1;768;-273812.8;277600.5;0.59;461;-66428.1;75429.3;0.86;1
1;1800;3200;-1;2;765;-206039;213800.8;0.67;452;-147069.2;158130.6;0.71;0
1;1800;3200;21;0;1021;-272991.6;276736.9;0.67;777;-99434.2;117735;0.88;1
1;1800;3200;21;1;793;-277057.8;284595.5;0.6;466;-74761.1;83162.8;0.85;1
1;1800;3200;21;2;779;-246613.4;255680.2;0.62;459;-132591.4;141508.2;0.74;0
1;1800;6400;-1;0;959;-231751.4;233372.1;0.7;727;-119976.7;134455.3;0.86;0
1;1800;6400;-1;1;759;-259521.4;263154.1;0.61;456;-42332.6;74635.9;0.92;1
1;1800;6400;-1;2;762;-197140.2;213316.4;0.68;446;-264591.6;264591.6;0.53;0
1;1800;6400;21;0;999;-246437.9;249433.2;0.7;762;-135787.7;140601.4;0.85;0
1;1800;6400;21;1;788;-264632.3;270250;0.62;460;-34533.5;65803.9;0.94;1
1;1800;6400;21;2;776;-227519.6;237126.4;0.65;458;-246531.8;246531.8;0.58;0
1;1800;12750;-1;0;955;-223878;232264.4;0.71;688;-30912.3;124106.2;0.96;1
1;1800;12750;-1;1;757;-251037.2;254669.9;0.62;445;13480.5;60601.4;1.03;2
1;1800;12750;-1;2;761;-199435.6;214446.8;0.67;444;-237577.4;248465.2;0.59;0
1;1800;12750;21;0;997;-246288.7;249284;0.7;731;-56790.1;124927.5;0.94;2
1;1800;12750;21;1;787;-260177.7;265795.4;0.62;452;43693.3;63440.8;1.08;2
1;1800;12750;21;2;775;-230495;240101.8;0.65;458;-233666.8;233666.8;0.61;0
1;3550;0;-1;0;805;-217640.5;246440.7;0.7;572;2838.8;73358.9;1;2
1;3550;0;-1;1;737;-229045.2;230927.9;0.64;422;-44971.2;152027.9;0.94;2
1;3550;0;-1;2;747;-231076.2;250926.6;0.65;426;-176109.6;281690.8;0.78;1
1;3550;0;21;0;828;-256856.3;258101.6;0.67;614;-82629.4;122213.1;0.93;1
1;3550;0;21;1;769;-208122.4;211990.1;0.69;438;92510.2;85183.7;1.13;2
1;3550;0;21;2;761;-246760.6;265781.8;0.64;443;-251677.8;286463;0.72;0
1;3550;1750;-1;0;893;-283512.8;283863.5;0.63;714;-133504.4;143235;0.84;0
1;3550;1750;-1;1;754;-267323.4;269170.6;0.59;453;-83458.8;106528.1;0.83;0
1;3550;1750;-1;2;758;-236521.8;254153;0.63;442;-127033.2;167825;0.76;0
1;3550;1750;21;0;934;-302503.9;303049.2;0.62;733;-162131.8;167966.2;0.81;0
1;3550;1750;21;1;784;-230516.4;234969.1;0.65;462;-96695.2;116882;0.81;0
1;3550;1750;21;2;775;-247905;266072;0.63;450;-146465;186971.8;0.73;0
1;3550;3200;-1;0;826;-203757.1;229285.6;0.72;674;-166630.4;175128.1;0.84;1
1;3550;3200;-1;1;742;-223298.2;225335.9;0.65;445;-62924.5;95923.4;0.9;2
1;3550;3200;-1;2;751;-241254.6;254610;0.64;438;-160539.8;186591.2;0.75;0
1;3550;3200;21;0;854;-254958.4;256953.7;0.67;692;-195825.7;202439.9;0.81;0
1;3550;3200;21;1;775;-208532.5;214787.2;0.69;456;-69252.6;97978;0.89;2
1;3550;3200;21;2;766;-260963.6;272310.2;0.62;448;-186955.8;203687.6;0.73;0
1;3550;6400;-1;0;806;-218997.6;246258.2;0.7;639;-132624.4;145331.1;0.88;0
1;3550;6400;-1;1;738;-230869.8;232752.5;0.64;439;-32921.9;117877;0.95;2
1;3550;6400;-1;2;748;-232320.8;253316.2;0.65;433;-308921.8;317150;0.61;0
1;3550;6400;21;0;830;-257040.5;258285.8;0.67;669;-230587.4;233573.6;0.81;0
1;3550;6400;21;1;770;-212837;216704.7;0.69;449;-16505.4;104837;0.98;2
1;3550;6400;21;2;762;-246115.2;265006.4;0.65;444;-328697.4;328697.4;0.6;0
1;3550;12750;-1;0;805;-217640.5;246440.7;0.7;601;-58169.6;131377.4;0.95;1
1;3550;12750;-1;1;737;-229045.2;230927.9;0.64;428;-36848.8;119671.4;0.95;2
1;3550;12750;-1;2;747;-231076.2;250926.6;0.65;430;-218993;264745;0.73;1
1;3550;12750;21;0;828;-256856.3;258101.6;0.67;631;-116760.1;125088.1;0.9;1
1;3550;12750;21;1;769;-208122.4;211990.1;0.69;441;61963.9;86063.5;1.08;2
1;3550;12750;21;2;761;-246760.6;265781.8;0.64;444;-281482.4;283531;0.68;0
1;5650;0;-1;0;780;-209578;229282;0.71;521;-6469.1;108646.3;0.99;1
1;5650;0;-1;1;734;-234518.9;237844.1;0.64;412;22169.8;119232.4;1.03;2
1;5650;0;-1;2;744;-238917.4;254102.8;0.64;416;-49778.6;259537.6;0.95;2
1;5650;0;21;0;790;-230169;230169;0.69;563;-214827.3;217813.5;0.84;0
1;5650;0;21;1;761;-207725.6;213035.8;0.69;430;92599.5;96688.3;1.11;2
1;5650;0;21;2;758;-243631.8;262708;0.65;439;-166884.4;298505.4;0.84;1
1;5650;1750;-1;0;859;-283121.4;283121.4;0.63;689;-106809.4;132541.2;0.87;1
1;5650;1750;-1;1;751;-276964.6;282285.1;0.58;451;-85234.6;120251.8;0.84;0
1;5650;1750;-1;2;751;-245109.6;259325.8;0.62;436;-120250.6;187462;0.78;1
1;5650;1750;21;0;897;-293541.2;293541.2;0.63;710;-168423.5;181810.3;0.81;0
1;5650;1750;21;1;780;-242680.5;249980.7;0.64;460;-92456;130219.4;0.83;0
1;5650;1750;21;2;773;-253450.8;271672.8;0.62;448;-151280.8;211143;0.74;1
1;5650;3200;-1;0;796;-200671.6;208225.5;0.72;635;-79921;122346.7;0.92;1
1;5650;3200;-1;1;738;-218029.8;224700.3;0.65;439;-38164.4;111037;0.94;2
1;5650;3200;-1;2;745;-248037;256763.8;0.63;430;-164878;219176;0.77;0
1;5650;3200;21;0;818;-235512.8;236170.6;0.68;659;-205148.9;210048.5;0.82;0
1;5650;3200;21;1;768;-218662.8;229263.3;0.68;453;-53986.3;130910;0.92;2
1;5650;3200;21;2;763;-259029.8;270431.4;0.63;445;-209197;240586.6;0.73;0
1;5650;6400;-1;0;780;-210065.5;229099.5;0.71;591;-21906.1;79177.9;0.98;1
1;5650;6400;-1;1;734;-225688.9;229014.1;0.65;432;-2529.7;132266.1;1;1
1;5650;6400;-1;2;744;-238812.4;255142.8;0.64;421;-254101.6;286995;0.71;0
1;5650;6400;21;0;792;-231313.2;231313.2;0.69;625;-202207.5;205193.7;0.85;0
1;5650;6400;21;1;762;-212440.2;217750.4;0.69;443;-16525.3;127239;0.98;2
1;5650;6400;21;2;759;-242986.4;261932.6;0.65;440;-337049;338339.4;0.65;0
1;5650;12750;-1;0;780;-209578;229282;0.71;551;19432.9;94161.3;1.02;1
1;5650;12750;-1;1;734;-234518.9;237844.1;0.64;419;56937.6;95299.1;1.07;2
1;5650;12750;-1;2;744;-238917.4;254102.8;0.64;420;-160032;233867.6;0.83;1
1;5650;12750;21;0;790;-230169;230169;0.69;582;-112197.2;152249.3;0.92;1
1;5650;12750;21;1;761;-207725.6;213035.8;0.69;433;72253.2;99288.1;1.09;2
1;5650;12750;21;2;758;-243631.8;262708;0.65;440;-299979;301612.2;0.71;0
1;8500;0;-1;0;774;-205812.9;225192.5;0.71;482;49662.8;119626.1;1.04;2
1;8500;0;-1;1;734;-230161.4;233486.6;0.64;407;105100.3;83203.9;1.14;3
1;8500;0;-1;2;744;-245582.4;261672.8;0.63;407;-89632.2;274048.8;0.91;1
1;8500;0;21;0;784;-237823.9;237823.9;0.68;508;34535.7;165544.4;1.03;1
1;8500;0;21;1;760;-213863.5;219173.7;0.69;426;187267.9;82894.9;1.22;3
1;8500;0;21;2;757;-250927.2;271078;0.64;432;-182972.2;330415.8;0.85;0
1;8500;1750;-1;0;851;-274022.1;274022.1;0.63;665;-62396.5;99823;0.92;1
1;8500;1750;-1;1;751;-268542.1;273862.6;0.59;449;59397.1;71275.8;1.14;2
1;8500;1750;-1;2;751;-253069.6;268980.8;0.61;432;-151452.2;203786.8;0.74;0
1;8500;1750;21;0;890;-284229;284229;0.63;685;-143173.5;176754.9;0.84;0
1;8500;1750;21;1;779;-239395.9;246696.1;0.64;459;35548.6;76565.4;1.08;2
1;8500;1750;21;2;772;-260746.2;280042.8;0.62;445;-202172;235427.4;0.69;0
1;8500;3200;-1;0;792;-199370.7;206371.4;0.72;608;106660.7;94215.1;1.12;2
1;8500;3200;-1;1;738;-223502.3;230172.8;0.65;436;122656.9;75338.1;1.22;2
1;8500;3200;-1;2;745;-253912;264297.4;0.62;424;-155460.4;225047.2;0.79;0
1;8500;3200;21;0;811;-237458.1;238115.9;0.68;627;-86406.7;134043.8;0.92;1
1;8500;3200;21;1;767;-221405.7;232006.2;0.67;452;83915.8;100199.5;1.14;2
1;8500;3200;21;2;762;-266325.2;278801.4;0.62;441;-211993.6;258547;0.74;0
1;8500;6400;-1;0;774;-205510.4;225010;0.71;555;169239.5;114210.5;1.16;2
1;8500;6400;-1;1;734;-231916.4;235241.6;0.64;429;203524.1;96853.6;1.28;3
1;8500;6400;-1;2;744;-244687.4;262712.8;0.64;415;-201784;268600.4;0.77;1
1;8500;6400;21;0;786;-238968.1;238968.1;0.68;580;-81468;163077;0.94;1
1;8500;6400;21;1;761;-218578.1;223888.3;0.68;442;164276.8;103518.6;1.21;2
1;8500;6400;21;2;758;-250281.8;270302.6;0.64;433;-329061.8;329061.8;0.68;0
1;8500;12750;-1;0;774;-205812.9;225192.5;0.71;512;156652.3;106267.2;1.13;2
1;8500;12750;-1;1;734;-230161.4;233486.6;0.64;416;256301.4;81248.9;1.34;3
1;8500;12750;-1;2;744;-245582.4;261672.8;0.63;412;-82025.2;232436.2;0.91;1
1;8500;12750;21;0;784;-237823.9;237823.9;0.68;532;42762.8;161574;1.03;1
1;8500;12750;21;1;760;-213863.5;219173.7;0.69;431;275302.4;79289.5;1.34;3
1;8500;12750;21;2;757;-250927.2;271078;0.64;433;-276166.8;294685.2;0.76;0
20;700;0;-1;0;517;-138808.2;140159;0.52;269;-21447.4;47802.3;0.87;1
20;700;0;-1;1;265;-65671.5;65739.3;0.56;174;12759.6;26893.5;1.12;2
20;700;0;-1;2;253;-71613.8;74605.8;0.49;95;-34207;39524.2;0.44;0
20;700;0;21;0;529;-137488.4;139598.6;0.53;275;-22005;37756.5;0.87;1
20;700;0;21;1;274;-62940.4;63849.4;0.59;178;11706.2;23248.7;1.11;2
20;700;0;21;2;256;-72567.6;76174.6;0.48;97;-33711.2;39228.8;0.46;0
20;700;1750;-1;0;524;-143185.4;144226.2;0.5;276;-22472.1;28103.1;0.84;1
20;700;1750;-1;1;269;-70544.9;70881.1;0.52;179;874.1;17264.5;1.01;1
20;700;1750;-1;2;256;-72202.6;76404.6;0.47;97;-23346.2;24417.8;0.58;0
20;700;1750;21;0;530;-148283;149323.8;0.48;277;-23104.2;28735.2;0.84;1
20;700;1750;21;1;274;-69685.4;70074.4;0.53;180;-138;18276.6;1;1
20;700;1750;21;2;257;-77702.2;80584.2;0.44;97;-22966.2;24022.8;0.58;0
20;700;3200;-1;0;520;-139074.5;140432.2;0.52;276;-14742.1;32637.5;0.91;1
20;700;3200;-1;1;268;-68822.8;70676.8;0.54;179;21069.1;15200.7;1.22;2
20;700;3200;-1;2;253;-68728.8;74935.8;0.5;97;-35811.2;38332.8;0.41;0
20;700;3200;21;0;530;-143108;144713.2;0.51;277;-14884.2;34494.4;0.9;1
20;700;3200;21;1;274;-69230.4;71824.4;0.55;180;18452;16741.6;1.19;2
20;700;3200;21;2;257;-71897.2;77099.2;0.49;97;-33336.2;35842.8;0.44;0
20;700;6400;-1;0;518;-137772.8;139123.6;0.53;275;10252.5;35898.8;1.06;2
20;700;6400;-1;1;266;-67731.1;67798.9;0.55;178;30763.7;19497.7;1.31;2
20;700;6400;-1;2;253;-68518.8;71510.8;0.51;97;-20511.2;29267.2;0.67;1
20;700;6400;21;0;529;-135968.4;138078.6;0.54;276;13497.9;32925.9;1.08;2
20;700;6400;21;1;274;-63960.4;64869.4;0.58;179;31534.1;19577.3;1.31;2
20;700;6400;21;2;256;-70027.6;73634.6;0.5;97;-18036.2;26777.2;0.7;1
20;700;12750;-1;0;517;-138808.2;140159;0.52;272;-26446.2;39094.7;0.84;1
20;700;12750;-1;1;265;-65671.5;65739.3;0.56;177;7760.8;23020.7;1.07;2
20;700;12750;-1;2;253;-71613.8;74605.8;0.49;95;-34207;39524.2;0.44;0
20;700;12750;21;0;529;-137488.4;139598.6;0.53;275;-24390;36776.4;0.85;2
20;700;12750;21;1;274;-62940.4;63849.4;0.59;178;9321.2;23248.7;1.09;2
20;700;12750;21;2;256;-72567.6;76174.6;0.48;97;-33711.2;39228.8;0.46;0
20;1800;0;-1;0;489;-130226.9;134451.1;0.65;260;-26131;50311.9;0.92;2
20;1800;0;-1;1;248;-65158.3;66092.3;0.67;167;26911.8;27656.1;1.15;3
20;1800;0;-1;2;242;-62978.2;73209.2;0.64;93;-47737.8;51647.6;0.61;0
20;1800;0;21;0;512;-145080.2;149636.6;0.63;269;-1092.4;34290.1;1;2
20;1800;0;21;1;265;-79864;82725.5;0.64;172;61323.8;22083.2;1.33;3
20;1800;0;21;2;248;-63125.8;68386;0.64;97;-57111.2;59483.8;0.56;0
20;1800;1750;-1;0;500;-127430;133493.6;0.65;274;-25585.4;32082.5;0.89;2
20;1800;1750;-1;1;257;-72182.2;76470.6;0.63;178;616.2;20594;1;2
20;1800;1750;-1;2;244;-54137.4;63060.4;0.68;96;-26201.6;26937;0.72;0
20;1800;1750;21;0;516;-133353.6;139509.7;0.64;276;-25904.6;32544.2;0.89;2
20;1800;1750;21;1;267;-78833.2;82910.4;0.61;179;121.6;21004;1;2
20;1800;1750;21;2;250;-53410;61870.2;0.68;97;-26026.2;26746.6;0.72;1
20;1800;3200;-1;0;493;-138652.8;143075.4;0.63;271;-9079.1;38605;0.97;3
20;1800;3200;-1;1;252;-72189.2;75513.9;0.64;175;25062.5;21505.8;1.16;3
20;1800;3200;-1;2;242;-64268.2;70859.2;0.63;96;-34141.6;38119.6;0.69;0
20;1800;3200;21;0;514;-148801.9;155861.3;0.62;275;-925;34134;1;3
20;1800;3200;21;1;266;-83376.1;89463.3;0.61;178;30416.2;21505.8;1.19;3
20;1800;3200;21;2;249;-63230.4;71305.6;0.64;97;-31341.2;35304.2;0.72;0
20;1800;6400;-1;0;490;-128391.5;132615.7;0.66;268;14009.7;36899.8;1.05;3
20;1800;6400;-1;1;249;-67682.9;68616.9;0.66;174;31712.1;22008.6;1.18;2
20;1800;6400;-1;2;242;-58618.2;70114.2;0.66;95;-12462;39313.8;0.89;1
20;1800;6400;21;0;512;-142050.2;146606.6;0.64;273;23059.2;36819;1.08;3
20;1800;6400;21;1;265;-80884;83745.5;0.63;176;43165.4;22083.2;1.24;2
20;1800;6400;21;2;248;-59075.8;64789.2;0.67;97;-13651.2;35918.4;0.89;1
20;1800;12750;-1;0;489;-130226.9;134451.1;0.65;264;-28654.4;48507.3;0.91;2
20;1800;12750;-1;1;248;-65158.3;66092.3;0.67;171;10913.4;25851.5;1.06;2
20;1800;12750;-1;2;242;-62978.2;73209.2;0.64;93;-34262.8;37849;0.72;0
20;1800;12750;21;0;512;-145080.2;149636.6;0.63;270;-6437;36720.1;0.98;2
20;1800;12750;21;1;265;-79864;82725.5;0.64;173;40359.2;22083.2;1.22;2
20;1800;12750;21;2;248;-63125.8;68386;0.64;97;-41491.2;43863.8;0.67;0
20;3550;0;-1;0;480;-112668;120792.8;0.7;251;-14007.1;51533.2;0.97;2
20;3550;0;-1;1;245;-59129.5;67226.1;0.72;162;55562.3;30205.6;1.25;3
20;3550;0;-1;2;240;-55049;66961.2;0.68;89;-64264.4;84001;0.64;1
20;3550;0;21;0;503;-124381.3;126298.6;0.69;265;11131;62571.3;1.03;2
20;3550;0;21;1;262;-71052.7;75330.3;0.69;169;125537.6;24128.9;1.57;3
20;3550;0;21;2;245;-51177;58330.2;0.71;96;-108206.6;109472.6;0.45;1
20;3550;1750;-1;0;490;-109876.5;115929.6;0.7;270;-1434.5;27156.7;0.99;2
20;3550;1750;-1;1;254;-71208.4;77229.3;0.66;177;22973.3;20047.5;1.15;3
20;3550;1750;-1;2;241;-41768.6;53407.8;0.74;93;-24407.8;34430.2;0.78;2
20;3550;1750;21;0;508;-110529.3;115502.8;0.7;275;-6497.5;27156.7;0.98;2
20;3550;1750;21;1;265;-68271.5;72095.3;0.67;179;28144.1;20047.5;1.19;3
20;3550;1750;21;2;247;-41161.2;52290.8;0.75;96;-33746.6;43332.6;0.72;1
20;3550;3200;-1;0;483;-104086.8;112568.5;0.72;268;12289.7;25884.2;1.04;3
20;3550;3200;-1;1;248;-55623.3;68857.2;0.73;175;51452.5;21686.8;1.28;3
20;3550;3200;-1;2;240;-49869;60492.8;0.7;93;-39162.8;50533.8;0.73;1
20;3550;3200;21;0;505;-117253;123346.4;0.7;274;24474.6;23539.8;1.07;3
20;3550;3200;21;1;263;-65184.8;72725.1;0.7;178;65701.2;21686.8;1.36;3
20;3550;3200;21;2;246;-49811.6;58911.8;0.71;96;-40331.6;51492.6;0.73;1
20;3550;6400;-1;0;480;-109665.5;120445.3;0.71;262;8192.3;28553.1;1.02;3
20;3550;6400;-1;1;245;-60487;66878.6;0.71;171;41505.9;25804.8;1.18;2
20;3550;6400;-1;2;240;-50689;63866.2;0.71;92;-29823.2;56968.8;0.82;1
20;3550;6400;21;0;503;-121466.3;125601.9;0.7;270;35428;26309.8;1.09;3
20;3550;6400;21;1;262;-72187.7;75515.3;0.68;174;81544.6;23686;1.38;3
20;3550;6400;21;2;245;-47127;56858;0.73;96;-38766.6;57347.6;0.78;1
20;3550;12750;-1;0;480;-112668;120792.8;0.7;258;10298.2;40669.9;1.03;2
20;3550;12750;-1;1;245;-59129.5;67226.1;0.72;168;68612.2;26651;1.29;3
20;3550;12750;-1;2;240;-55049;66961.2;0.68;90;-53009;69075.6;0.7;1
20;3550;12750;21;0;503;-124381.3;126298.6;0.69;267;21694.3;60586.3;1.05;2
20;3550;12750;21;1;262;-71052.7;75330.3;0.69;171;116355.9;24128.9;1.52;3
20;3550;12750;21;2;245;-51177;58330.2;0.71;96;-88461.6;89727.6;0.55;1
20;5650;0;-1;0;475;-121260;123815.7;0.69;245;182038;42811.7;1.41;3
20;5650;0;-1;1;245;-73314.5;73314.5;0.67;160;73304;43451;1.29;3
20;5650;0;-1;2;240;-50219;62236.2;0.71;86;111779.4;41113.8;1.58;4
20;5650;0;21;0;497;-124073.7;126454.6;0.69;261;179421.9;42113.4;1.37;3
20;5650;0;21;1;261;-76333.1;78132.1;0.67;168;113669.7;30650.8;1.43;3
20;5650;0;21;2;245;-44327;52918.6;0.74;94;71642.6;46542.2;1.32;3
20;5650;1750;-1;0;485;-120583.5;128668.3;0.68;267;-1690.7;42665.3;0.99;2
20;5650;1750;-1;1;254;-86558.4;93451.8;0.61;176;26147.9;27028.5;1.16;3
20;5650;1750;-1;2;241;-38963.6;50647.8;0.76;92;-32588.2;40447.4;0.74;1
20;5650;1750;21;0;503;-119911.3;127382.4;0.68;273;-8390.8;42665.3;0.97;2
20;5650;1750;21;1;264;-79016.9;85570.7;0.64;179;34686.6;27028.5;1.22;3
20;5650;1750;21;2;247;-36966.2;48074.4;0.77;95;-42492;46001.6;0.69;1
20;5650;3200;-1;0;478;-110086.3;116652.3;0.71;263;39707.7;32370;1.11;3
20;5650;3200;-1;1;248;-66745.8;73586.7;0.69;173;60366.7;22618.4;1.3;3
20;5650;3200;-1;2;240;-45614;56282.8;0.73;91;-22918.6;53139;0.85;1
20;5650;3200;21;0;499;-122667.9;130599.3;0.69;270;61598;32417;1.18;3
20;5650;3200;21;1;262;-74982.7;82161.1;0.67;177;86355.8;22618.4;1.46;3
20;5650;3200;21;2;246;-44166.6;53449.8;0.74;94;-24172.4;50042.6;0.84;1
20;5650;6400;-1;0;475;-112070;120942.3;0.71;258;43153.2;46638.8;1.1;2
20;5650;6400;-1;1;245;-68484.5;69438.6;0.68;169;38357.6;41488.1;1.15;2
20;5650;6400;-1;2;240;-45859;59141.2;0.73;90;9581;64476.2;1.05;1
20;5650;6400;21;0;497;-121158.7;125447.7;0.7;266;76253.9;35873.4;1.17;3
20;5650;6400;21;1;261;-77468.1;79267.1;0.67;173;86326.7;32700.8;1.35;2
20;5650;6400;21;2;245;-40277;50789.8;0.76;94;-3032.4;60360.4;0.98;1
20;5650;12750;-1;0;475;-121260;123815.7;0.69;255;41007;45111.3;1.09;3
20;5650;12750;-1;1;245;-73314.5;73314.5;0.67;167;55196.8;43451;1.2;2
20;5650;12750;-1;2;240;-50219;62236.2;0.71;89;-11144.4;44859.4;0.95;3
20;5650;12750;21;0;497;-124073.7;126454.6;0.69;263;69430.2;45226.7;1.14;2
20;5650;12750;21;1;261;-76333.1;78132.1;0.67;170;107773;28861.4;1.41;3
20;5650;12750;21;2;245;-44327;52918.6;0.74;94;-32452.4;45513.2;0.85;1
20;8500;0;-1;0;472;-119498.7;122169.8;0.69;241;217776.4;55464.2;1.5;3
20;8500;0;-1;1;245;-71859.5;71859.5;0.68;157;119332.8;34815.3;1.54;3
20;8500;0;-1;2;240;-50049;62066.2;0.71;85;101489;39678.8;1.47;4
20;8500;0;21;0;494;-124194.9;126030.4;0.69;259;209211.1;53558.8;1.42;3
20;8500;0;21;1;261;-79463.1;81262.1;0.66;166;159643.9;36075.8;1.66;3
20;8500;0;21;2;245;-43957;52548.6;0.74;94;55457.6;49812.2;1.22;3
20;8500;1750;-1;0;482;-120187.2;127736.6;0.68;267;-1720.7;43797.3;0.99;2
20;8500;1750;-1;1;254;-86075.9;92969.3;0.61;176;27367.9;23628.5;1.17;3
20;8500;1750;-1;2;241;-38793.6;50477.8;0.76;92;-33838.2;40295;0.74;1
20;8500;1750;21;0;500;-113922.5;120848.2;0.69;273;-9730.8;41672.3;0.97;1
20;8500;1750;21;1;264;-76036.9;82590.7;0.65;179;37431.6;23628.5;1.23;3
20;8500;1750;21;2;247;-36596.2;47704.4;0.77;95;-46577;48684.2;0.68;1
20;8500;3200;-1;0;475;-111922.5;118302.3;0.7;262;83749.8;49612;1.25;3
20;8500;3200;-1;1;248;-68888.3;75729.2;0.68;172;106993.8;24672.2;1.59;3
20;8500;3200;-1;2;240;-45444;56112.8;0.73;91;-25503.6;47176;0.84;1
20;8500;3200;21;0;496;-122789.1;130175.1;0.69;269;98252.6;49257;1.29;3
20;8500;3200;21;1;262;-78112.7;85291.1;0.66;176;126825.4;24017.2;1.73;3
20;8500;3200;21;2;246;-43796.6;53079.8;0.74;94;-27987.4;46059.6;0.83;1
20;8500;6400;-1;0;472;-113906.2;121822.3;0.7;255;132247;62141.3;1.33;3
20;8500;6400;-1;1;245;-70627;70627;0.68;167;117286.8;42692;1.52;2
20;8500;6400;-1;2;240;-45689;58971.2;0.73;89;19760.6;58740.6;1.11;2
20;8500;6400;21;0;494;-121279.9;124700.2;0.7;265;143196;49775.4;1.34;3
20;8500;6400;21;1;261;-80598.1;82397.1;0.66;172;149618.8;27511.6;1.69;3
20;8500;6400;21;2;245;-39907;50789.8;0.77;94;617.6;58179.8;1;2
20;8500;12750;-1;0;472;-119498.7;122169.8;0.69;253;129748.7;60613.8;1.28;2
20;8500;12750;-1;1;245;-71859.5;71859.5;0.68;165;155033.5;44971.2;1.68;2
20;8500;12750;-1;2;240;-50049;62066.2;0.71;89;-22239.4;40378.4;0.9;2
20;8500;12750;21;0;494;-124194.9;126030.4;0.69;262;156782.3;58285.8;1.33;2
20;8500;12750;21;1;261;-79463.1;81262.1;0.66;169;209075.1;34090.8;1.92;3
20;8500;12750;21;2;245;-43957;52548.6;0.74;94;-46402.4;57969.2;0.81;1
50;700;0;-1;0;343;-73660.3;76784.8;0.61;174;-5557.9;31973.7;0.95;2
50;700;0;-1;1;176;-35172.1;43076.1;0.65;130;1619.5;23465.3;1.02;1
50;700;0;-1;2;167;-38488.2;41080.8;0.56;44;-7177.4;20014.8;0.74;1
50;700;0;21;0;353;-77798.8;81555.8;0.6;179;249.1;22851.4;1;1
50;700;0;21;1;184;-36271.4;40914.2;0.65;134;8706.1;15332.6;1.11;2
50;700;0;21;2;169;-41527.4;43390;0.54;45;-8457;21014.4;0.7;1
50;700;1750;-1;0;349;-80220.4;82739.9;0.57;179;-1425.9;16411.9;0.98;1
50;700;1750;-1;1;180;-48648;52208.3;0.52;134;-168.9;14579.1;1;1
50;700;1750;-1;2;169;-31572.4;34420;0.63;45;-1257;7773.6;0.94;2
50;700;1750;21;0;354;-86653.4;89630.4;0.54;180;-1573;16559;0.98;1
50;700;1750;21;1;184;-50516.4;54534.2;0.5;135;-711;15121.2;0.99;1
50;700;1750;21;2;170;-36137;37882.4;0.58;45;-862;7378.6;0.96;2
50;700;3200;-1;0;346;-67434.1;71574;0.64;179;5521.6;12349.4;1.06;1
50;700;3200;-1;1;179;-35825.9;42093.7;0.65;134;15923.6;8894.6;1.22;2
50;700;3200;-1;2;167;-31608.2;34304.4;0.64;45;-10402;13974.4;0.61;1
50;700;3200;21;0;354;-73548.4;78746.2;0.62;180;5597;12344;1.06;1
50;700;3200;21;1;184;-38381.4;44709.2;0.63;135;15534;9492.6;1.21;2
50;700;3200;21;2;170;-35167;38885.8;0.6;45;-9937;13509.4;0.63;1
50;700;6400;-1;0;344;-75432.4;78556.9;0.6;177;19175.8;13387.4;1.19;3
50;700;6400;-1;1;177;-36944.2;43076.1;0.64;132;21912.8;11041.3;1.29;3
50;700;6400;-1;2;167;-38488.2;41080.8;0.56;45;-2737;11474.4;0.9;2
50;700;6400;21;0;353;-78633.8;82390.8;0.59;179;20514.1;13387.4;1.2;3
50;700;6400;21;1;184;-37106.4;41749.2;0.64;134;23396.1;11248.8;1.3;3
50;700;6400;21;2;169;-41527.4;43390;0.54;45;-2882;11273.6;0.9;2
50;700;12750;-1;0;343;-73660.3;76784.8;0.61;176;2875.4;19728.8;1.03;2
50;700;12750;-1;1;176;-35172.1;43076.1;0.65;132;10052.8;14796.6;1.13;2
50;700;12750;-1;2;167;-38488.2;41080.8;0.56;44;-7177.4;20014.8;0.74;1
50;700;12750;21;0;353;-77798.8;81555.8;0.6;179;3869.1;19728.8;1.04;2
50;700;12750;21;1;184;-36271.4;40914.2;0.65;134;12326.1;14796.6;1.15;2
50;700;12750;21;2;169;-41527.4;43390;0.54;45;-8457;21014.4;0.7;1
50;1800;0;-1;0;326;-81452.1;88101.1;0.68;170;-5497;34701.5;0.97;1
50;1800;0;-1;1;167;-40125.7;46939.3;0.71;126;14120.4;25678.5;1.1;3
50;1800;0;-1;2;159;-41326.4;47647.6;0.64;44;-19617.4;32259.8;0.68;1
50;1800;0;21;0;343;-93585.3;98103.5;0.65;176;13697.9;31983.8;1.07;1
50;1800;0;21;1;179;-53145.9;56729.1;0.65;131;37574.9;22960.8;1.26;3
50;1800;0;21;2;164;-40439.4;43535.4;0.66;45;-23877;36919.4;0.62;1
50;1800;1750;-1;0;333;-77154.3;80875;0.69;179;6136.6;16537.4;1.04;1
50;1800;1750;-1;1;173;-48843.3;51429;0.64;134;1838.6;16687.8;1.02;1
50;1800;1750;-1;2;160;-28311;36831.2;0.74;45;4298;5591.4;1.12;3
50;1800;1750;21;0;346;-85716.6;90544.8;0.66;180;2332;16537.4;1.02;1
50;1800;1750;21;1;180;-58783;62941.9;0.59;135;-2596;18866;0.98;1
50;1800;1750;21;2;166;-26933.6;36259.6;0.76;45;4928;5591.4;1.14;3
50;1800;3200;-1;0;330;-81638;85162;0.68;176;1652.9;24287.4;1.01;1
50;1800;3200;-1;1;171;-41571.6;47343;0.7;131;14664.9;11118.3;1.12;2
50;1800;3200;-1;2;159;-40066.4;43637;0.66;45;-13012;16389.4;0.75;1
50;1800;3200;21;0;345;-87662;92826.3;0.67;179;6801.6;24287.4;1.04;2
50;1800;3200;21;1;180;-50558;58276.9;0.66;134;18668.6;11910.8;1.15;2
50;1800;3200;21;2;165;-37104;41970;0.68;45;-11867;16241.4;0.77;1
50;1800;6400;-1;0;327;-83059.2;89708.2;0.67;175;3695;26087.4;1.02;2
50;1800;6400;-1;1;168;-42997.8;46939.3;0.69;130;15217;14121.7;1.11;3
50;1800;6400;-1;2;159;-40061.4;46495.4;0.65;45;-11522;20673.6;0.81;2
50;1800;6400;21;0;343;-92910.3;97428.5;0.66;177;14125.8;26087.4;1.07;2
50;1800;6400;21;1;179;-53980.9;57564.1;0.65;132;24597.8;14808.8;1.18;3
50;1800;6400;21;2;164;-38929.4;42025.4;0.67;45;-10472;20673.6;0.82;2
50;1800;12750;-1;0;326;-81452.1;88101.1;0.68;173;-10450.8;32896.9;0.95;1
50;1800;12750;-1;1;167;-40125.7;46939.3;0.71;129;-4308.4;23873.9;0.97;3
50;1800;12750;-1;2;159;-41326.4;47647.6;0.64;44;-6142.4;24717;0.9;2
50;1800;12750;21;0;343;-93585.3;98103.5;0.65;176;14722.9;31983.8;1.07;1
50;1800;12750;21;1;179;-53145.9;56729.1;0.65;131;22979.9;22960.8;1.16;3
50;1800;12750;21;2;164;-40439.4;43535.4;0.66;45;-8257;26407;0.87;2
50;3550;0;-1;0;322;-72623.7;84997;0.72;166;-44963.6;61912.5;0.84;0
50;3550;0;-1;1;164;-30251.9;47751.6;0.79;123;-560.8;33760.2;1;2
50;3550;0;-1;2;158;-42371.8;49297.4;0.64;43;-44402.8;58550.2;0.54;1
50;3550;0;21;0;337;-84120.2;96133.9;0.69;174;6234.6;53137.4;1.02;1
50;3550;0;21;1;176;-46339.6;59551.5;0.71;129;59226.6;17773;1.32;3
50;3550;0;21;2;161;-37780.6;43845;0.68;45;-52992;67804.4;0.48;1
50;3550;1750;-1;0;328;-62746.3;77527;0.74;178;18108.7;19773.6;1.11;2
50;3550;1750;-1;1;170;-42809.5;50422.7;0.69;133;16295.7;18617.8;1.14;2
50;3550;1750;-1;2;158;-19936.8;32955.4;0.81;45;1813;13197;1.04;2
50;3550;1750;21;0;341;-73826.1;85877.3;0.71;180;18307;19773.6;1.11;3
50;3550;1750;21;1;178;-52361.3;60044.7;0.64;135;14714;20498.2;1.13;3
50;3550;1750;21;2;163;-21464.8;35089.2;0.8;45;3593;11917;1.08;3
50;3550;3200;-1;0;325;-56777.5;72701.7;0.77;176;11580.4;30951.2;1.05;1
50;3550;3200;-1;1;167;-21160.7;44083.1;0.84;131;27022.4;16528.2;1.19;3
50;3550;3200;-1;2;158;-35616.8;42827.4;0.69;45;-15442;20324.4;0.79;1
50;3550;3200;21;0;339;-66251.9;82181.7;0.75;179;20389.1;31671.2;1.09;2
50;3550;3200;21;1;177;-34371.7;53489.7;0.77;134;33441.1;16016;1.23;3
50;3550;3200;21;2;162;-31880.2;38270;0.72;45;-13052;19209.8;0.82;1
50;3550;6400;-1;0;322;-73063.7;86064.5;0.72;172;-2041.2;38892.4;0.99;2
50;3550;6400;-1;1;164;-31956.9;47751.6;0.77;128;22566.2;19936.7;1.13;2
50;3550;6400;-1;2;158;-41106.8;49297.4;0.65;44;-24607.4;34654.8;0.73;1
50;3550;6400;21;0;337;-83560.2;96968.9;0.7;176;18567.9;39377.4;1.07;2
50;3550;6400;21;1;176;-47289.6;59551.5;0.7;131;44704.9;16503.8;1.26;2
50;3550;6400;21;2;161;-36270.6;43845;0.69;45;-26137;36519.4;0.71;1
50;3550;12750;-1;0;322;-72623.7;84997;0.72;170;-13229.5;51722.4;0.95;1
50;3550;12750;-1;1;164;-30251.9;47751.6;0.79;127;15948.3;32912.4;1.08;2
50;3550;12750;-1;2;158;-42371.8;49297.4;0.64;43;-29177.8;43325.2;0.69;2
50;3550;12750;21;0;337;-84120.2;96133.9;0.69;175;17367.5;53137.4;1.06;1
50;3550;12750;21;1;176;-46339.6;59551.5;0.71;130;52989.5;17773;1.28;3
50;3550;12750;21;2;161;-37780.6;43845;0.68;45;-35622;50434.4;0.64;2
50;5650;0;-1;0;322;-81291.2;91564.5;0.7;162;-16990.2;70813.4;0.95;1
50;5650;0;-1;1;164;-36229.4;48036.6;0.75;120;24413;43451;1.12;2
50;5650;0;-1;2;158;-45061.8;51987.4;0.63;42;-41403.2;55550.6;0.65;1
50;5650;0;21;0;336;-82138.1;92952.3;0.7;172;-6451.2;78118.4;0.98;2
50;5650;0;21;1;175;-43577.5;58166.9;0.72;128;41701.2;40528.4;1.18;2
50;5650;0;21;2;161;-38560.6;44625;0.67;44;-48152.4;70357.6;0.62;1
50;5650;1750;-1;0;328;-75208.8;87889.5;0.71;178;-14466.3;42168.8;0.93;1
50;5650;1750;-1;1;170;-51632;55405;0.65;133;-624.3;26874.2;1;1
50;5650;1750;-1;2;158;-23576.8;36595.4;0.78;45;-13842;26377;0.78;2
50;5650;1750;21;0;340;-79539;90665.5;0.69;180;-5375.5;41003.8;0.97;2
50;5650;1750;21;1;177;-56354.2;60430.4;0.63;135;5471.5;25944.2;1.04;2
50;5650;1750;21;2;163;-23184.8;36809.2;0.79;45;-10847;24117;0.82;2
50;5650;3200;-1;0;325;-63332.5;74890.2;0.75;174;-14640.4;46709.2;0.94;2
50;5650;3200;-1;1;167;-24075.7;44345.6;0.83;130;5347;37624.2;1.03;2
50;5650;3200;-1;2;158;-39256.8;46467.4;0.67;44;-19987.4;31276.2;0.77;1
50;5650;3200;21;0;338;-69727.3;84426.1;0.74;177;6358.3;47689.2;1.03;2
50;5650;3200;21;1;176;-36127.1;55429.1;0.76;133;23595.7;37984.2;1.14;2
50;5650;3200;21;2;162;-33600.2;39708;0.71;44;-17237.4;28851.2;0.79;1
50;5650;6400;-1;0;322;-75543.7;86444.5;0.71;169;-19569.9;46989.7;0.94;2
50;5650;6400;-1;1;164;-31746.9;48036.6;0.78;126;8172.9;33624.7;1.04;2
50;5650;6400;-1;2;158;-43796.8;51987.4;0.64;43;-27742.8;40559.6;0.74;0
50;5650;6400;21;0;336;-81578.1;92952.3;0.7;174;122.1;55212;1;2
50;5650;6400;21;1;175;-44527.5;58166.9;0.72;130;31044.5;38541.2;1.15;2
50;5650;6400;21;2;161;-37050.6;44625;0.68;44;-30922.4;45424.2;0.72;0
50;5650;12750;-1;0;322;-81291.2;91564.5;0.7;167;-17983.2;71319.7;0.95;1
50;5650;12750;-1;1;164;-36229.4;48036.6;0.75;125;9765;48194.7;1.04;2
50;5650;12750;-1;2;158;-45061.8;51987.4;0.63;42;-27748.2;41895.6;0.75;1
50;5650;12750;21;0;336;-82138.1;92952.3;0.7;173;-388.3;64914;1;2
50;5650;12750;21;1;175;-43577.5;58166.9;0.72;129;38749.1;34038.4;1.17;2
50;5650;12750;21;2;161;-38560.6;44625;0.67;44;-39137.4;53949.8;0.67;1
50;8500;0;-1;0;322;-78721.2;87687;0.7;159;51278.6;48301.5;1.17;1
50;8500;0;-1;1;164;-33829.4;48036.6;0.77;117;82531.8;25596.3;1.5;2
50;8500;0;-1;2;158;-44891.8;51817.4;0.63;42;-31253.2;57880.4;0.77;2
50;8500;0;21;0;336;-83155.6;92204.8;0.7;169;68597.6;63314.5;1.2;1
50;8500;0;21;1;175;-44965;57419.4;0.72;125;97140;24033;1.48;2
50;8500;0;21;2;161;-38190.6;44255;0.67;44;-28542.4;54913.2;0.8;2
50;8500;1750;-1;0;328;-73611.3;84984.5;0.71;178;-1858.8;38464.1;0.99;1
50;8500;1750;-1;1;170;-50204.5;53875.1;0.66;133;5743.2;24218.7;1.04;1
50;8500;1750;-1;2;158;-23406.8;36425.4;0.79;45;-7602;18168;0.87;1
50;8500;1750;21;0;340;-74446.5;84338;0.71;180;10407;35735.7;1.06;2
50;8500;1750;21;1;177;-51631.7;59682.9;0.65;135;13194;22475.3;1.1;2
50;8500;1750;21;2;163;-22814.8;36439.2;0.79;45;-2787;17418;0.95;2
50;8500;3200;-1;0;325;-64360;74634.2;0.75;173;38639.2;45467.3;1.16;2
50;8500;3200;-1;1;167;-25273.2;44345.6;0.82;129;54071.6;25868.7;1.36;2
50;8500;3200;-1;2;158;-39086.8;46297.4;0.67;44;-15432.4;21663;0.82;1
50;8500;3200;21;0;338;-70744.8;83678.6;0.74;176;52985.4;44157.3;1.23;2
50;8500;3200;21;1;176;-37514.6;54681.6;0.75;132;64742.8;25023.7;1.45;2
50;8500;3200;21;2;162;-33230.2;39338;0.71;44;-11757.4;21768;0.86;1
50;8500;6400;-1;0;322;-76571.2;86164.5;0.71;167;62121.8;33383.9;1.22;2
50;8500;6400;-1;1;164;-32944.4;48036.6;0.77;125;79500;19866.7;1.44;2
50;8500;6400;-1;2;158;-43626.8;51817.4;0.64;42;-17378.2;32606.8;0.84;1
50;8500;6400;21;0;336;-82595.6;92669.3;0.7;173;71551.7;45822.7;1.24;2
50;8500;6400;21;1;175;-45915;57419.4;0.71;129;91189.1;24033;1.5;2
50;8500;6400;21;2;161;-36680.6;44255;0.69;44;-19637.4;36521.8;0.82;1
50;8500;12750;-1;0;322;-78721.2;87687;0.7;165;90366;61390.3;1.3;1
50;8500;12750;-1;1;164;-33829.4;48036.6;0.77;123;120459.2;22237.4;1.68;2
50;8500;12750;-1;2;158;-44891.8;51817.4;0.63;42;-30093.2;59552.4;0.76;2
50;8500;12750;21;0;336;-83155.6;92204.8;0.7;171;116150.9;70099.5;1.37;1
50;8500;12750;21;1;175;-44965;57419.4;0.72;127;152958.3;24033;1.82;2
50;8500;12750;21;2;161;-38190.6;44255;0.67;44;-36807.4;56582.4;0.72;2
