# Piootoo Spread Dump v2.0.1 — broker FTMOPLATFORM, finestra UTC 2026-08-01 -> 2026-09-01
# hourUtc = ora UTC di apertura del bucket (0..23), NON convertita nel fuso della strategia.
# Un'ora con ticks=0 e celle vuote e' un'ora in cui il broker non ha quotato: mercato chiuso.
broker,symbol,hourUtc,ticks,tickSize,minSpread,p50Spread,avgSpread,p90Spread,p99Spread,maxSpread,minSpreadTicks,p50SpreadTicks,avgSpreadTicks,p90SpreadTicks,p99SpreadTicks,maxSpreadTicks,nonPositiveTicks
FTMOPLATFORM,@BP,0,87065,1E-05,0.00003,0.00004,0.00005,0.00010,0.00010,0.00013,3,4,5.23,10,10,13,0
FTMOPLATFORM,@BP,1,92005,1E-05,0.00002,0.00003,0.00005,0.00009,0.00010,0.00011,2,3,5.01,9,10,11,0
FTMOPLATFORM,@BP,2,73291,1E-05,0.00003,0.00004,0.00005,0.00010,0.00010,0.00010,3,4,5.11,10,10,10,0
FTMOPLATFORM,@BP,3,61083,1E-05,0.00002,0.00004,0.00005,0.00009,0.00010,0.00010,2,4,5.13,9,10,10,0
FTMOPLATFORM,@BP,4,56354,1E-05,0.00002,0.00004,0.00005,0.00009,0.00010,0.00014,2,4,5.15,9,10,14,0
FTMOPLATFORM,@BP,5,65086,1E-05,0.00002,0.00004,0.00005,0.00010,0.00010,0.00013,2,4,5.27,10,10,13,0
FTMOPLATFORM,@BP,6,123211,1E-05,0.00001,0.00003,0.00004,0.00007,0.00008,0.00128,1,3,3.92,7,8,128,0
FTMOPLATFORM,@BP,7,129376,1E-05,0.00001,0.00003,0.00004,0.00008,0.00008,0.00012,1,3,3.95,8,8,12,0
FTMOPLATFORM,@BP,8,123701,1E-05,0.00001,0.00003,0.00004,0.00007,0.00008,0.00104,1,3,3.95,7,8,104,0
FTMOPLATFORM,@BP,9,113308,1E-05,0.00001,0.00003,0.00004,0.00007,0.00008,0.00014,1,3,3.97,7,8,14,0
FTMOPLATFORM,@BP,10,105421,1E-05,0.00001,0.00003,0.00004,0.00008,0.00008,0.00015,1,3,4.03,8,8,15,0
FTMOPLATFORM,@BP,11,124097,1E-05,0.00001,0.00003,0.00004,0.00007,0.00008,0.00014,1,3,3.66,7,8,14,0
FTMOPLATFORM,@BP,12,156842,1E-05,0.00001,0.00003,0.00004,0.00007,0.00008,0.00138,1,3,3.86,7,8,138,0
FTMOPLATFORM,@BP,13,179342,1E-05,0.00001,0.00003,0.00004,0.00007,0.00008,0.00118,1,3,3.79,7,8,118,0
FTMOPLATFORM,@BP,14,184433,1E-05,-0.00007,0.00003,0.00004,0.00007,0.00008,0.00136,-7,3,3.79,7,8,136,2
FTMOPLATFORM,@BP,15,164901,1E-05,0.00001,0.00003,0.00004,0.00007,0.00008,0.00012,1,3,3.67,7,8,12,0
FTMOPLATFORM,@BP,16,119916,1E-05,0.00001,0.00003,0.00004,0.00008,0.00009,0.00016,1,3,3.98,8,9,16,0
FTMOPLATFORM,@BP,17,106124,1E-05,0.00001,0.00003,0.00004,0.00008,0.00009,0.00014,1,3,3.98,8,9,14,0
FTMOPLATFORM,@BP,18,91443,1E-05,0.00001,0.00003,0.00004,0.00008,0.00009,0.00047,1,3,4.19,8,9,47,0
FTMOPLATFORM,@BP,19,91394,1E-05,0.00001,0.00003,0.00004,0.00008,0.00009,0.00011,1,3,4.19,8,9,11,0
FTMOPLATFORM,@BP,20,47343,1E-05,0.00002,0.00006,0.00008,0.00013,0.00021,0.00026,2,6,7.82,13,21,26,0
FTMOPLATFORM,@BP,21,14848,1E-05,0.00058,0.00085,0.00093,0.00142,0.00190,0.00198,58,85,92.50,142,190,198,0
FTMOPLATFORM,@BP,22,35747,1E-05,0.00005,0.00006,0.00010,0.00012,0.00076,0.00138,5,6,9.52,12,76,138,0
FTMOPLATFORM,@BP,23,40671,1E-05,0.00003,0.00005,0.00005,0.00010,0.00010,0.00051,3,5,5.37,10,10,51,0
FTMOPLATFORM,@BTC,0,383179,0.01,0.83,1.00,1.26,2.01,3.80,35.81,83,100,125.70,201,380,3581,0
FTMOPLATFORM,@BTC,1,386877,0.01,1.00,1.00,1.28,2.08,3.98,36.60,100,100,128.07,208,398,3660,0
FTMOPLATFORM,@BTC,2,350612,0.01,1.00,1.00,1.24,1.92,3.81,66.05,100,100,123.98,192,381,6605,0
FTMOPLATFORM,@BTC,3,314882,0.01,1.00,1.00,1.15,1.56,3.13,36.08,100,100,115.06,156,313,3608,0
FTMOPLATFORM,@BTC,4,283454,0.01,1.00,1.00,1.17,1.66,3.40,21.08,100,100,117.37,166,340,2108,0
FTMOPLATFORM,@BTC,5,292435,0.01,1.00,1.00,1.20,1.75,3.67,30.10,100,100,119.63,175,367,3010,0
FTMOPLATFORM,@BTC,6,285699,0.01,1.00,1.00,1.16,1.61,3.44,35.80,100,100,116.47,161,344,3580,0
FTMOPLATFORM,@BTC,7,296976,0.01,1.00,1.00,1.19,1.69,3.71,33.40,100,100,118.95,169,371,3340,0
FTMOPLATFORM,@BTC,8,339353,0.01,1.00,1.00,1.32,2.26,4.57,33.31,100,100,132.23,226,457,3331,0
FTMOPLATFORM,@BTC,9,324866,0.01,1.00,1.00,1.35,2.32,4.88,35.61,100,100,134.50,232,488,3561,0
FTMOPLATFORM,@BTC,10,315121,0.01,1.00,1.00,1.31,2.26,4.27,31.07,100,100,131.29,226,427,3107,0
FTMOPLATFORM,@BTC,11,318238,0.01,1.00,1.00,1.34,2.36,4.42,29.28,100,100,133.81,236,442,2928,0
FTMOPLATFORM,@BTC,12,372751,0.01,1.00,1.00,1.35,2.41,4.41,35.20,100,100,135.13,241,441,3520,0
FTMOPLATFORM,@BTC,13,482350,0.01,1.00,1.00,1.42,2.63,4.81,32.40,100,100,141.91,263,481,3240,0
FTMOPLATFORM,@BTC,14,549818,0.01,1.00,1.00,1.45,2.70,4.94,51.88,100,100,145.27,270,494,5188,0
FTMOPLATFORM,@BTC,15,499919,0.01,0.39,1.00,1.40,2.52,4.56,305.12,39,100,139.55,252,456,30512,0
FTMOPLATFORM,@BTC,16,453290,0.01,0.43,1.00,1.32,2.26,4.21,37.37,43,100,131.59,226,421,3737,0
FTMOPLATFORM,@BTC,17,403189,0.01,1.00,1.00,1.32,2.27,4.17,27.30,100,100,131.85,227,417,2730,0
FTMOPLATFORM,@BTC,18,383553,0.01,1.00,1.00,1.27,2.11,3.87,35.11,100,100,127.44,211,387,3511,0
FTMOPLATFORM,@BTC,19,347000,0.01,1.00,1.00,1.22,1.90,3.58,34.89,100,100,122.17,190,358,3489,0
FTMOPLATFORM,@BTC,20,269147,0.01,1.00,1.00,1.29,2.17,3.98,34.51,100,100,129.17,217,398,3451,0
FTMOPLATFORM,@BTC,21,277052,0.01,1.00,1.00,1.53,2.93,5.37,32.61,100,100,153.50,293,537,3261,0
FTMOPLATFORM,@BTC,22,343973,0.01,-6.87,1.00,1.36,2.42,4.68,24.32,-687,100,136.49,242,468,2432,2
FTMOPLATFORM,@BTC,23,327956,0.01,1.00,1.00,1.35,2.39,4.40,36.55,100,100,135.35,239,440,3655,0
FTMOPLATFORM,@CC,0,0,0.1,,,,,,,,,,,,,0
FTMOPLATFORM,@CC,1,0,0.1,,,,,,,,,,,,,0
FTMOPLATFORM,@CC,2,0,0.1,,,,,,,,,,,,,0
FTMOPLATFORM,@CC,3,0,0.1,,,,,,,,,,,,,0
FTMOPLATFORM,@CC,4,0,0.1,,,,,,,,,,,,,0
FTMOPLATFORM,@CC,5,0,0.1,,,,,,,,,,,,,0
FTMOPLATFORM,@CC,6,0,0.1,,,,,,,,,,,,,0
FTMOPLATFORM,@CC,7,0,0.1,,,,,,,,,,,,,0
FTMOPLATFORM,@CC,8,7594,0.1,19.1,21.6,21.4,21.6,21.6,21.6,191,216,214.32,216,216,216,0
FTMOPLATFORM,@CC,9,34644,0.1,15.6,20.7,20.2,21.6,21.6,21.6,156,207,202.45,216,216,216,0
FTMOPLATFORM,@CC,10,26096,0.1,15.6,19.0,19.0,21.3,21.6,21.6,156,190,189.69,213,216,216,0
FTMOPLATFORM,@CC,11,29140,0.1,15.6,18.8,18.9,21.3,21.6,21.6,156,188,188.72,213,216,216,0
FTMOPLATFORM,@CC,12,42157,0.1,15.6,20.1,20.0,21.6,21.6,34.8,156,201,200.01,216,216,348,0
FTMOPLATFORM,@CC,13,43959,0.1,15.6,20.1,20.0,21.6,21.6,29.4,156,201,200.33,216,216,294,0
FTMOPLATFORM,@CC,14,45212,0.1,15.6,20.0,19.9,21.6,21.6,34.4,156,200,199.46,216,216,344,0
FTMOPLATFORM,@CC,15,51101,0.1,15.6,20.0,19.9,21.6,21.6,21.6,156,200,199.20,216,216,216,0
FTMOPLATFORM,@CC,16,16046,0.1,15.6,16.5,17.2,20.2,21.6,21.6,156,165,172.12,202,216,216,0
FTMOPLATFORM,@CC,17,6889,0.1,15.6,16.2,16.8,18.9,21.6,21.6,156,162,168.33,189,216,216,0
FTMOPLATFORM,@CC,18,0,0.1,,,,,,,,,,,,,0
FTMOPLATFORM,@CC,19,0,0.1,,,,,,,,,,,,,0
FTMOPLATFORM,@CC,20,0,0.1,,,,,,,,,,,,,0
FTMOPLATFORM,@CC,21,0,0.1,,,,,,,,,,,,,0
FTMOPLATFORM,@CC,22,0,0.1,,,,,,,,,,,,,0
FTMOPLATFORM,@CC,23,0,0.1,,,,,,,,,,,,,0
FTMOPLATFORM,@CL,0,36705,0.001,0.068,0.068,0.069,0.068,0.088,0.148,68,68,69.43,68,88,148,0
FTMOPLATFORM,@CL,1,83733,0.001,0.068,0.068,0.074,0.088,0.088,0.088,68,68,73.62,88,88,88,0
FTMOPLATFORM,@CL,2,53827,0.001,0.068,0.068,0.070,0.068,0.088,0.088,68,68,69.76,68,88,88,0
FTMOPLATFORM,@CL,3,37405,0.001,0.068,0.068,0.068,0.068,0.088,0.088,68,68,68.43,68,88,88,0
FTMOPLATFORM,@CL,4,25622,0.001,0.068,0.068,0.069,0.068,0.088,0.088,68,68,69.13,68,88,88,0
FTMOPLATFORM,@CL,5,49971,0.001,0.068,0.068,0.069,0.068,0.088,0.088,68,68,69.07,68,88,88,0
FTMOPLATFORM,@CL,6,75602,0.001,0.068,0.068,0.071,0.088,0.088,0.088,68,68,71.17,88,88,88,0
FTMOPLATFORM,@CL,7,92130,0.001,0.068,0.068,0.076,0.088,0.088,0.088,68,68,75.78,88,88,88,0
FTMOPLATFORM,@CL,8,117150,0.001,0.068,0.088,0.080,0.088,0.088,0.088,68,88,80.48,88,88,88,0
FTMOPLATFORM,@CL,9,90951,0.001,0.068,0.068,0.075,0.088,0.088,0.088,68,68,74.69,88,88,88,0
FTMOPLATFORM,@CL,10,83925,0.001,0.068,0.068,0.073,0.088,0.088,0.148,68,68,73.48,88,88,148,0
FTMOPLATFORM,@CL,11,86065,0.001,0.068,0.068,0.075,0.088,0.088,0.088,68,68,75.04,88,88,88,0
FTMOPLATFORM,@CL,12,107085,0.001,0.068,0.069,0.077,0.088,0.088,0.154,68,69,77.20,88,88,154,0
FTMOPLATFORM,@CL,13,153043,0.001,0.068,0.088,0.082,0.088,0.088,0.112,68,88,82.05,88,88,112,0
FTMOPLATFORM,@CL,14,142040,0.001,0.068,0.085,0.080,0.088,0.088,0.148,68,85,79.54,88,88,148,0
FTMOPLATFORM,@CL,15,145165,0.001,0.068,0.088,0.080,0.088,0.088,0.148,68,88,79.69,88,88,148,0
FTMOPLATFORM,@CL,16,97340,0.001,0.068,0.068,0.074,0.088,0.088,0.138,68,68,73.54,88,88,138,0
FTMOPLATFORM,@CL,17,88869,0.001,0.068,0.068,0.072,0.088,0.088,0.088,68,68,72.40,88,88,88,0
FTMOPLATFORM,@CL,18,87971,0.001,0.068,0.068,0.074,0.088,0.088,0.088,68,68,74.44,88,88,88,0
FTMOPLATFORM,@CL,19,45818,0.001,0.068,0.068,0.071,0.088,0.088,0.088,68,68,71.41,88,88,88,0
FTMOPLATFORM,@CL,20,31530,0.001,0.068,0.071,0.075,0.091,0.091,0.105,68,71,75.47,91,91,105,0
FTMOPLATFORM,@CL,21,0,0.001,,,,,,,,,,,,,0
FTMOPLATFORM,@CL,22,13671,0.001,0.071,0.071,0.077,0.091,0.091,0.091,71,71,77.21,91,91,91,0
FTMOPLATFORM,@CL,23,10266,0.001,0.068,0.068,0.069,0.068,0.088,0.128,68,68,68.69,68,88,128,0
FTMOPLATFORM,@CT,0,0,0.01,,,,,,,,,,,,,0
FTMOPLATFORM,@CT,1,11267,0.01,0.35,0.45,0.43,0.45,0.45,0.50,35,45,43.09,45,45,50,0
FTMOPLATFORM,@CT,2,9014,0.01,0.35,0.42,0.41,0.45,0.45,0.48,35,42,41.08,45,45,48,0
FTMOPLATFORM,@CT,3,5759,0.01,0.35,0.39,0.39,0.45,0.45,0.48,35,39,39.37,45,45,48,0
FTMOPLATFORM,@CT,4,3120,0.01,0.35,0.36,0.38,0.45,0.45,0.45,35,36,37.80,45,45,45,0
FTMOPLATFORM,@CT,5,6416,0.01,0.35,0.39,0.39,0.45,0.45,0.45,35,39,39.42,45,45,45,0
FTMOPLATFORM,@CT,6,9470,0.01,0.35,0.40,0.40,0.45,0.45,0.45,35,40,40.10,45,45,45,0
FTMOPLATFORM,@CT,7,10588,0.01,0.35,0.41,0.41,0.45,0.45,0.45,35,41,40.65,45,45,45,0
FTMOPLATFORM,@CT,8,10418,0.01,0.35,0.41,0.41,0.45,0.45,0.45,35,41,40.88,45,45,45,0
FTMOPLATFORM,@CT,9,9206,0.01,0.35,0.40,0.41,0.45,0.45,0.45,35,40,40.62,45,45,45,0
FTMOPLATFORM,@CT,10,8646,0.01,0.35,0.40,0.40,0.45,0.45,0.45,35,40,40.35,45,45,45,0
FTMOPLATFORM,@CT,11,9267,0.01,0.35,0.41,0.41,0.45,0.45,0.45,35,41,40.76,45,45,45,0
FTMOPLATFORM,@CT,12,16445,0.01,0.35,0.45,0.44,0.45,0.48,0.79,35,45,43.94,45,48,79,0
FTMOPLATFORM,@CT,13,21809,0.01,0.36,0.45,0.45,0.45,0.45,0.61,36,45,44.75,45,45,61,0
FTMOPLATFORM,@CT,14,20079,0.01,0.35,0.45,0.45,0.45,0.45,0.71,35,45,44.51,45,45,71,0
FTMOPLATFORM,@CT,15,17035,0.01,0.35,0.45,0.44,0.45,0.45,0.45,35,45,43.56,45,45,45,0
FTMOPLATFORM,@CT,16,17602,0.01,0.35,0.45,0.43,0.45,0.45,0.50,35,45,43.04,45,45,50,0
FTMOPLATFORM,@CT,17,14774,0.01,0.35,0.41,0.41,0.45,0.45,0.45,35,41,41.35,45,45,45,0
FTMOPLATFORM,@CT,18,8379,0.01,0.35,0.45,0.44,0.45,0.45,0.45,35,45,43.73,45,45,45,0
FTMOPLATFORM,@CT,19,0,0.01,,,,,,,,,,,,,0
FTMOPLATFORM,@CT,20,0,0.01,,,,,,,,,,,,,0
FTMOPLATFORM,@CT,21,0,0.01,,,,,,,,,,,,,0
FTMOPLATFORM,@CT,22,0,0.01,,,,,,,,,,,,,0
FTMOPLATFORM,@CT,23,0,0.01,,,,,,,,,,,,,0
FTMOPLATFORM,@ES,0,83550,0.01,0.60,0.60,0.60,0.60,0.60,0.60,60,60,60.00,60,60,60,0
FTMOPLATFORM,@ES,1,69196,0.01,0.60,0.60,0.60,0.60,0.60,0.60,60,60,60.00,60,60,60,0
FTMOPLATFORM,@ES,2,47252,0.01,0.60,0.60,0.60,0.60,0.60,0.60,60,60,60.00,60,60,60,0
FTMOPLATFORM,@ES,3,34817,0.01,0.60,0.60,0.60,0.60,0.60,0.60,60,60,60.00,60,60,60,0
FTMOPLATFORM,@ES,4,31641,0.01,0.60,0.60,0.60,0.60,0.60,0.60,60,60,60.00,60,60,60,0
FTMOPLATFORM,@ES,5,38233,0.01,0.60,0.60,0.60,0.60,0.60,0.60,60,60,60.00,60,60,60,0
FTMOPLATFORM,@ES,6,37755,0.01,0.60,0.60,0.60,0.60,0.60,0.60,60,60,60.00,60,60,60,0
FTMOPLATFORM,@ES,7,53264,0.01,0.60,0.60,0.60,0.60,0.60,0.60,60,60,60.00,60,60,60,0
FTMOPLATFORM,@ES,8,65930,0.01,0.60,0.60,0.60,0.60,0.60,0.60,60,60,60.00,60,60,60,0
FTMOPLATFORM,@ES,9,45450,0.01,0.60,0.60,0.60,0.60,0.60,0.60,60,60,60.00,60,60,60,0
FTMOPLATFORM,@ES,10,39415,0.01,0.60,0.60,0.60,0.60,0.60,0.60,60,60,60.00,60,60,60,0
FTMOPLATFORM,@ES,11,55374,0.01,0.60,0.60,0.60,0.60,0.60,0.60,60,60,60.00,60,60,60,0
FTMOPLATFORM,@ES,12,71054,0.01,0.60,0.60,0.60,0.60,0.76,1.84,60,60,60.35,60,76,184,0
FTMOPLATFORM,@ES,13,140869,0.01,0.60,0.60,0.60,0.60,0.60,0.60,60,60,60.00,60,60,60,0
FTMOPLATFORM,@ES,14,149251,0.01,0.60,0.60,0.60,0.60,0.60,0.86,60,60,60.03,60,60,86,0
FTMOPLATFORM,@ES,15,102121,0.01,0.60,0.60,0.60,0.60,0.60,0.60,60,60,60.00,60,60,60,0
FTMOPLATFORM,@ES,16,75286,0.01,0.60,0.60,0.60,0.60,0.60,0.60,60,60,60.00,60,60,60,0
FTMOPLATFORM,@ES,17,59218,0.01,0.60,0.60,0.60,0.60,0.60,0.60,60,60,60.00,60,60,60,0
FTMOPLATFORM,@ES,18,53451,0.01,0.60,0.60,0.60,0.60,0.60,0.60,60,60,60.00,60,60,60,0
FTMOPLATFORM,@ES,19,61943,0.01,0.60,0.60,0.60,0.60,0.60,0.60,60,60,60.00,60,60,60,0
FTMOPLATFORM,@ES,20,29002,0.01,0.60,0.60,0.61,0.63,0.63,0.63,60,60,61.46,63,63,63,0
FTMOPLATFORM,@ES,21,0,0.01,,,,,,,,,,,,,0
FTMOPLATFORM,@ES,22,25298,0.01,0.60,0.60,0.60,0.63,0.63,0.63,60,60,60.37,63,63,63,0
FTMOPLATFORM,@ES,23,31359,0.01,0.60,0.60,0.60,0.60,0.60,0.60,60,60,60.00,60,60,60,0
FTMOPLATFORM,@FDAX,0,43335,0.01,2.83,3.33,3.29,3.53,3.73,7.63,283,333,328.58,353,373,763,0
FTMOPLATFORM,@FDAX,1,34162,0.01,2.93,3.13,3.18,3.43,3.63,8.33,293,313,318.13,343,363,833,0
FTMOPLATFORM,@FDAX,2,21182,0.01,2.93,3.03,3.11,3.33,3.53,5.23,293,303,310.86,333,353,523,0
FTMOPLATFORM,@FDAX,3,16921,0.01,2.93,3.03,3.05,3.23,3.43,4.33,293,303,305.28,323,343,433,0
FTMOPLATFORM,@FDAX,4,14946,0.01,2.93,2.93,3.03,3.23,3.43,3.53,293,293,302.91,323,343,353,0
FTMOPLATFORM,@FDAX,5,21573,0.01,2.93,3.03,3.11,3.33,3.73,3.73,293,303,310.68,333,373,373,0
FTMOPLATFORM,@FDAX,6,46466,0.01,1.33,1.33,1.42,1.53,3.23,3.63,133,133,142.09,153,323,363,0
FTMOPLATFORM,@FDAX,7,142113,0.01,1.13,1.23,1.21,1.33,1.33,2.33,113,123,120.99,133,133,233,0
FTMOPLATFORM,@FDAX,8,109839,0.01,1.13,1.13,1.16,1.23,1.33,3.13,113,113,115.90,123,133,313,0
FTMOPLATFORM,@FDAX,9,85586,0.01,1.13,1.13,1.14,1.13,1.23,3.13,113,113,114.07,113,123,313,0
FTMOPLATFORM,@FDAX,10,72521,0.01,1.13,1.13,1.14,1.13,1.33,2.23,113,113,114.01,113,133,223,0
FTMOPLATFORM,@FDAX,11,76121,0.01,1.13,1.13,1.14,1.13,1.33,3.13,113,113,114.13,113,133,313,0
FTMOPLATFORM,@FDAX,12,89220,0.01,1.13,1.13,1.17,1.23,1.33,12.35,113,113,117.02,123,133,1235,0
FTMOPLATFORM,@FDAX,13,130569,0.01,1.13,1.13,1.17,1.23,1.33,7.43,113,113,117.02,123,133,743,0
FTMOPLATFORM,@FDAX,14,122298,0.01,1.13,1.13,1.15,1.23,1.33,11.45,113,113,115.42,123,133,1145,0
FTMOPLATFORM,@FDAX,15,94591,0.01,1.13,1.13,1.46,2.33,2.33,2.33,113,113,146.08,233,233,233,0
FTMOPLATFORM,@FDAX,16,55959,0.01,1.33,1.33,1.43,1.83,2.33,4.33,133,133,143.34,183,233,433,0
FTMOPLATFORM,@FDAX,17,47584,0.01,1.33,1.33,1.38,1.43,2.33,2.33,133,133,138.19,143,233,233,0
FTMOPLATFORM,@FDAX,18,41217,0.01,1.33,1.33,1.37,1.33,2.03,2.23,133,133,137.18,133,203,223,0
FTMOPLATFORM,@FDAX,19,43817,0.01,1.33,1.33,1.39,1.53,2.33,2.33,133,133,138.59,153,233,233,0
FTMOPLATFORM,@FDAX,20,40402,0.01,1.33,3.69,3.57,3.79,3.79,3.79,133,369,356.95,379,379,379,0
FTMOPLATFORM,@FDAX,21,0,0.01,,,,,,,,,,,,,0
FTMOPLATFORM,@FDAX,22,24622,0.01,2.99,3.29,3.36,3.79,3.79,3.79,299,329,335.88,379,379,379,0
FTMOPLATFORM,@FDAX,23,25672,0.01,2.73,2.93,2.99,3.33,3.53,3.53,273,293,299.13,333,353,353,0
FTMOPLATFORM,@GC,0,256684,0.01,0.40,0.50,0.49,0.50,0.52,3.26,40,50,48.53,50,52,326,0
FTMOPLATFORM,@GC,1,331034,0.01,0.37,0.50,0.49,0.50,0.52,4.57,37,50,48.53,50,52,457,0
FTMOPLATFORM,@GC,2,266048,0.01,0.38,0.50,0.48,0.50,0.52,5.24,38,50,47.85,50,52,524,0
FTMOPLATFORM,@GC,3,199528,0.01,0.33,0.49,0.47,0.50,0.51,1.08,33,49,47.38,50,51,108,0
FTMOPLATFORM,@GC,4,163058,0.01,0.38,0.50,0.48,0.50,0.51,2.49,38,50,47.57,50,51,249,0
FTMOPLATFORM,@GC,5,234535,0.01,0.40,0.50,0.49,0.50,0.52,1.23,40,50,48.78,50,52,123,0
FTMOPLATFORM,@GC,6,260352,0.01,0.36,0.42,0.42,0.45,0.45,1.50,36,42,41.97,45,45,150,0
FTMOPLATFORM,@GC,7,228677,0.01,0.33,0.43,0.42,0.45,0.45,1.24,33,43,42.18,45,45,124,0
FTMOPLATFORM,@GC,8,233020,0.01,0.35,0.43,0.42,0.45,0.45,3.58,35,43,42.23,45,45,358,0
FTMOPLATFORM,@GC,9,213642,0.01,0.37,0.43,0.42,0.45,0.45,5.24,37,43,42.33,45,45,524,0
FTMOPLATFORM,@GC,10,190821,0.01,0.34,0.43,0.42,0.45,0.45,2.09,34,43,42.27,45,45,209,0
FTMOPLATFORM,@GC,11,226435,0.01,0.37,0.45,0.44,0.45,0.46,1.37,37,45,43.78,45,46,137,0
FTMOPLATFORM,@GC,12,302183,0.01,0.33,0.45,0.45,0.45,0.55,5.78,33,45,44.88,45,55,578,0
FTMOPLATFORM,@GC,13,403688,0.01,0.35,0.45,0.44,0.45,0.47,5.34,35,45,44.47,45,47,534,0
FTMOPLATFORM,@GC,14,401465,0.01,0.36,0.45,0.44,0.45,0.47,5.68,36,45,43.70,45,47,568,0
FTMOPLATFORM,@GC,15,357783,0.01,0.35,0.45,0.44,0.45,0.45,1.89,35,45,43.62,45,45,189,0
FTMOPLATFORM,@GC,16,297647,0.01,0.33,0.43,0.42,0.45,0.45,1.10,33,43,42.08,45,45,110,0
FTMOPLATFORM,@GC,17,267573,0.01,0.37,0.43,0.42,0.45,0.45,1.11,37,43,42.16,45,45,111,0
FTMOPLATFORM,@GC,18,240223,0.01,0.34,0.43,0.42,0.45,0.45,1.96,34,43,42.18,45,45,196,0
FTMOPLATFORM,@GC,19,248234,0.01,0.36,0.44,0.43,0.45,0.45,2.70,36,44,42.62,45,45,270,0
FTMOPLATFORM,@GC,20,97909,0.01,0.38,0.46,0.45,0.48,0.48,2.96,38,46,44.96,48,48,296,0
FTMOPLATFORM,@GC,21,0,0.01,,,,,,,,,,,,,0
FTMOPLATFORM,@GC,22,108278,0.01,0.43,0.53,0.52,0.53,0.54,2.96,43,53,52.18,53,54,296,0
FTMOPLATFORM,@GC,23,145249,0.01,0.40,0.50,0.49,0.50,0.54,3.89,40,50,48.64,50,54,389,0
FTMOPLATFORM,@HK,0,0,0.01,,,,,,,,,,,,,0
FTMOPLATFORM,@HK,1,215362,0.01,6.00,6.84,6.68,6.84,6.84,7.84,600,684,668.47,684,684,784,0
FTMOPLATFORM,@HK,2,209851,0.01,6.00,6.00,6.17,6.74,6.84,6.84,600,600,616.62,674,684,684,0
FTMOPLATFORM,@HK,3,112263,0.01,6.00,6.00,6.00,6.00,6.14,6.54,600,600,600.34,600,614,654,0
FTMOPLATFORM,@HK,4,0,0.01,,,,,,,,,,,,,0
FTMOPLATFORM,@HK,5,119261,0.01,6.00,6.00,6.21,6.84,6.84,6.84,600,600,620.97,684,684,684,0
FTMOPLATFORM,@HK,6,105388,0.01,6.00,6.00,6.03,6.00,6.84,6.84,600,600,602.55,600,684,684,0
FTMOPLATFORM,@HK,7,89368,0.01,6.00,6.00,6.02,6.00,6.74,6.84,600,600,602.30,600,674,684,0
FTMOPLATFORM,@HK,8,39095,0.01,6.00,6.00,6.06,6.00,6.84,6.84,600,600,605.75,600,684,684,0
FTMOPLATFORM,@HK,9,32081,0.01,6.00,6.00,6.49,8.04,9.84,9.84,600,600,648.71,804,984,984,0
FTMOPLATFORM,@HK,10,41505,0.01,6.00,6.00,6.54,8.64,9.84,9.84,600,600,654.38,864,984,984,0
FTMOPLATFORM,@HK,11,51229,0.01,6.00,6.00,6.52,8.34,9.84,9.84,600,600,652.14,834,984,984,0
FTMOPLATFORM,@HK,12,68171,0.01,6.00,6.04,6.89,9.74,10.58,24.94,600,604,689.18,974,1058,2494,0
FTMOPLATFORM,@HK,13,131318,0.01,6.00,9.24,8.50,9.84,9.84,11.36,600,924,849.64,984,984,1136,0
FTMOPLATFORM,@HK,14,126981,0.01,6.00,7.34,7.64,9.64,9.84,21.58,600,734,764.01,964,984,2158,0
FTMOPLATFORM,@HK,15,91102,0.01,6.00,6.34,6.71,7.94,9.84,9.84,600,634,671.32,794,984,984,0
FTMOPLATFORM,@HK,16,62999,0.01,6.00,6.00,6.38,7.24,9.84,9.84,600,600,637.81,724,984,984,0
FTMOPLATFORM,@HK,17,49290,0.01,6.00,6.00,6.15,6.24,9.04,9.84,600,600,614.55,624,904,984,0
FTMOPLATFORM,@HK,18,44200,0.01,6.00,6.00,6.10,6.14,7.74,15.84,600,600,609.64,614,774,1584,0
FTMOPLATFORM,@HK,19,0,0.01,,,,,,,,,,,,,0
FTMOPLATFORM,@HK,20,0,0.01,,,,,,,,,,,,,0
FTMOPLATFORM,@HK,21,0,0.01,,,,,,,,,,,,,0
FTMOPLATFORM,@HK,22,0,0.01,,,,,,,,,,,,,0
FTMOPLATFORM,@HK,23,0,0.01,,,,,,,,,,,,,0
FTMOPLATFORM,@HO,0,23610,0.001,0.033,0.033,0.033,0.034,0.035,0.035,33,33,33.28,34,35,35,0
FTMOPLATFORM,@HO,1,46916,0.001,0.033,0.033,0.033,0.034,0.035,0.035,33,33,33.44,34,35,35,0
FTMOPLATFORM,@HO,2,28340,0.001,0.033,0.033,0.033,0.034,0.035,0.035,33,33,33.28,34,35,35,0
FTMOPLATFORM,@HO,3,20469,0.001,0.033,0.033,0.033,0.034,0.034,0.034,33,33,33.17,34,34,34,0
FTMOPLATFORM,@HO,4,14371,0.001,0.033,0.033,0.033,0.034,0.035,0.037,33,33,33.24,34,35,37,0
FTMOPLATFORM,@HO,5,29309,0.001,0.033,0.033,0.033,0.034,0.035,0.037,33,33,33.35,34,35,37,0
FTMOPLATFORM,@HO,6,42860,0.001,0.033,0.034,0.034,0.034,0.035,0.035,33,34,33.56,34,35,35,0
FTMOPLATFORM,@HO,7,54287,0.001,0.033,0.034,0.034,0.035,0.035,0.038,33,34,33.82,35,35,38,0
FTMOPLATFORM,@HO,8,68283,0.001,0.033,0.034,0.034,0.035,0.035,0.036,33,34,34.07,35,35,36,0
FTMOPLATFORM,@HO,9,51970,0.001,0.033,0.034,0.034,0.035,0.035,0.035,33,34,33.74,35,35,35,0
FTMOPLATFORM,@HO,10,48566,0.001,0.033,0.034,0.034,0.035,0.035,0.037,33,34,33.73,35,35,37,0
FTMOPLATFORM,@HO,11,44883,0.001,0.033,0.034,0.034,0.035,0.035,0.036,33,34,33.74,35,35,36,0
FTMOPLATFORM,@HO,12,51823,0.001,0.033,0.034,0.034,0.035,0.036,0.066,33,34,34.04,35,36,66,0
FTMOPLATFORM,@HO,13,71557,0.001,0.033,0.034,0.034,0.035,0.035,0.048,33,34,34.13,35,35,48,0
FTMOPLATFORM,@HO,14,71662,0.001,0.033,0.034,0.034,0.035,0.035,0.056,33,34,34.06,35,35,56,0
FTMOPLATFORM,@HO,15,75858,0.001,0.033,0.034,0.034,0.035,0.035,0.037,33,34,34.14,35,35,37,0
FTMOPLATFORM,@HO,16,52899,0.001,0.033,0.034,0.034,0.035,0.035,0.035,33,34,33.73,35,35,35,0
FTMOPLATFORM,@HO,17,49343,0.001,0.033,0.034,0.034,0.035,0.035,0.035,33,34,33.70,35,35,35,0
FTMOPLATFORM,@HO,18,48108,0.001,0.033,0.034,0.034,0.035,0.035,0.035,33,34,33.77,35,35,35,0
FTMOPLATFORM,@HO,19,21031,0.001,0.033,0.033,0.033,0.034,0.035,0.035,33,33,33.35,34,35,35,0
FTMOPLATFORM,@HO,20,0,0.001,,,,,,,,,,,,,0
FTMOPLATFORM,@HO,21,0,0.001,,,,,,,,,,,,,0
FTMOPLATFORM,@HO,22,4187,0.001,0.037,0.037,0.038,0.039,0.041,0.042,37,37,37.77,39,41,42,0
FTMOPLATFORM,@HO,23,3142,0.001,0.033,0.033,0.033,0.034,0.037,0.038,33,33,33.30,34,37,38,0
FTMOPLATFORM,@KC,0,0,0.01,,,,,,,,,,,,,0
FTMOPLATFORM,@KC,1,0,0.01,,,,,,,,,,,,,0
FTMOPLATFORM,@KC,2,0,0.01,,,,,,,,,,,,,0
FTMOPLATFORM,@KC,3,0,0.01,,,,,,,,,,,,,0
FTMOPLATFORM,@KC,4,0,0.01,,,,,,,,,,,,,0
FTMOPLATFORM,@KC,5,0,0.01,,,,,,,,,,,,,0
FTMOPLATFORM,@KC,6,0,0.01,,,,,,,,,,,,,0
FTMOPLATFORM,@KC,7,0,0.01,,,,,,,,,,,,,0
FTMOPLATFORM,@KC,8,17464,0.01,0.31,0.33,0.33,0.34,0.34,0.64,31,33,32.58,34,34,64,0
FTMOPLATFORM,@KC,9,20177,0.01,0.31,0.31,0.32,0.34,0.34,0.55,31,31,31.64,34,34,55,0
FTMOPLATFORM,@KC,10,18711,0.01,0.31,0.31,0.31,0.34,0.34,0.49,31,31,31.48,34,34,49,0
FTMOPLATFORM,@KC,11,21495,0.01,0.31,0.31,0.32,0.34,0.34,0.44,31,31,31.66,34,34,44,0
FTMOPLATFORM,@KC,12,35869,0.01,0.31,0.32,0.33,0.34,0.35,0.76,31,32,32.55,34,35,76,0
FTMOPLATFORM,@KC,13,36336,0.01,0.31,0.32,0.32,0.34,0.34,0.44,31,32,32.36,34,34,44,0
FTMOPLATFORM,@KC,14,38935,0.01,0.31,0.33,0.33,0.34,0.34,0.53,31,33,32.56,34,34,53,0
FTMOPLATFORM,@KC,15,37576,0.01,0.31,0.32,0.32,0.34,0.34,0.49,31,32,32.35,34,34,49,0
FTMOPLATFORM,@KC,16,31035,0.01,0.31,0.31,0.32,0.34,0.34,0.39,31,31,32.30,34,34,39,0
FTMOPLATFORM,@KC,17,10582,0.01,0.31,0.31,0.31,0.32,0.34,0.42,31,31,31.27,32,34,42,0
FTMOPLATFORM,@KC,18,0,0.01,,,,,,,,,,,,,0
FTMOPLATFORM,@KC,19,0,0.01,,,,,,,,,,,,,0
FTMOPLATFORM,@KC,20,0,0.01,,,,,,,,,,,,,0
FTMOPLATFORM,@KC,21,0,0.01,,,,,,,,,,,,,0
FTMOPLATFORM,@KC,22,0,0.01,,,,,,,,,,,,,0
FTMOPLATFORM,@KC,23,0,0.01,,,,,,,,,,,,,0
FTMOPLATFORM,@NG,0,2569,0.001,0.057,0.057,0.058,0.059,0.061,0.061,57,57,57.65,59,61,61,0
FTMOPLATFORM,@NG,1,2176,0.001,0.057,0.057,0.058,0.060,0.061,0.061,57,57,57.70,60,61,61,0
FTMOPLATFORM,@NG,2,1634,0.001,0.057,0.057,0.057,0.058,0.061,0.061,57,57,57.43,58,61,61,0
FTMOPLATFORM,@NG,3,3263,0.001,0.057,0.058,0.058,0.061,0.061,0.061,57,58,58.11,61,61,61,0
FTMOPLATFORM,@NG,4,1827,0.001,0.057,0.057,0.057,0.058,0.061,0.061,57,57,57.28,58,61,61,0
FTMOPLATFORM,@NG,5,2142,0.001,0.057,0.057,0.058,0.060,0.061,0.061,57,57,57.68,60,61,61,0
FTMOPLATFORM,@NG,6,4956,0.001,0.057,0.058,0.058,0.061,0.061,0.061,57,58,58.45,61,61,61,0
FTMOPLATFORM,@NG,7,6015,0.001,0.057,0.058,0.059,0.061,0.061,0.061,57,58,58.60,61,61,61,0
FTMOPLATFORM,@NG,8,5314,0.001,0.057,0.058,0.058,0.060,0.061,0.061,57,58,58.18,60,61,61,0
FTMOPLATFORM,@NG,9,4412,0.001,0.057,0.058,0.058,0.059,0.061,0.061,57,58,57.89,59,61,61,0
FTMOPLATFORM,@NG,10,5808,0.001,0.057,0.058,0.059,0.061,0.061,0.061,57,58,58.63,61,61,61,0
FTMOPLATFORM,@NG,11,10694,0.001,0.057,0.061,0.060,0.061,0.061,0.061,57,61,60.03,61,61,61,0
FTMOPLATFORM,@NG,12,18400,0.001,0.058,0.061,0.061,0.061,0.071,0.109,58,61,61.12,61,71,109,0
FTMOPLATFORM,@NG,13,18139,0.001,0.057,0.061,0.061,0.061,0.061,0.084,57,61,60.89,61,61,84,0
FTMOPLATFORM,@NG,14,15179,0.001,0.057,0.061,0.061,0.061,0.061,0.098,57,61,60.59,61,61,98,0
FTMOPLATFORM,@NG,15,11770,0.001,0.057,0.060,0.060,0.061,0.061,0.061,57,60,60.02,61,61,61,0
FTMOPLATFORM,@NG,16,10700,0.001,0.057,0.060,0.060,0.061,0.061,0.061,57,60,59.51,61,61,61,0
FTMOPLATFORM,@NG,17,9808,0.001,0.057,0.060,0.059,0.061,0.061,0.061,57,60,59.42,61,61,61,0
FTMOPLATFORM,@NG,18,10604,0.001,0.057,0.060,0.060,0.061,0.061,0.061,57,60,59.84,61,61,61,0
FTMOPLATFORM,@NG,19,3917,0.001,0.057,0.058,0.058,0.060,0.061,0.061,57,58,58.02,60,61,61,0
FTMOPLATFORM,@NG,20,2569,0.001,0.057,0.061,0.062,0.064,0.065,0.065,57,61,61.76,64,65,65,0
FTMOPLATFORM,@NG,21,0,0.001,,,,,,,,,,,,,0
FTMOPLATFORM,@NG,22,1440,0.001,0.061,0.061,0.062,0.065,0.065,0.065,61,61,62.20,65,65,65,0
FTMOPLATFORM,@NG,23,879,0.001,0.057,0.057,0.057,0.058,0.060,0.060,57,57,57.18,58,60,60,0
FTMOPLATFORM,@NQ,0,433493,0.01,1.45,1.95,1.84,1.95,1.95,1.95,145,195,184.26,195,195,195,0
FTMOPLATFORM,@NQ,1,424187,0.01,1.45,1.85,1.80,1.95,1.95,1.95,145,185,179.69,195,195,195,0
FTMOPLATFORM,@NQ,2,331603,0.01,1.45,1.75,1.70,1.95,1.95,1.95,145,175,170.40,195,195,195,0
FTMOPLATFORM,@NQ,3,280474,0.01,1.45,1.65,1.62,1.85,1.95,1.95,145,165,162.17,185,195,195,0
FTMOPLATFORM,@NQ,4,253518,0.01,1.45,1.55,1.56,1.75,1.85,1.95,145,155,155.87,175,185,195,0
FTMOPLATFORM,@NQ,5,287378,0.01,1.45,1.65,1.63,1.85,1.95,1.95,145,165,162.85,185,195,195,0
FTMOPLATFORM,@NQ,6,269642,0.01,1.45,1.65,1.66,1.85,1.95,5.65,145,165,165.53,185,195,565,0
FTMOPLATFORM,@NQ,7,305791,0.01,1.45,1.75,1.71,1.95,1.95,1.95,145,175,170.82,195,195,195,0
FTMOPLATFORM,@NQ,8,345582,0.01,1.45,1.85,1.80,1.95,1.95,1.95,145,185,179.64,195,195,195,0
FTMOPLATFORM,@NQ,9,281008,0.01,1.45,1.75,1.69,1.95,1.95,1.95,145,175,169.20,195,195,195,0
FTMOPLATFORM,@NQ,10,262495,0.01,1.45,1.65,1.63,1.95,1.95,3.35,145,165,163.47,195,195,335,0
FTMOPLATFORM,@NQ,11,325511,0.01,1.45,1.75,1.75,1.95,1.95,2.15,145,175,175.07,195,195,215,0
FTMOPLATFORM,@NQ,12,382743,0.01,1.45,1.85,1.80,1.95,1.95,8.89,145,185,180.49,195,195,889,0
FTMOPLATFORM,@NQ,13,562200,0.01,1.45,1.45,1.58,1.95,1.95,4.45,145,145,157.94,195,195,445,0
FTMOPLATFORM,@NQ,14,653398,0.01,1.45,1.45,1.45,1.45,1.45,5.01,145,145,145.05,145,145,501,0
FTMOPLATFORM,@NQ,15,589163,0.01,1.45,1.45,1.45,1.45,1.45,4.55,145,145,145.00,145,145,455,0
FTMOPLATFORM,@NQ,16,516818,0.01,1.45,1.45,1.45,1.45,1.45,3.55,145,145,145.00,145,145,355,0
FTMOPLATFORM,@NQ,17,467382,0.01,1.45,1.45,1.45,1.45,1.45,1.85,145,145,145.00,145,145,185,0
FTMOPLATFORM,@NQ,18,451525,0.01,1.45,1.45,1.45,1.45,1.45,1.45,145,145,145.00,145,145,145,0
FTMOPLATFORM,@NQ,19,471205,0.01,1.45,1.45,1.45,1.45,1.45,3.25,145,145,145.00,145,145,325,0
FTMOPLATFORM,@NQ,20,198651,0.01,1.45,1.83,1.85,2.13,2.13,5.13,145,183,184.84,213,213,513,0
FTMOPLATFORM,@NQ,21,0,0.01,,,,,,,,,,,,,0
FTMOPLATFORM,@NQ,22,127289,0.01,1.53,1.83,1.80,2.13,2.13,4.73,153,183,179.78,213,213,473,0
FTMOPLATFORM,@NQ,23,168356,0.01,1.45,1.55,1.62,1.95,1.95,2.03,145,155,162.49,195,195,203,0
FTMOPLATFORM,@PL,0,176012,0.01,7.32,8.90,8.73,9.73,9.73,10.00,732,890,872.82,973,973,1000,0
FTMOPLATFORM,@PL,1,235950,0.01,1.98,8.13,8.27,9.73,9.73,11.47,198,813,826.70,973,973,1147,0
FTMOPLATFORM,@PL,2,186670,0.01,0.94,8.21,8.33,9.73,9.73,9.74,94,821,832.75,973,973,974,0
FTMOPLATFORM,@PL,3,110007,0.01,7.32,7.32,7.72,8.82,9.73,9.73,732,732,772.03,882,973,973,0
FTMOPLATFORM,@PL,4,103689,0.01,1.59,8.05,8.20,9.46,9.73,9.73,159,805,819.52,946,973,973,0
FTMOPLATFORM,@PL,5,154705,0.01,2.19,8.82,8.72,9.73,9.73,9.82,219,882,871.87,973,973,982,0
FTMOPLATFORM,@PL,6,179901,0.01,0.67,6.39,6.38,7.54,8.08,10.58,67,639,638.37,754,808,1058,0
FTMOPLATFORM,@PL,7,152238,0.01,0.59,6.52,6.49,8.08,8.08,8.08,59,652,649.49,808,808,808,0
FTMOPLATFORM,@PL,8,158113,0.01,2.42,6.60,6.57,8.08,8.08,8.08,242,660,656.53,808,808,808,0
FTMOPLATFORM,@PL,9,140050,0.01,5.04,6.18,6.28,8.00,8.08,9.58,504,618,628.17,800,808,958,0
FTMOPLATFORM,@PL,10,127523,0.01,1.88,6.42,6.43,7.97,8.08,8.12,188,642,642.63,797,808,812,0
FTMOPLATFORM,@PL,11,148759,0.01,2.32,5.35,5.62,7.74,8.03,8.06,232,535,561.62,774,803,806,0
FTMOPLATFORM,@PL,12,196073,0.01,1.13,5.35,5.73,8.03,8.03,34.58,113,535,572.86,803,803,3458,0
FTMOPLATFORM,@PL,13,279061,0.01,1.71,5.24,5.62,8.03,8.03,20.54,171,524,561.61,803,803,2054,0
FTMOPLATFORM,@PL,14,264749,0.01,1.55,4.77,5.45,7.81,8.03,21.14,155,477,544.52,781,803,2114,0
FTMOPLATFORM,@PL,15,218059,0.01,1.77,4.96,5.48,7.86,8.03,8.03,177,496,548.35,786,803,803,0
FTMOPLATFORM,@PL,16,183699,0.01,4.24,6.67,6.69,7.91,7.96,9.08,424,667,669.07,791,796,908,0
FTMOPLATFORM,@PL,17,161891,0.01,5.57,6.55,6.65,7.96,7.96,7.97,557,655,664.67,796,796,797,0
FTMOPLATFORM,@PL,18,144788,0.01,2.28,6.61,6.68,7.96,7.96,9.33,228,661,668.14,796,796,933,0
FTMOPLATFORM,@PL,19,144720,0.01,5.61,6.79,6.81,7.96,7.96,7.96,561,679,680.73,796,796,796,0
FTMOPLATFORM,@PL,20,72522,0.01,0.73,6.79,6.76,8.22,8.29,8.73,73,679,675.74,822,829,873,0
FTMOPLATFORM,@PL,21,0,0.01,,,,,,,,,,,,,0
FTMOPLATFORM,@PL,22,54527,0.01,7.65,8.12,8.79,9.12,39.70,42.44,765,812,879.48,912,3970,4244,0
FTMOPLATFORM,@PL,23,92369,0.01,7.32,8.43,8.48,9.62,9.73,9.77,732,843,847.80,962,973,977,0
FTMOPLATFORM,@SB,0,0,0.01,,,,,,,,,,,,,0
FTMOPLATFORM,@SB,1,0,0.01,,,,,,,,,,,,,0
FTMOPLATFORM,@SB,2,0,0.01,,,,,,,,,,,,,0
FTMOPLATFORM,@SB,3,0,0.01,,,,,,,,,,,,,0
FTMOPLATFORM,@SB,4,0,0.01,,,,,,,,,,,,,0
FTMOPLATFORM,@SB,5,0,0.01,,,,,,,,,,,,,0
FTMOPLATFORM,@SB,6,0,0.01,,,,,,,,,,,,,0
FTMOPLATFORM,@SB,7,4106,0.01,0.11,0.13,0.13,0.13,0.13,0.13,11,13,12.95,13,13,13,0
FTMOPLATFORM,@SB,8,6616,0.01,0.11,0.13,0.13,0.13,0.13,0.13,11,13,12.79,13,13,13,0
FTMOPLATFORM,@SB,9,4905,0.01,0.11,0.13,0.13,0.13,0.13,0.13,11,13,12.57,13,13,13,0
FTMOPLATFORM,@SB,10,5038,0.01,0.11,0.13,0.13,0.13,0.13,0.13,11,13,12.57,13,13,13,0
FTMOPLATFORM,@SB,11,5257,0.01,0.11,0.13,0.13,0.13,0.13,0.13,11,13,12.60,13,13,13,0
FTMOPLATFORM,@SB,12,8137,0.01,0.11,0.15,0.14,0.15,0.15,0.25,11,15,14.43,15,15,25,0
FTMOPLATFORM,@SB,13,8948,0.01,0.11,0.15,0.15,0.15,0.15,0.21,11,15,14.54,15,15,21,0
FTMOPLATFORM,@SB,14,8641,0.01,0.11,0.15,0.15,0.15,0.15,0.23,11,15,14.62,15,15,23,0
FTMOPLATFORM,@SB,15,7669,0.01,0.11,0.15,0.14,0.15,0.15,0.15,11,15,14.31,15,15,15,0
FTMOPLATFORM,@SB,16,8572,0.01,0.11,0.15,0.14,0.15,0.15,0.15,11,15,14.33,15,15,15,0
FTMOPLATFORM,@SB,17,0,0.01,,,,,,,,,,,,,0
FTMOPLATFORM,@SB,18,0,0.01,,,,,,,,,,,,,0
FTMOPLATFORM,@SB,19,0,0.01,,,,,,,,,,,,,0
FTMOPLATFORM,@SB,20,0,0.01,,,,,,,,,,,,,0
FTMOPLATFORM,@SB,21,0,0.01,,,,,,,,,,,,,0
FTMOPLATFORM,@SB,22,0,0.01,,,,,,,,,,,,,0
FTMOPLATFORM,@SB,23,0,0.01,,,,,,,,,,,,,0
FTMOPLATFORM,@YM,0,63826,0.01,2.28,2.38,2.43,2.58,2.68,2.68,228,238,243.19,258,268,268,0
FTMOPLATFORM,@YM,1,55067,0.01,2.28,2.38,2.38,2.58,2.68,2.68,228,238,238.06,258,268,268,0
FTMOPLATFORM,@YM,2,41185,0.01,2.28,2.28,2.34,2.48,2.68,4.28,228,228,233.92,248,268,428,0
FTMOPLATFORM,@YM,3,32629,0.01,2.28,2.28,2.29,2.28,2.48,2.68,228,228,229.26,228,248,268,0
FTMOPLATFORM,@YM,4,27589,0.01,2.28,2.28,2.29,2.28,2.48,2.58,228,228,229.22,228,248,258,0
FTMOPLATFORM,@YM,5,35269,0.01,2.28,2.28,2.31,2.38,2.48,2.58,228,228,230.93,238,248,258,0
FTMOPLATFORM,@YM,6,52251,0.01,2.10,2.10,2.11,2.10,2.38,3.78,210,210,210.53,210,238,378,0
FTMOPLATFORM,@YM,7,80190,0.01,2.10,2.10,2.12,2.18,2.48,5.48,210,210,212.35,218,248,548,0
FTMOPLATFORM,@YM,8,89191,0.01,2.10,2.10,2.17,2.48,2.48,3.38,210,210,217.35,248,248,338,0
FTMOPLATFORM,@YM,9,70064,0.01,2.10,2.10,2.13,2.28,2.48,2.48,210,210,213.15,228,248,248,0
FTMOPLATFORM,@YM,10,64728,0.01,2.10,2.10,2.17,2.48,2.48,11.68,210,210,216.81,248,248,1168,0
FTMOPLATFORM,@YM,11,84657,0.01,2.10,2.10,2.20,2.48,2.48,8.48,210,210,220.18,248,248,848,0
FTMOPLATFORM,@YM,12,116499,0.01,2.10,2.18,2.31,2.48,3.02,14.28,210,218,230.89,248,302,1428,0
FTMOPLATFORM,@YM,13,297218,0.01,2.10,2.10,2.14,2.28,2.48,13.88,210,210,214.29,228,248,1388,0
FTMOPLATFORM,@YM,14,333228,0.01,2.10,2.10,2.10,2.10,2.10,18.08,210,210,210.49,210,210,1808,0
FTMOPLATFORM,@YM,15,241616,0.01,2.10,2.10,2.10,2.10,2.10,5.88,210,210,210.00,210,210,588,0
FTMOPLATFORM,@YM,16,182459,0.01,2.10,2.10,2.10,2.10,2.10,14.48,210,210,210.06,210,210,1448,0
FTMOPLATFORM,@YM,17,154084,0.01,2.10,2.10,2.10,2.10,2.10,5.48,210,210,210.01,210,210,548,0
FTMOPLATFORM,@YM,18,141568,0.01,2.10,2.10,2.10,2.10,2.10,3.48,210,210,210.00,210,210,348,0
FTMOPLATFORM,@YM,19,158366,0.01,2.10,2.10,2.10,2.10,2.10,2.10,210,210,210.00,210,210,210,0
FTMOPLATFORM,@YM,20,47643,0.01,2.10,2.43,2.36,2.63,2.63,6.49,210,243,235.88,263,263,649,0
FTMOPLATFORM,@YM,21,0,0.01,,,,,,,,,,,,,0
FTMOPLATFORM,@YM,22,24298,0.01,2.53,2.63,2.68,2.93,2.93,6.49,253,263,267.62,293,293,649,0
FTMOPLATFORM,@YM,23,25210,0.01,2.28,2.28,2.34,2.58,2.68,2.68,228,228,234.43,258,268,268,0
