entry_time,exit_time,side,entry_price,exit_price,pnl,bars_held,exit_reason
2012-01-10 10:30:00,2012-01-13 16:30:00,L,4588.75,4576.0,-259.0,153,SL
2012-01-17 03:00:00,2012-02-15 04:00:00,L,4610.75,4810.5,3991.0,981,TP
2012-02-15 04:30:00,2012-02-15 19:00:00,L,4813.5,4800.75,-259.0,29,SL
2012-02-17 01:30:00,2012-02-17 17:00:00,L,4819.5,4806.75,-259.0,31,SL
2012-02-20 03:30:00,2012-02-20 15:30:00,L,4822.75,4810.0,-259.0,24,SL
2012-02-23 22:30:00,2012-02-27 10:00:00,L,4825.75,4813.0,-259.0,67,SL
2012-02-28 07:00:00,2012-03-06 08:30:00,L,4842.0,4829.25,-259.0,236,SL
2012-03-12 15:00:00,2012-03-12 16:30:00,L,4874.75,4862.0,-259.0,3,SL
2012-03-13 01:00:00,2012-04-23 16:30:00,L,4878.5,4865.75,-259.0,1366,SL
2012-04-25 10:00:00,2012-05-04 16:30:00,L,4905.75,4893.0,-259.0,340,SL
2012-05-10 15:00:00,2012-05-10 16:00:00,L,4863.0,4850.25,-259.0,2,SL
2012-05-15 21:30:00,2012-05-16 14:30:00,S,4811.75,4824.5,-259.0,33,SL
2012-05-21 21:30:00,2012-05-22 22:00:00,L,4766.5,4753.75,-259.0,48,SL
2012-05-31 22:30:00,2012-06-06 17:00:00,S,4750.5,4763.25,-259.0,175,SL
2012-06-06 21:30:00,2012-06-08 04:00:00,L,4768.0,4755.25,-259.0,59,SL
2012-06-11 01:00:00,2012-06-11 09:30:00,L,4828.75,4816.0,-259.0,17,SL
2012-06-13 10:00:00,2012-06-13 15:00:00,L,4783.5,4770.75,-259.0,10,SL
2012-06-19 03:00:00,2012-06-21 18:00:00,L,4832.5,4819.75,-259.0,124,SL
2012-06-27 08:00:00,2012-06-28 15:30:00,L,4788.5,4775.75,-259.0,62,SL
2012-06-29 08:30:00,2012-07-11 20:30:00,L,4801.5,4788.75,-259.0,378,SL
2012-07-13 21:30:00,2012-07-16 16:00:00,L,4814.25,4801.5,-259.0,34,SL
2012-07-17 07:00:00,2012-07-17 16:30:00,L,4821.25,4808.5,-259.0,19,SL
2012-07-19 04:30:00,2012-07-20 18:30:00,L,4869.75,4857.0,-259.0,75,SL
2012-07-24 23:00:00,2012-07-25 16:00:00,S,4779.5,4792.25,-259.0,33,SL
2012-07-26 13:00:00,2012-08-16 18:00:00,L,4797.5,4997.25,3991.0,709,TP
2012-08-16 21:30:00,2012-08-22 16:00:00,L,5009.0,4996.25,-259.0,169,SL
2012-08-23 03:30:00,2012-08-23 15:00:00,L,5026.5,5013.75,-259.0,23,SL
2012-09-06 10:00:00,2012-10-09 16:00:00,L,5017.5,5004.75,-259.0,1083,SL
2012-10-11 15:30:00,2012-10-11 17:30:00,L,4987.25,4974.5,-259.0,4,SL
2012-10-11 21:30:00,2012-10-12 16:30:00,S,4957.5,4970.25,-259.0,37,SL
2012-10-15 11:30:00,2012-10-15 16:00:00,L,4971.75,4959.0,-259.0,9,SL
2012-10-16 02:00:00,2012-10-19 13:00:00,L,4979.75,4967.0,-259.0,163,SL
2012-10-23 01:30:00,2012-10-23 09:00:00,L,4937.5,4924.75,-259.0,15,SL
2012-10-24 21:30:00,2012-10-25 04:30:00,S,4894.5,4907.25,-259.0,13,SL
2012-10-30 14:30:00,2012-10-31 15:30:00,L,4900.0,4887.25,-259.0,33,SL
2012-11-06 11:00:00,2012-11-07 04:00:00,L,4917.0,4904.25,-259.0,33,SL
2012-11-14 11:00:00,2012-11-14 13:30:00,L,4829.25,4816.5,-259.0,5,SL
2012-11-14 21:30:00,2012-11-19 14:30:00,S,4787.25,4800.0,-259.0,125,SL
2012-11-19 15:00:00,2013-01-17 20:30:00,L,4799.5,4999.25,3991.0,1862,TP
2013-01-22 04:30:00,2013-01-22 10:00:00,L,4991.75,4979.0,-259.0,11,SL
2013-01-23 21:30:00,2013-01-23 23:00:00,L,5008.75,4996.0,-259.0,3,SL
2013-02-01 15:00:00,2013-02-04 17:30:00,L,4995.0,4982.25,-259.0,52,SL
2013-02-07 21:30:00,2013-02-07 22:00:00,S,4979.5,4992.25,-259.0,1,SL
2013-02-20 05:00:00,2013-02-20 16:30:00,L,5034.75,5022.0,-259.0,23,SL
2013-02-25 09:30:00,2013-02-25 20:30:00,L,4987.75,4975.0,-259.0,22,SL
2013-02-27 21:30:00,2013-02-27 22:00:00,L,5005.5,4992.75,-259.0,1,SL
2013-03-05 01:00:00,2013-04-05 15:00:00,L,5012.5,4999.75,-259.0,1059,SL
2013-04-08 23:00:00,2013-04-09 17:30:00,L,5038.5,5025.75,-259.0,36,SL
2013-04-22 03:00:00,2013-05-13 16:30:00,L,5032.5,5232.25,3991.0,732,TP
2013-05-13 21:30:00,2013-05-23 09:00:00,L,5234.5,5221.75,-259.0,351,SL
2013-05-27 01:00:00,2013-05-27 03:00:00,L,5256.0,5243.25,-259.0,4,SL
2013-06-07 14:30:00,2013-06-07 15:00:00,L,5207.0,5194.25,-259.0,1,SL
2013-06-12 21:30:00,2013-06-13 19:00:00,S,5183.5,5196.25,-259.0,42,SL
2013-06-17 09:30:00,2013-06-20 02:30:00,L,5221.25,5208.5,-259.0,127,SL
2013-06-25 15:30:00,2013-06-25 16:00:00,L,5129.25,5116.5,-259.0,1,SL
2013-06-26 12:00:00,2013-07-15 18:00:00,L,5132.25,5332.0,3991.0,603,TP
2013-07-15 21:30:00,2013-07-18 22:30:00,L,5333.5,5320.75,-259.0,143,SL
2013-07-22 03:00:00,2013-07-23 16:30:00,L,5307.5,5294.75,-259.0,74,SL
2013-07-25 22:00:00,2013-07-26 12:00:00,L,5315.75,5303.0,-259.0,27,SL
2013-07-29 01:00:00,2013-07-29 10:30:00,L,5332.0,5319.25,-259.0,19,SL
2013-07-30 15:00:00,2013-08-19 00:30:00,L,5337.0,5324.25,-259.0,629,SL
2013-08-22 21:30:00,2013-08-27 15:00:00,L,5357.25,5344.5,-259.0,128,SL
2013-09-02 09:00:00,2013-09-03 18:00:00,L,5362.0,5349.25,-259.0,53,SL
2013-09-04 21:30:00,2013-09-06 16:00:00,L,5385.5,5372.75,-259.0,83,SL
2013-09-06 21:30:00,2013-09-06 22:00:00,L,5403.0,5390.25,-259.0,1,SL
2013-09-09 21:30:00,2013-10-08 18:30:00,L,5429.25,5416.5,-259.0,981,SL
2013-10-10 14:30:00,2013-10-22 15:00:00,L,5429.25,5629.0,3991.0,377,TP
2013-10-22 15:30:00,2013-10-22 17:00:00,L,5630.75,5618.0,-259.0,3,SL
2013-10-24 08:30:00,2013-10-24 15:00:00,L,5622.5,5609.75,-259.0,13,SL
2013-10-25 13:30:00,2013-10-25 18:00:00,L,5645.0,5632.25,-259.0,9,SL
2013-10-28 01:00:00,2013-10-28 16:00:00,L,5641.75,5629.0,-259.0,30,SL
2013-10-28 22:00:00,2013-10-29 10:00:00,S,5637.0,5649.75,-259.0,23,SL
2013-10-30 08:30:00,2013-10-30 17:00:00,L,5657.5,5644.75,-259.0,17,SL
2013-11-15 04:30:00,2013-11-18 21:00:00,L,5681.0,5668.25,-259.0,80,SL
2013-11-21 21:30:00,2014-01-15 16:30:00,L,5667.75,5867.5,3991.0,1653,TP
2014-01-17 12:00:00,2014-01-17 14:30:00,L,5878.5,5865.75,-259.0,5,SL
2014-01-21 01:30:00,2014-01-24 16:00:00,L,5859.25,5846.5,-259.0,170,SL
2014-01-29 01:30:00,2014-01-29 13:00:00,L,5786.5,5773.75,-259.0,23,SL
2014-01-30 21:30:00,2014-01-30 22:30:00,L,5802.25,5789.5,-259.0,2,SL
2014-02-11 02:00:00,2014-03-27 15:00:00,L,5852.0,5839.25,-259.0,1520,SL
2014-03-28 15:00:00,2014-03-28 19:00:00,L,5862.5,5849.75,-259.0,8,SL
2014-04-01 21:30:00,2014-04-03 19:00:00,L,5917.25,5904.5,-259.0,89,SL
2014-04-09 10:30:00,2014-04-10 17:30:00,L,5813.25,5800.5,-259.0,61,SL
2014-04-17 21:30:00,2014-04-17 22:30:00,L,5812.0,5799.25,-259.0,2,SL
2014-04-21 21:30:00,2014-04-25 17:00:00,L,5827.5,5814.75,-259.0,179,SL
2014-05-06 08:30:00,2014-05-06 15:00:00,L,5875.25,5862.5,-259.0,13,SL
2014-05-12 01:00:00,2014-05-15 18:00:00,L,5831.25,5818.5,-259.0,175,SL
2014-05-19 01:00:00,2014-05-19 08:30:00,L,5867.0,5854.25,-259.0,15,SL
2014-05-22 04:00:00,2014-06-27 21:00:00,L,5913.0,6112.75,3991.0,1247,TP
2014-06-27 21:30:00,2014-08-19 08:00:00,L,6107.5,6307.25,3991.0,1695,TP
2014-08-19 08:30:00,2014-09-25 18:30:00,L,6307.0,6294.25,-259.0,1272,SL
2014-09-29 04:00:00,2014-09-29 04:30:00,L,6342.0,6329.25,-259.0,1,SL
2014-10-08 21:30:00,2014-10-09 18:00:00,L,6308.25,6295.5,-259.0,40,SL
2014-10-17 10:30:00,2014-10-23 16:00:00,L,6078.0,6277.75,3991.0,199,TP
2014-10-23 21:30:00,2014-10-23 22:30:00,L,6301.5,6288.75,-259.0,2,SL
2014-10-24 21:30:00,2014-10-27 15:30:00,L,6316.25,6303.5,-259.0,37,SL
2014-10-27 21:30:00,2014-11-18 16:30:00,L,6330.25,6530.0,3991.0,740,TP
2014-11-18 21:30:00,2014-11-19 16:00:00,L,6536.5,6523.75,-259.0,36,SL
2014-11-20 22:00:00,2014-12-09 16:00:00,L,6534.0,6521.25,-259.0,582,SL
2014-12-23 14:00:00,2014-12-23 16:00:00,L,6597.5,6584.75,-259.0,4,SL
2014-12-26 21:30:00,2014-12-29 10:30:00,L,6616.25,6603.5,-259.0,25,SL
2015-01-08 02:30:00,2015-01-12 22:00:00,L,6459.5,6446.75,-259.0,133,SL
2015-01-13 21:30:00,2015-01-13 22:00:00,S,6434.5,6447.25,-259.0,1,SL
2015-01-15 11:00:00,2015-01-15 11:00:00,S,6396.25,6409.0,-259.0,1,SL_SAMEBAR
2015-01-28 22:00:00,2015-01-29 21:00:00,S,6438.5,6451.25,-259.0,45,SL
2015-02-03 09:30:00,2015-02-03 17:00:00,L,6484.25,6471.5,-259.0,15,SL
2015-02-05 21:30:00,2015-02-06 19:30:00,L,6539.25,6526.5,-259.0,43,SL
2015-02-10 13:30:00,2015-02-20 20:00:00,L,6528.25,6728.0,3991.0,380,TP
2015-02-20 21:30:00,2015-03-04 16:00:00,L,6732.5,6719.75,-259.0,365,SL
2015-03-09 15:00:00,2015-03-09 19:00:00,S,6699.25,6712.0,-259.0,8,SL
2015-03-09 21:30:00,2015-03-10 09:30:00,L,6710.5,6697.75,-259.0,23,SL
2015-03-13 10:00:00,2015-03-13 13:00:00,L,6636.0,6623.25,-259.0,6,SL
2015-03-16 07:30:00,2015-03-26 09:30:00,L,6610.75,6598.0,-259.0,380,SL
2015-03-30 04:30:00,2015-03-31 22:30:00,L,6636.0,6623.25,-259.0,83,SL
2015-04-06 21:30:00,2015-04-07 03:00:00,L,6652.25,6639.5,-259.0,10,SL
2015-04-09 21:30:00,2015-04-14 16:30:00,L,6685.5,6672.75,-259.0,131,SL
2015-04-15 21:30:00,2015-04-16 13:00:00,L,6728.5,6715.75,-259.0,30,SL
2015-04-22 09:30:00,2015-04-22 10:30:00,L,6745.25,6732.5,-259.0,2,SL
2015-04-24 04:30:00,2015-04-28 16:30:00,L,6799.75,6787.0,-259.0,118,SL
2015-05-04 11:00:00,2015-05-05 15:00:00,L,6773.25,6760.5,-259.0,55,SL
2015-05-14 15:30:00,2015-05-14 16:00:00,L,6760.25,6747.5,-259.0,1,SL
2015-05-15 03:00:00,2015-05-15 16:30:00,L,6795.5,6782.75,-259.0,27,SL
2015-05-18 21:30:00,2015-05-19 21:30:00,L,6815.75,6803.0,-259.0,47,SL
2015-05-21 22:00:00,2015-05-25 11:30:00,L,6836.5,6823.75,-259.0,73,SL
2015-06-03 13:30:00,2015-06-03 16:00:00,L,6834.25,6821.5,-259.0,5,SL
2015-06-05 15:00:00,2015-06-05 15:30:00,S,6775.25,6788.0,-259.0,1,SL
2015-06-10 09:30:00,2015-06-15 00:30:00,L,6743.75,6731.0,-259.0,123,SL
2015-06-22 10:30:00,2015-06-23 16:30:00,L,6848.75,6836.0,-259.0,59,SL
2015-07-01 08:30:00,2015-07-01 20:30:00,L,6721.25,6708.5,-259.0,24,SL
2015-07-06 09:00:00,2015-07-06 09:30:00,S,6697.0,6709.75,-259.0,1,SL
2015-07-07 07:30:00,2015-07-07 13:30:00,L,6746.25,6733.5,-259.0,12,SL
2015-07-10 21:30:00,2015-07-10 22:30:00,L,6730.75,6718.0,-259.0,2,SL
2015-07-15 04:30:00,2015-07-15 21:00:00,L,6838.75,6826.0,-259.0,33,SL
2015-07-16 01:00:00,2015-07-27 13:30:00,L,6848.5,6835.75,-259.0,354,SL
2015-07-29 09:00:00,2015-07-29 16:30:00,L,6870.25,6857.5,-259.0,15,SL
2015-07-30 21:30:00,2015-07-31 20:30:00,L,6903.25,6890.5,-259.0,45,SL
2015-08-10 08:30:00,2015-08-10 10:00:00,L,6842.75,6830.0,-259.0,3,SL
2015-08-12 03:30:00,2015-08-12 19:30:00,S,6794.0,6806.75,-259.0,32,SL
2015-08-13 03:00:00,2015-08-13 03:30:00,L,6844.5,6831.75,-259.0,1,SL
2015-08-25 13:00:00,2015-08-25 13:00:00,L,6505.25,6492.5,-259.0,1,SL_SAMEBAR
2015-08-26 22:00:00,2015-09-01 04:30:00,L,6513.25,6500.5,-259.0,153,SL
2015-09-07 04:00:00,2015-09-07 04:30:00,L,6546.5,6533.75,-259.0,1,SL
2015-09-08 09:30:00,2015-09-10 00:30:00,L,6552.75,6540.0,-259.0,76,SL
2015-09-11 23:00:00,2015-09-14 09:00:00,L,6635.0,6622.25,-259.0,19,SL
2015-09-14 09:30:00,2015-09-14 16:00:00,L,6636.75,6624.0,-259.0,13,SL
2015-09-15 21:30:00,2015-09-16 02:30:00,L,6677.0,6664.25,-259.0,9,SL
2015-09-16 21:30:00,2015-09-18 12:00:00,L,6683.5,6670.75,-259.0,75,SL
2015-09-25 10:00:00,2015-09-25 16:30:00,L,6596.25,6583.5,-259.0,13,SL
2015-09-30 21:30:00,2015-10-01 16:00:00,L,6473.0,6460.25,-259.0,35,SL
2015-10-07 10:00:00,2015-10-07 16:00:00,L,6639.5,6626.75,-259.0,12,SL
2015-10-08 21:30:00,2015-10-14 10:00:00,L,6651.25,6638.5,-259.0,161,SL
2015-10-19 09:30:00,2015-10-19 13:30:00,L,6756.5,6743.75,-259.0,8,SL
2015-10-20 09:30:00,2015-10-20 10:30:00,L,6773.0,6760.25,-259.0,2,SL
2015-10-21 21:30:00,2015-10-22 15:00:00,S,6731.0,6743.75,-259.0,33,SL
2015-10-22 21:30:00,2015-10-30 05:30:00,L,6805.75,7005.5,3991.0,246,TP
2015-10-30 06:00:00,2015-10-30 10:30:00,L,7005.75,6993.0,-259.0,9,SL
2015-10-30 21:30:00,2015-11-02 15:00:00,S,6958.5,6971.25,-259.0,31,SL
2015-11-02 21:30:00,2015-11-03 13:30:00,L,7009.75,6997.0,-259.0,30,SL
2015-11-03 21:30:00,2015-11-03 22:00:00,L,7040.0,7027.25,-259.0,1,SL
2015-11-04 04:00:00,2015-11-04 06:30:00,L,7045.0,7032.25,-259.0,5,SL
2015-11-09 03:00:00,2015-11-09 09:30:00,L,7026.25,7013.5,-259.0,13,SL
2015-11-18 21:30:00,2015-11-24 17:00:00,L,6955.0,6942.25,-259.0,175,SL
2015-11-25 11:00:00,2015-11-25 16:00:00,L,7002.0,6989.25,-259.0,10,SL
2015-11-26 02:30:00,2015-11-27 10:00:00,L,7002.0,6989.25,-259.0,53,SL
2015-11-30 21:30:00,2015-11-30 23:00:00,S,6981.75,6994.5,-259.0,3,SL
2015-12-02 03:00:00,2015-12-02 20:30:00,L,7034.25,7021.5,-259.0,35,SL
2015-12-15 01:00:00,2015-12-15 02:30:00,L,6901.25,6888.5,-259.0,3,SL
2015-12-16 12:00:00,2015-12-16 13:30:00,L,6956.75,6944.0,-259.0,3,SL
2015-12-29 05:00:00,2015-12-31 16:30:00,L,6943.25,6930.5,-259.0,115,SL
2016-01-12 12:00:00,2016-01-12 18:00:00,L,6628.25,6615.5,-259.0,12,SL
2016-01-13 02:30:00,2016-01-13 08:30:00,L,6669.5,6656.75,-259.0,12,SL
2016-01-19 06:30:00,2016-01-19 16:00:00,L,6501.25,6488.5,-259.0,19,SL
2016-01-22 09:00:00,2016-01-22 10:00:00,L,6516.0,6503.25,-259.0,2,SL
2016-02-10 11:30:00,2016-02-10 15:00:00,L,6327.75,6315.0,-259.0,7,SL
2016-02-12 09:30:00,2016-02-12 16:00:00,L,6309.25,6296.5,-259.0,13,SL
2016-02-16 02:00:00,2016-02-16 02:30:00,L,6415.25,6402.5,-259.0,1,SL
2016-02-17 02:00:00,2016-02-17 04:30:00,L,6428.5,6415.75,-259.0,5,SL
2016-02-22 02:30:00,2016-02-23 21:30:00,L,6498.75,6486.0,-259.0,84,SL
2016-02-24 23:00:00,2016-02-25 05:00:00,L,6540.25,6527.5,-259.0,10,SL
2016-02-26 01:30:00,2016-02-26 18:00:00,L,6571.5,6558.75,-259.0,33,SL
2016-03-04 15:00:00,2016-03-04 15:00:00,L,6668.25,6655.5,-259.0,1,SL_SAMEBAR
2016-03-10 03:00:00,2016-03-10 08:30:00,L,6622.75,6610.0,-259.0,11,SL
2016-03-11 21:30:00,2016-04-04 11:00:00,L,6670.75,6870.5,3991.0,669,TP
2016-04-04 11:30:00,2016-04-04 15:30:00,L,6868.0,6855.25,-259.0,8,SL
2016-04-07 03:30:00,2016-04-07 09:30:00,L,6870.5,6857.75,-259.0,12,SL
2016-04-18 14:00:00,2016-04-18 16:00:00,S,6855.25,6868.0,-259.0,4,SL
2016-04-18 21:30:00,2016-04-19 16:00:00,L,6887.25,6874.5,-259.0,35,SL
2016-04-26 03:30:00,2016-04-26 06:30:00,L,6812.5,6799.75,-259.0,6,SL
2016-04-26 21:30:00,2016-04-26 22:30:00,S,6768.25,6781.0,-259.0,2,SL
2016-04-28 01:30:00,2016-04-28 05:30:00,L,6766.5,6753.75,-259.0,8,SL
2016-05-04 11:00:00,2016-05-05 09:00:00,S,6651.75,6664.5,-259.0,42,SL
2016-05-05 11:00:00,2016-05-05 12:00:00,L,6674.75,6662.0,-259.0,2,SL
2016-05-10 09:30:00,2016-05-10 13:30:00,L,6689.25,6676.5,-259.0,8,SL
2016-05-17 09:30:00,2016-05-17 11:30:00,L,6724.75,6712.0,-259.0,4,SL
2016-05-26 21:30:00,2016-06-10 11:30:00,L,6822.25,6809.5,-259.0,478,SL
2016-06-13 11:30:00,2016-06-13 16:30:00,S,6778.5,6791.25,-259.0,10,SL
2016-06-15 11:00:00,2016-06-15 16:30:00,L,6773.5,6760.75,-259.0,11,SL
2016-06-17 01:30:00,2016-06-17 13:30:00,L,6761.75,6749.0,-259.0,24,SL
2016-06-28 21:30:00,2016-07-08 15:00:00,L,6611.0,6810.75,3991.0,347,TP
2016-07-08 15:30:00,2016-07-26 16:00:00,L,6817.5,7017.25,3991.0,554,TP
2016-07-26 23:00:00,2016-09-12 01:00:00,L,7010.25,6997.5,-259.0,1511,SL
2016-09-15 21:30:00,2016-09-16 00:30:00,L,7165.25,7152.5,-259.0,4,SL
2016-09-19 02:00:00,2016-09-19 18:30:00,L,7164.75,7152.0,-259.0,33,SL
2016-09-21 08:30:00,2016-09-21 17:30:00,L,7165.75,7153.0,-259.0,18,SL
2016-09-22 10:00:00,2016-09-26 05:00:00,L,7199.75,7187.0,-259.0,82,SL
2016-09-26 05:30:00,2016-09-27 18:30:00,S,7191.0,7203.75,-259.0,72,SL
2016-09-28 09:30:00,2016-09-28 12:00:00,L,7209.75,7197.0,-259.0,5,SL
2016-09-30 21:30:00,2016-09-30 22:00:00,L,7226.75,7214.0,-259.0,1,SL
2016-10-04 10:30:00,2016-10-04 16:30:00,L,7224.75,7212.0,-259.0,12,SL
2016-10-07 15:00:00,2016-10-07 15:30:00,L,7226.25,7213.5,-259.0,1,SL
2016-10-14 12:00:00,2016-10-14 18:30:00,L,7158.25,7145.5,-259.0,13,SL
2016-10-18 02:30:00,2016-10-28 09:30:00,L,7155.75,7143.0,-259.0,382,SL
2016-10-31 01:00:00,2016-11-01 15:00:00,L,7148.75,7136.0,-259.0,74,SL
2016-11-07 01:00:00,2016-11-07 01:30:00,L,7077.25,7064.5,-259.0,1,SL
2016-11-09 02:00:00,2016-11-09 02:30:00,L,7167.75,7155.0,-259.0,1,SL
2016-11-10 06:30:00,2016-11-10 16:00:00,L,7182.75,7170.0,-259.0,19,SL
2016-11-18 01:00:00,2016-11-18 10:30:00,L,7176.75,7164.0,-259.0,19,SL
2016-11-21 21:30:00,2016-11-23 16:00:00,L,7196.5,7183.75,-259.0,81,SL
2016-11-25 02:30:00,2016-11-28 09:30:00,L,7208.75,7196.0,-259.0,53,SL
2016-12-05 09:30:00,2016-12-05 16:00:00,L,7104.25,7091.5,-259.0,13,SL
2016-12-07 21:30:00,2017-01-10 18:00:00,L,7188.75,7388.5,3991.0,1005,TP
2017-01-10 21:30:00,2017-01-11 17:30:00,L,7379.75,7367.0,-259.0,38,SL
2017-01-11 22:30:00,2017-01-12 05:30:00,L,7393.5,7380.75,-259.0,12,SL
2017-01-13 12:00:00,2017-01-17 13:00:00,L,7391.25,7378.5,-259.0,86,SL
2017-01-25 01:00:00,2017-01-31 16:30:00,L,7450.5,7437.75,-259.0,215,SL
2017-02-01 08:00:00,2017-02-02 07:00:00,L,7481.5,7468.75,-259.0,44,SL
2017-02-07 10:30:00,2017-03-01 12:00:00,L,7510.0,7709.75,3991.0,731,TP
2017-03-10 01:00:00,2017-03-14 16:00:00,L,7719.0,7706.25,-259.0,124,SL
2017-03-15 21:30:00,2017-03-16 17:00:00,L,7761.25,7748.5,-259.0,37,SL
2017-03-21 03:00:00,2017-03-21 15:30:00,L,7770.5,7757.75,-259.0,25,SL
2017-03-23 01:30:00,2017-03-23 09:30:00,L,7718.75,7706.0,-259.0,16,SL
2017-03-24 15:00:00,2017-03-24 20:00:00,L,7721.0,7708.25,-259.0,10,SL
2017-03-28 01:30:00,2017-03-28 14:30:00,L,7728.25,7715.5,-259.0,26,SL
2017-03-29 21:30:00,2017-04-03 17:30:00,L,7772.25,7759.5,-259.0,130,SL
2017-04-05 14:30:00,2017-04-05 21:30:00,L,7790.5,7777.75,-259.0,14,SL
2017-04-17 22:00:00,2017-04-18 11:00:00,L,7742.0,7729.25,-259.0,24,SL
2017-04-19 12:00:00,2017-04-19 22:00:00,L,7747.75,7735.0,-259.0,20,SL
2017-04-21 08:30:00,2017-04-21 16:00:00,L,7797.25,7784.5,-259.0,15,SL
2017-04-24 01:00:00,2017-05-15 00:30:00,L,7833.25,8033.0,3991.0,689,TP
2017-05-15 01:00:00,2017-05-17 15:30:00,L,8034.25,8021.5,-259.0,121,SL
2017-05-25 01:00:00,2017-06-09 21:00:00,L,8077.0,8064.25,-259.0,539,SL
2017-06-13 21:30:00,2017-06-14 21:00:00,L,8088.5,8075.75,-259.0,45,SL
2017-06-19 12:00:00,2017-06-21 03:00:00,L,8062.5,8049.75,-259.0,74,SL
2017-06-22 06:00:00,2017-06-22 11:30:00,L,8131.5,8118.75,-259.0,11,SL
2017-06-26 04:00:00,2017-06-26 17:00:00,L,8150.5,8137.75,-259.0,26,SL
2017-07-03 15:30:00,2017-07-03 16:00:00,L,8021.5,8008.75,-259.0,1,SL
2017-07-05 15:30:00,2017-07-05 16:00:00,L,7953.5,7940.75,-259.0,1,SL
2017-07-07 21:30:00,2017-07-10 16:00:00,L,7999.25,7986.5,-259.0,35,SL
2017-07-11 21:30:00,2017-07-19 16:00:00,L,8046.5,8246.25,3991.0,265,TP
2017-07-19 21:30:00,2017-07-20 17:00:00,L,8254.25,8241.5,-259.0,37,SL
2017-07-20 22:00:00,2017-07-21 04:30:00,L,8260.0,8247.25,-259.0,11,SL
2017-07-24 21:30:00,2017-07-24 23:00:00,L,8274.0,8261.25,-259.0,3,SL
2017-07-26 14:30:00,2017-07-27 19:00:00,L,8281.25,8268.5,-259.0,55,SL
2017-08-08 21:30:00,2017-08-08 21:30:00,L,8282.5,8269.75,-259.0,1,SL_SAMEBAR
2017-08-14 01:00:00,2017-08-17 19:00:00,L,8182.75,8170.0,-259.0,174,SL
2017-08-22 03:00:00,2017-08-24 18:00:00,L,8151.75,8139.0,-259.0,122,SL
2017-08-29 21:30:00,2017-09-25 17:00:00,L,8203.5,8190.75,-259.0,857,SL
2017-09-25 21:30:00,2017-09-25 22:00:00,S,8183.5,8196.25,-259.0,1,SL
2017-09-27 10:00:00,2017-09-27 12:00:00,L,8240.25,8227.5,-259.0,4,SL
2017-10-04 22:00:00,2017-10-27 18:30:00,L,8332.5,8532.25,3991.0,775,TP
2017-10-30 01:30:00,2017-10-30 03:30:00,L,8548.25,8535.5,-259.0,4,SL
2017-10-31 21:30:00,2017-11-01 18:30:00,L,8579.25,8566.5,-259.0,40,SL
2017-11-03 14:00:00,2017-11-03 15:00:00,L,8590.75,8578.0,-259.0,2,SL
2017-11-06 01:00:00,2017-11-06 02:30:00,L,8624.5,8611.75,-259.0,3,SL
2017-11-07 02:30:00,2017-11-07 14:00:00,L,8645.25,8632.5,-259.0,23,SL
2017-11-08 21:30:00,2017-11-09 06:30:00,L,8669.5,8656.75,-259.0,16,SL
2017-11-16 11:30:00,2017-12-01 17:30:00,L,8622.5,8609.75,-259.0,503,SL
2017-12-04 01:00:00,2017-12-04 09:30:00,L,8703.75,8691.0,-259.0,17,SL
2017-12-13 15:00:00,2017-12-13 18:30:00,L,8735.25,8722.5,-259.0,7,SL
2017-12-15 21:30:00,2017-12-20 16:00:00,L,8789.5,8776.75,-259.0,127,SL
2017-12-28 13:30:00,2017-12-28 16:00:00,L,8784.5,8771.75,-259.0,5,SL
2018-01-02 21:30:00,2018-01-11 22:00:00,L,8822.75,9022.5,3991.0,323,TP
2018-01-11 22:30:00,2018-01-12 15:00:00,L,9026.0,9013.25,-259.0,31,SL
2018-01-12 21:30:00,2018-01-16 20:30:00,L,9072.25,9059.5,-259.0,82,SL
2018-01-16 21:30:00,2018-01-16 21:30:00,S,9053.75,9066.5,-259.0,1,SL_SAMEBAR
2018-01-18 02:30:00,2018-01-18 03:00:00,L,9143.25,9130.5,-259.0,1,SL
2018-01-19 10:30:00,2018-01-19 15:00:00,L,9147.0,9134.25,-259.0,9,SL
2018-01-22 21:30:00,2018-02-02 10:30:00,L,9202.75,9190.0,-259.0,392,SL
2018-02-21 21:30:00,2018-02-21 21:30:00,L,9157.5,9144.75,-259.0,1,SL_SAMEBAR
2018-03-05 12:00:00,2018-03-05 13:00:00,L,9132.25,9119.5,-259.0,2,SL
2018-03-06 08:30:00,2018-03-06 17:00:00,L,9213.5,9200.75,-259.0,17,SL
2018-03-09 01:00:00,2018-03-09 06:00:00,L,9286.75,9274.0,-259.0,10,SL
2018-03-12 01:00:00,2018-03-13 16:30:00,L,9429.5,9416.75,-259.0,77,SL
2018-03-19 02:00:00,2018-03-19 18:30:00,S,9314.5,9114.75,3991.0,33,TP
2018-03-26 21:30:00,2018-03-27 20:00:00,L,9005.0,8992.25,-259.0,43,SL
2018-03-29 21:30:00,2018-03-29 21:30:00,L,8915.75,8903.0,-259.0,1,SL_SAMEBAR
2018-04-04 21:30:00,2018-04-06 01:30:00,L,8814.5,8801.75,-259.0,52,SL
2018-04-10 05:00:00,2018-04-10 05:00:00,L,8901.75,8889.0,-259.0,1,SL_SAMEBAR
2018-04-16 22:30:00,2018-04-17 00:30:00,L,8996.75,8984.0,-259.0,2,SL
2018-04-17 03:00:00,2018-04-17 04:00:00,L,9005.75,8993.0,-259.0,2,SL
2018-04-24 21:30:00,2018-04-24 22:00:00,S,8786.0,8798.75,-259.0,1,SL
2018-04-26 01:00:00,2018-04-26 07:30:00,L,8876.5,8863.75,-259.0,13,SL
2018-05-04 21:30:00,2018-05-04 22:00:00,L,9060.0,9047.25,-259.0,1,SL
2018-05-09 10:00:00,2018-05-09 16:00:00,L,9121.25,9108.5,-259.0,12,SL
2018-05-10 03:30:00,2018-05-15 16:00:00,L,9185.0,9172.25,-259.0,163,SL
2018-05-25 04:00:00,2018-05-25 14:00:00,L,9258.75,9246.0,-259.0,20,SL
2018-05-28 08:30:00,2018-05-28 10:00:00,L,9287.5,9274.75,-259.0,3,SL
2018-06-05 02:30:00,2018-06-05 03:30:00,L,9435.25,9422.5,-259.0,2,SL
2018-06-06 03:00:00,2018-06-06 15:30:00,L,9471.25,9458.5,-259.0,25,SL
2018-06-07 03:30:00,2018-06-07 14:00:00,L,9506.0,9493.25,-259.0,21,SL
2018-06-11 21:30:00,2018-06-11 22:00:00,L,9467.5,9454.75,-259.0,1,SL
2018-06-21 04:00:00,2018-06-21 10:00:00,L,9596.25,9583.5,-259.0,12,SL
2018-06-29 05:00:00,2018-06-29 22:00:00,L,9336.25,9323.5,-259.0,34,SL
2018-07-03 03:30:00,2018-07-03 04:00:00,L,9379.5,9366.75,-259.0,1,SL
2018-07-06 06:30:00,2018-07-06 10:00:00,L,9387.75,9375.0,-259.0,7,SL
2018-07-10 01:00:00,2018-07-10 16:00:00,L,9563.25,9550.5,-259.0,30,SL
2018-07-12 06:30:00,2018-07-12 10:00:00,L,9549.75,9537.0,-259.0,7,SL
2018-07-24 01:30:00,2018-07-24 19:00:00,L,9692.5,9679.75,-259.0,35,SL
2018-08-02 21:30:00,2018-08-03 16:00:00,L,9635.5,9622.75,-259.0,35,SL
2018-08-06 04:00:00,2018-08-06 10:00:00,L,9674.75,9662.0,-259.0,12,SL
2018-08-07 04:00:00,2018-08-10 08:00:00,L,9709.5,9696.75,-259.0,146,SL
2018-08-13 05:00:00,2018-08-13 08:30:00,S,9650.0,9662.75,-259.0,7,SL
2018-08-23 21:30:00,2018-08-23 22:00:00,L,9704.5,9691.75,-259.0,1,SL
2018-08-24 21:30:00,2018-08-30 19:00:00,L,9750.5,9950.25,3991.0,179,TP
2018-09-04 09:30:00,2018-09-04 11:30:00,L,9946.75,9934.0,-259.0,4,SL
2018-09-11 05:30:00,2018-09-11 10:00:00,L,9743.25,9730.5,-259.0,9,SL
2018-09-12 09:30:00,2018-09-12 14:00:00,L,9784.5,9771.75,-259.0,9,SL
2018-09-13 21:30:00,2018-09-13 22:00:00,L,9825.5,9812.75,-259.0,1,SL
2018-09-14 08:30:00,2018-09-14 16:00:00,L,9843.0,9830.25,-259.0,15,SL
2018-09-25 13:00:00,2018-09-25 15:30:00,L,9825.75,9813.0,-259.0,5,SL
2018-09-26 01:30:00,2018-09-26 22:00:00,L,9835.0,9822.25,-259.0,41,SL
2018-09-27 21:30:00,2018-09-27 22:00:00,L,9899.75,9887.0,-259.0,1,SL
2018-10-01 01:00:00,2018-10-01 21:00:00,L,9913.0,9900.25,-259.0,40,SL
2018-10-05 21:30:00,2018-10-08 00:30:00,S,9663.5,9676.25,-259.0,4,SL
2018-10-12 07:30:00,2018-10-12 08:00:00,L,9369.75,9357.0,-259.0,1,SL
2018-10-16 21:30:00,2018-10-17 16:30:00,L,9491.0,9478.25,-259.0,36,SL
2018-10-24 05:30:00,2018-10-24 06:30:00,L,9395.75,9383.0,-259.0,2,SL
2018-10-24 21:30:00,2018-10-25 12:00:00,S,9168.75,9181.5,-259.0,27,SL
2018-10-29 11:00:00,2018-10-29 15:00:00,L,9181.0,9168.25,-259.0,8,SL
2018-11-06 22:00:00,2018-11-07 02:00:00,L,9230.25,9217.5,-259.0,6,SL
2018-11-07 02:30:00,2018-11-07 04:30:00,L,9266.5,9253.75,-259.0,4,SL
2018-11-12 14:30:00,2018-11-12 15:30:00,S,9220.25,9233.0,-259.0,2,SL
2018-11-19 09:30:00,2018-11-19 10:30:00,L,9146.75,9134.0,-259.0,2,SL
2018-11-23 15:00:00,2018-11-23 15:00:00,S,8737.75,8750.5,-259.0,1,SL_SAMEBAR
2018-11-26 09:30:00,2018-11-28 18:30:00,L,8833.25,9033.0,3991.0,110,TP
2018-11-28 21:30:00,2018-11-29 17:00:00,L,9102.25,9089.5,-259.0,37,SL
2018-11-30 21:30:00,2018-11-30 22:00:00,L,9175.5,9162.75,-259.0,1,SL
2018-12-03 01:00:00,2018-12-03 01:30:00,L,9319.75,9307.0,-259.0,1,SL
2018-12-11 11:30:00,2018-12-11 18:30:00,L,8946.25,8933.5,-259.0,14,SL
2018-12-12 15:00:00,2018-12-12 16:00:00,L,9040.5,9027.75,-259.0,2,SL
2018-12-26 21:30:00,2018-12-27 11:00:00,L,8370.5,8357.75,-259.0,25,SL
2019-01-02 01:00:00,2019-01-02 03:00:00,L,8583.5,8570.75,-259.0,4,SL
2019-01-04 21:30:00,2019-01-07 12:30:00,L,8623.25,8610.5,-259.0,28,SL
2019-01-08 10:00:00,2019-01-08 11:30:00,L,8742.5,8729.75,-259.0,3,SL
2019-01-09 02:30:00,2019-01-09 09:00:00,L,8793.0,8780.25,-259.0,13,SL
2019-01-17 22:30:00,2019-01-17 22:30:00,L,8944.0,8931.25,-259.0,1,SL_SAMEBAR
2019-01-18 15:00:00,2019-01-18 16:00:00,L,8966.75,8954.0,-259.0,2,SL
2019-01-22 04:00:00,2019-01-25 15:00:00,S,8947.5,8960.25,-259.0,160,SL
2019-01-29 21:30:00,2019-01-29 22:00:00,S,8835.5,8848.25,-259.0,1,SL
2019-02-04 21:30:00,2019-02-04 22:30:00,L,9158.5,9145.75,-259.0,2,SL
2019-02-05 21:30:00,2019-02-05 22:30:00,L,9229.25,9216.5,-259.0,2,SL
2019-02-11 10:00:00,2019-02-11 17:30:00,L,9133.0,9120.25,-259.0,15,SL
2019-02-15 15:00:00,2019-02-15 16:00:00,L,9264.25,9251.5,-259.0,2,SL
2019-02-19 03:00:00,2019-02-19 06:30:00,L,9289.5,9276.75,-259.0,7,SL
2019-02-21 05:00:00,2019-02-21 07:30:00,L,9311.75,9299.0,-259.0,5,SL
2019-02-25 01:00:00,2019-02-26 02:30:00,L,9320.0,9307.25,-259.0,49,SL
2019-03-01 03:00:00,2019-03-01 17:30:00,L,9337.5,9324.75,-259.0,29,SL
2019-03-04 01:00:00,2019-03-04 09:30:00,L,9407.5,9394.75,-259.0,17,SL
2019-03-11 01:00:00,2019-03-11 01:00:00,L,9237.5,9224.75,-259.0,1,SL_SAMEBAR
2019-03-11 01:30:00,2019-03-11 03:00:00,S,9217.0,9229.75,-259.0,3,SL
2019-03-13 13:00:00,2019-03-20 19:30:00,L,9429.75,9629.5,3991.0,243,TP
2019-03-21 21:30:00,2019-03-22 04:30:00,L,9706.0,9693.25,-259.0,12,SL
2019-04-01 01:00:00,2019-04-11 02:00:00,L,9632.25,9832.0,3991.0,370,TP
2019-04-11 02:30:00,2019-04-11 05:30:00,L,9831.25,9818.5,-259.0,6,SL
2019-04-12 14:30:00,2019-04-12 15:30:00,L,9840.25,9827.5,-259.0,2,SL
2019-04-16 02:30:00,2019-04-25 00:30:00,L,9838.25,10038.0,3991.0,272,TP
2019-04-25 01:00:00,2019-04-25 16:00:00,L,10039.5,10026.75,-259.0,30,SL
2019-04-29 06:00:00,2019-04-29 13:00:00,L,10024.75,10012.0,-259.0,14,SL
2019-05-03 21:30:00,2019-05-06 00:30:00,L,10027.25,9988.75,-774.0,4,SL
2019-05-07 21:30:00,2019-05-07 22:00:00,S,9792.25,9805.0,-259.0,1,SL
2019-05-10 02:30:00,2019-05-10 02:30:00,L,9823.75,9811.0,-259.0,1,SL_SAMEBAR
2019-05-28 04:00:00,2019-05-28 09:30:00,L,9517.75,9505.0,-259.0,11,SL
2019-05-28 22:00:00,2019-06-03 00:30:00,S,9471.75,9272.0,3991.0,141,TP
2019-06-04 21:30:00,2019-06-07 16:00:00,L,9319.0,9518.75,3991.0,127,TP
2019-06-11 15:00:00,2019-06-11 16:00:00,L,9757.75,9745.0,-259.0,2,SL
2019-06-20 01:00:00,2019-06-25 16:30:00,L,9866.75,9854.0,-259.0,169,SL
2019-06-28 22:30:00,2019-07-10 16:00:00,L,9869.75,10069.5,3991.0,326,TP
2019-07-15 05:30:00,2019-07-16 18:30:00,L,10120.75,10108.0,-259.0,72,SL
2019-08-08 03:30:00,2019-08-08 10:30:00,L,9730.75,9718.0,-259.0,14,SL
2019-08-13 21:30:00,2019-08-13 22:00:00,L,9904.0,9891.25,-259.0,1,SL
2019-08-16 10:30:00,2019-08-16 15:30:00,L,9726.0,9713.25,-259.0,10,SL
2019-08-29 09:30:00,2019-09-02 00:30:00,L,9759.0,9746.25,-259.0,74,SL
2019-09-11 21:30:00,2019-09-16 00:30:00,L,10021.25,10008.5,-259.0,96,SL
2019-09-18 22:30:00,2019-09-19 02:00:00,L,10053.75,10041.0,-259.0,5,SL
2019-10-01 03:00:00,2019-10-01 16:30:00,L,9921.0,9908.25,-259.0,27,SL
2019-10-10 21:30:00,2019-10-15 17:00:00,L,9871.25,10071.0,3991.0,129,TP
2019-10-15 21:30:00,2019-10-15 22:00:00,L,10094.25,10081.5,-259.0,1,SL
2019-10-17 10:30:00,2019-10-17 17:00:00,L,10092.5,10079.75,-259.0,13,SL
2019-10-22 02:30:00,2019-10-22 10:30:00,L,10084.0,10071.25,-259.0,16,SL
2019-10-28 01:30:00,2019-10-28 08:30:00,L,10195.0,10182.25,-259.0,14,SL
2019-10-30 22:00:00,2019-10-31 10:30:00,L,10251.0,10238.25,-259.0,23,SL
2019-11-01 15:00:00,2019-11-01 17:30:00,L,10271.25,10258.5,-259.0,5,SL
2019-11-04 01:00:00,2019-11-06 18:00:00,L,10309.5,10296.75,-259.0,126,SL
2019-11-07 08:30:00,2019-11-07 21:30:00,L,10360.5,10347.75,-259.0,26,SL
2019-11-12 07:00:00,2019-11-12 11:00:00,L,10394.0,10381.25,-259.0,8,SL
2019-11-14 03:00:00,2019-11-14 03:30:00,L,10413.75,10401.0,-259.0,1,SL
2019-11-15 02:00:00,2019-11-20 19:00:00,L,10417.75,10405.0,-259.0,172,SL
2019-11-26 01:30:00,2019-11-26 10:30:00,L,10511.5,10498.75,-259.0,18,SL
2019-11-27 10:30:00,2019-11-27 16:00:00,L,10554.25,10541.5,-259.0,11,SL
2019-11-29 07:30:00,2019-11-29 10:00:00,S,10545.5,10558.25,-259.0,5,SL
2019-12-02 04:00:00,2019-12-02 08:30:00,L,10583.25,10570.5,-259.0,9,SL
2019-12-02 21:30:00,2019-12-06 07:30:00,S,10462.5,10475.25,-259.0,156,SL
2019-12-06 10:30:00,2019-12-06 14:30:00,L,10472.25,10459.5,-259.0,8,SL
2019-12-11 21:30:00,2019-12-11 22:00:00,L,10539.75,10527.0,-259.0,1,SL
2019-12-12 01:00:00,2019-12-12 14:30:00,L,10543.25,10530.5,-259.0,27,SL
2019-12-13 01:00:00,2019-12-13 14:00:00,L,10629.75,10617.0,-259.0,26,SL
2019-12-16 04:00:00,2019-12-26 14:30:00,L,10656.75,10856.5,3991.0,337,TP
2019-12-26 15:00:00,2019-12-30 16:00:00,L,10854.25,10841.5,-259.0,94,SL
2020-01-02 01:00:00,2020-01-03 11:00:00,L,10890.5,10877.75,-259.0,66,SL
2020-01-07 03:00:00,2020-01-07 09:00:00,L,10980.75,10968.0,-259.0,12,SL
2020-01-08 21:30:00,2020-01-08 22:00:00,L,11057.5,11044.75,-259.0,1,SL
2020-01-09 08:30:00,2020-01-09 19:00:00,L,11080.0,11067.25,-259.0,21,SL
2020-01-10 02:00:00,2020-01-10 16:00:00,L,11130.0,11117.25,-259.0,28,SL
2020-01-13 21:30:00,2020-01-14 09:30:00,L,11179.75,11167.0,-259.0,22,SL
2020-01-16 10:00:00,2020-01-16 17:30:00,L,11203.75,11191.0,-259.0,15,SL
2020-01-17 01:00:00,2020-01-17 06:30:00,L,11254.5,11241.75,-259.0,11,SL
2020-01-21 21:30:00,2020-01-21 22:00:00,L,11294.75,11282.0,-259.0,1,SL
2020-01-22 03:30:00,2020-01-22 23:00:00,L,11307.5,11294.75,-259.0,39,SL
2020-01-24 01:00:00,2020-01-24 16:30:00,L,11368.0,11355.25,-259.0,31,SL
2020-01-28 21:30:00,2020-01-28 22:00:00,L,11219.0,11206.25,-259.0,1,SL
2020-02-04 03:00:00,2020-02-04 03:30:00,L,11263.5,11250.75,-259.0,1,SL
2020-02-06 23:00:00,2020-02-07 02:00:00,L,11570.5,11557.75,-259.0,4,SL
2020-02-07 07:30:00,2020-02-07 08:30:00,L,11571.75,11559.0,-259.0,2,SL
2020-02-10 21:30:00,2020-02-19 15:30:00,L,11600.0,11799.75,3991.0,302,TP
2020-02-19 21:30:00,2020-02-19 22:00:00,L,11849.75,11837.0,-259.0,1,SL
2020-02-20 01:30:00,2020-02-20 03:00:00,L,11856.5,11843.75,-259.0,3,SL
2020-03-06 03:00:00,2020-03-06 12:00:00,S,10718.0,10518.25,3991.0,18,TP
2020-03-10 06:30:00,2020-03-10 08:30:00,L,10348.0,10335.25,-259.0,4,SL
2020-03-20 08:30:00,2020-03-20 12:30:00,L,9621.75,9609.0,-259.0,8,SL
2020-03-23 04:30:00,2020-03-23 04:30:00,L,8917.25,8904.5,-259.0,1,SL_SAMEBAR
2020-03-26 21:30:00,2020-03-26 21:30:00,L,9986.5,9973.75,-259.0,1,SL_SAMEBAR
2020-04-13 22:00:00,2020-04-13 22:30:00,L,10445.5,10432.75,-259.0,1,SL
2020-04-14 01:00:00,2020-04-14 02:30:00,L,10472.25,10459.5,-259.0,3,SL
2020-04-16 21:30:00,2020-04-17 00:30:00,L,10826.75,11028.5,4031.0,4,TP
2020-04-29 21:30:00,2020-04-29 22:00:00,L,11098.25,11085.5,-259.0,1,SL
2020-05-07 09:30:00,2020-05-07 16:30:00,L,11175.75,11163.0,-259.0,14,SL
2020-05-11 02:00:00,2020-05-11 11:00:00,L,11357.25,11344.5,-259.0,18,SL
2020-05-20 21:30:00,2020-05-20 22:00:00,L,11595.0,11582.25,-259.0,1,SL
2020-05-25 01:00:00,2020-05-25 04:00:00,L,11549.5,11536.75,-259.0,6,SL
2020-05-26 03:30:00,2020-05-26 16:00:00,L,11655.75,11643.0,-259.0,25,SL
2020-06-03 02:00:00,2020-06-03 04:30:00,L,11789.25,11776.5,-259.0,5,SL
2020-06-05 21:30:00,2020-06-05 22:00:00,L,11942.0,11929.25,-259.0,1,SL
2020-06-09 08:00:00,2020-06-09 09:00:00,L,12020.25,12007.5,-259.0,2,SL
2020-06-10 04:00:00,2020-06-10 08:30:00,L,12124.5,12111.75,-259.0,9,SL
2020-06-19 08:30:00,2020-06-19 18:30:00,L,12162.25,12149.5,-259.0,20,SL
2020-06-22 21:30:00,2020-06-22 21:30:00,L,12246.5,12233.75,-259.0,1,SL_SAMEBAR
2020-07-02 08:30:00,2020-07-02 09:30:00,L,12443.25,12430.5,-259.0,2,SL
2020-07-06 01:00:00,2020-07-06 17:30:00,L,12523.0,12722.75,3991.0,33,TP
2020-07-10 21:30:00,2020-07-13 16:00:00,L,12925.25,13125.0,3991.0,35,TP
2020-07-13 21:30:00,2020-07-13 21:30:00,L,13003.75,12991.0,-259.0,1,SL_SAMEBAR
2020-07-20 15:00:00,2020-07-20 16:00:00,L,12803.0,12790.25,-259.0,2,SL
2020-07-23 09:00:00,2020-07-23 09:30:00,L,13049.5,13036.75,-259.0,1,SL
2020-08-03 03:30:00,2020-08-03 04:30:00,L,13072.25,13059.5,-259.0,2,SL
2020-08-05 06:00:00,2020-08-05 15:30:00,L,13228.0,13215.25,-259.0,19,SL
2020-08-06 21:30:00,2020-08-06 22:00:00,L,13383.0,13370.25,-259.0,1,SL
2020-08-11 21:30:00,2020-08-11 21:30:00,S,13061.0,13073.75,-259.0,1,SL_SAMEBAR
2020-08-12 21:30:00,2020-08-12 22:00:00,L,13291.0,13278.25,-259.0,1,SL
2020-08-19 01:30:00,2020-08-19 02:30:00,L,13548.5,13535.75,-259.0,2,SL
2020-08-20 21:30:00,2020-08-21 13:00:00,L,13596.25,13583.5,-259.0,29,SL
2020-08-24 01:00:00,2020-08-24 02:30:00,L,13714.0,13701.25,-259.0,3,SL
2020-08-25 22:30:00,2020-08-26 18:30:00,L,13855.75,14055.5,3991.0,38,TP
2020-08-26 21:30:00,2020-08-27 19:00:00,L,14019.0,14006.25,-259.0,41,SL
2020-08-31 01:00:00,2020-08-31 14:30:00,L,14151.5,14138.75,-259.0,27,SL
2020-09-01 04:00:00,2020-09-01 06:00:00,L,14298.25,14285.5,-259.0,4,SL
2020-09-08 01:00:00,2020-09-08 01:30:00,L,13705.5,13692.75,-259.0,1,SL
2020-09-08 12:00:00,2020-09-08 13:00:00,S,13440.0,13452.75,-259.0,2,SL
2020-09-18 21:30:00,2020-09-18 21:30:00,S,13037.5,13050.25,-259.0,1,SL_SAMEBAR
2020-09-22 02:00:00,2020-09-22 03:30:00,L,13156.0,13143.25,-259.0,3,SL
2020-09-25 21:30:00,2020-09-28 12:30:00,L,13253.5,13453.25,3991.0,28,TP
2020-10-01 12:00:00,2020-10-01 16:00:00,L,13672.25,13659.5,-259.0,8,SL
2020-10-26 08:30:00,2020-10-26 12:30:00,S,13718.25,13731.0,-259.0,8,SL
2020-10-26 15:00:00,2020-10-26 15:30:00,L,13786.25,13773.5,-259.0,1,SL
2020-11-03 21:30:00,2020-11-03 22:00:00,L,13420.0,13407.25,-259.0,1,SL
2020-11-09 01:00:00,2020-11-09 13:30:00,L,14370.75,14358.0,-259.0,25,SL
2020-11-09 22:00:00,2020-11-10 00:30:00,S,14014.0,14026.75,-259.0,3,SL
2020-11-11 22:30:00,2020-11-12 00:30:00,L,14047.75,14035.0,-259.0,2,SL
2020-11-17 01:00:00,2020-11-17 01:00:00,L,14221.0,14208.25,-259.0,1,SL_SAMEBAR
2020-11-20 06:00:00,2020-11-20 07:00:00,L,14146.25,14133.5,-259.0,2,SL
2020-11-24 21:30:00,2020-11-27 16:30:00,L,14219.5,14419.25,3991.0,120,TP
2020-11-30 01:00:00,2020-11-30 01:00:00,L,14476.75,14464.0,-259.0,1,SL_SAMEBAR
2020-12-01 01:00:00,2020-12-02 16:00:00,L,14483.5,14470.75,-259.0,76,SL
2020-12-03 01:00:00,2020-12-03 01:30:00,L,14619.75,14607.0,-259.0,1,SL
2020-12-07 01:00:00,2020-12-07 01:30:00,L,14699.5,14686.75,-259.0,1,SL
2020-12-08 21:30:00,2020-12-09 09:30:00,L,14787.5,14774.75,-259.0,22,SL
2020-12-14 01:00:00,2020-12-14 06:30:00,L,14566.25,14553.5,-259.0,11,SL
2020-12-17 05:30:00,2020-12-17 18:00:00,L,14851.75,14839.0,-259.0,25,SL
2020-12-18 10:30:00,2020-12-18 10:30:00,L,14913.75,14901.0,-259.0,1,SL_SAMEBAR
2021-01-04 08:30:00,2021-01-04 16:00:00,L,15043.0,15030.25,-259.0,15,SL
2021-01-07 21:30:00,2021-01-08 22:30:00,L,15064.75,15264.5,3991.0,48,TP
2021-01-14 02:30:00,2021-01-14 04:00:00,L,15150.0,15137.25,-259.0,3,SL
2021-01-19 01:00:00,2021-01-19 23:00:00,L,14972.0,15171.75,3991.0,44,TP
2021-01-25 01:00:00,2021-01-25 01:30:00,L,15549.25,15536.5,-259.0,1,SL
2021-01-26 22:30:00,2021-01-26 23:00:00,L,15701.5,15688.75,-259.0,1,SL
2021-02-01 21:30:00,2021-02-01 22:00:00,L,15397.0,15384.25,-259.0,1,SL
2021-02-05 03:30:00,2021-02-05 16:00:00,L,15715.75,15703.0,-259.0,25,SL
2021-02-08 01:00:00,2021-02-08 01:30:00,L,15785.5,15772.75,-259.0,1,SL
2021-02-09 21:30:00,2021-02-09 21:30:00,L,15852.0,15839.25,-259.0,1,SL_SAMEBAR
2021-02-10 04:30:00,2021-02-10 13:00:00,L,15882.25,15869.5,-259.0,17,SL
2021-02-12 21:30:00,2021-02-16 18:30:00,L,15890.75,15878.0,-259.0,78,SL
2021-03-01 08:30:00,2021-03-01 11:00:00,L,15236.5,15223.75,-259.0,5,SL
2021-03-09 21:30:00,2021-03-09 22:00:00,L,14982.25,14969.5,-259.0,1,SL
2021-03-15 01:00:00,2021-03-15 01:00:00,L,15122.75,15110.0,-259.0,1,SL_SAMEBAR
2021-03-16 02:30:00,2021-03-17 12:30:00,L,15246.5,15233.75,-259.0,66,SL
2021-03-22 01:00:00,2021-03-22 01:30:00,L,15025.0,15012.25,-259.0,1,SL
2021-03-31 21:30:00,2021-03-31 22:00:00,L,15274.75,15262.0,-259.0,1,SL
2021-04-05 15:00:00,2021-04-05 20:00:00,L,15550.25,15750.0,3991.0,10,TP
2021-04-08 02:00:00,2021-04-08 02:30:00,L,15798.25,15785.5,-259.0,1,SL
2021-04-13 15:00:00,2021-04-14 20:30:00,L,15989.5,15976.75,-259.0,57,SL
2021-04-15 22:00:00,2021-04-15 22:00:00,L,16186.25,16173.5,-259.0,1,SL_SAMEBAR
2021-04-23 21:30:00,2021-04-23 22:00:00,L,16118.5,16105.75,-259.0,1,SL
2021-04-27 08:00:00,2021-04-27 09:00:00,L,16196.5,16183.75,-259.0,2,SL
2021-05-03 21:30:00,2021-05-04 16:00:00,S,15969.5,15769.75,3991.0,35,TP
2021-05-07 01:00:00,2021-05-07 09:30:00,L,15769.0,15756.25,-259.0,17,SL
2021-05-14 11:30:00,2021-05-14 15:00:00,L,15381.0,15368.25,-259.0,7,SL
2021-05-20 10:00:00,2021-05-20 10:30:00,L,15400.25,15387.5,-259.0,1,SL
2021-05-28 13:00:00,2021-05-28 14:30:00,L,15878.0,15865.25,-259.0,3,SL
2021-06-01 22:00:00,2021-06-02 14:30:00,S,15808.25,15821.0,-259.0,31,SL
2021-06-04 21:30:00,2021-06-04 22:00:00,L,15932.25,15919.5,-259.0,1,SL
2021-06-08 01:30:00,2021-06-08 09:30:00,L,15981.25,15968.5,-259.0,16,SL
2021-06-10 21:30:00,2021-06-10 22:00:00,L,16115.25,16102.5,-259.0,1,SL
2021-06-14 01:00:00,2021-06-14 15:30:00,L,16177.75,16165.0,-259.0,29,SL
2021-06-15 02:30:00,2021-06-15 15:00:00,L,16293.75,16281.0,-259.0,25,SL
2021-06-17 21:30:00,2021-06-17 22:00:00,L,16331.75,16319.0,-259.0,1,SL
2021-06-23 02:30:00,2021-06-23 09:30:00,L,16447.0,16434.25,-259.0,14,SL
2021-06-24 10:30:00,2021-06-28 21:30:00,L,16483.5,16683.25,3991.0,114,TP
2021-06-28 22:00:00,2021-06-28 23:00:00,L,16678.0,16665.25,-259.0,2,SL
2021-06-30 01:30:00,2021-06-30 08:00:00,L,16752.5,16739.75,-259.0,13,SL
2021-07-01 10:00:00,2021-07-01 10:30:00,L,16766.25,16753.5,-259.0,1,SL
2021-07-01 12:30:00,2021-07-01 14:00:00,S,16685.5,16698.25,-259.0,3,SL
2021-07-02 14:30:00,2021-07-02 15:00:00,L,16774.0,16761.25,-259.0,1,SL
2021-07-06 02:30:00,2021-07-06 03:30:00,L,16889.5,16876.75,-259.0,2,SL
2021-07-07 05:30:00,2021-07-07 07:30:00,L,16957.75,16945.0,-259.0,4,SL
2021-07-09 21:30:00,2021-07-09 22:00:00,L,16989.75,16977.0,-259.0,1,SL
2021-07-12 01:00:00,2021-07-12 02:30:00,L,16999.75,16987.0,-259.0,3,SL
2021-07-13 11:00:00,2021-07-13 15:00:00,L,17056.25,17043.5,-259.0,8,SL
2021-07-20 21:30:00,2021-07-20 22:00:00,L,16919.5,16906.75,-259.0,1,SL
2021-07-21 21:30:00,2021-07-23 03:00:00,L,16955.5,17155.25,3991.0,55,TP
2021-07-23 03:30:00,2021-07-23 04:00:00,L,17159.75,17147.0,-259.0,1,SL
2021-07-26 01:30:00,2021-07-26 02:30:00,L,17285.0,17272.25,-259.0,2,SL
2021-08-02 01:00:00,2021-08-02 16:00:00,L,17160.5,17147.75,-259.0,30,SL
2021-08-04 07:00:00,2021-08-04 14:00:00,L,17217.75,17205.0,-259.0,14,SL
2021-08-05 12:00:00,2021-08-05 15:00:00,L,17275.75,17263.0,-259.0,6,SL
2021-08-10 10:30:00,2021-08-10 10:30:00,L,17313.25,17300.5,-259.0,1,SL_SAMEBAR
2021-08-13 10:00:00,2021-08-13 12:00:00,L,17258.25,17245.5,-259.0,4,SL
2021-08-18 22:00:00,2021-08-19 17:30:00,S,17064.25,17077.0,-259.0,37,SL
2021-08-20 21:30:00,2021-08-23 17:00:00,L,17233.25,17433.0,3991.0,37,TP
2021-08-25 10:30:00,2021-08-25 11:30:00,L,17551.75,17539.0,-259.0,2,SL
2021-08-27 21:30:00,2021-08-27 22:30:00,L,17601.25,17588.5,-259.0,2,SL
2021-08-30 02:00:00,2021-08-30 03:00:00,L,17611.5,17598.75,-259.0,2,SL
2021-09-06 08:00:00,2021-09-07 10:30:00,L,17845.25,17832.5,-259.0,43,SL
2021-09-08 09:30:00,2021-09-08 10:00:00,S,17774.0,17786.75,-259.0,1,SL
2021-09-16 03:30:00,2021-09-16 04:00:00,L,17691.25,17678.5,-259.0,1,SL
2021-09-22 21:30:00,2021-09-27 03:00:00,L,17340.0,17539.75,3991.0,101,TP
2021-10-04 01:00:00,2021-10-04 01:30:00,L,17007.25,16994.5,-259.0,1,SL
2021-10-18 21:30:00,2021-10-21 21:30:00,L,17443.0,17642.75,3991.0,138,TP
2021-10-21 22:00:00,2021-10-21 22:30:00,L,17646.5,17633.75,-259.0,1,SL
2021-10-25 21:30:00,2021-10-25 22:00:00,L,17694.25,17681.5,-259.0,1,SL
2021-10-28 21:30:00,2021-10-28 22:00:00,L,17917.75,17905.0,-259.0,1,SL
2021-10-29 21:30:00,2021-11-01 15:30:00,L,17963.25,17950.5,-259.0,36,SL
2021-11-02 15:00:00,2021-11-02 15:30:00,L,18091.5,18078.75,-259.0,1,SL
2021-11-03 10:30:00,2021-11-03 12:00:00,L,18157.0,18144.25,-259.0,3,SL
2021-11-12 21:30:00,2021-11-15 16:30:00,L,18350.0,18337.25,-259.0,36,SL
2021-11-18 10:30:00,2021-11-18 11:30:00,L,18573.25,18560.5,-259.0,2,SL
2021-11-19 03:00:00,2021-11-22 16:00:00,L,18684.75,18884.5,3991.0,72,TP
2021-11-29 21:30:00,2021-11-29 22:00:00,L,18589.75,18577.0,-259.0,1,SL
2021-12-01 21:30:00,2021-12-01 22:00:00,S,18245.0,18045.25,3991.0,1,TP
2021-12-03 15:00:00,2021-12-03 15:00:00,L,18243.0,18230.25,-259.0,1,SL_SAMEBAR
2021-12-07 06:00:00,2021-12-07 06:30:00,L,18074.0,18061.25,-259.0,1,SL
2021-12-13 01:00:00,2021-12-13 15:30:00,L,18521.25,18508.5,-259.0,29,SL
2021-12-15 21:30:00,2021-12-16 00:30:00,L,18305.5,18505.25,3991.0,4,TP
2021-12-21 21:30:00,2021-12-21 21:30:00,L,18146.75,18134.0,-259.0,1,SL_SAMEBAR
2021-12-27 01:30:00,2021-12-27 02:00:00,L,18528.75,18516.0,-259.0,1,SL
2022-01-11 10:30:00,2022-01-11 14:00:00,L,17841.75,17829.0,-259.0,7,SL
2022-01-19 21:30:00,2022-01-20 15:00:00,S,17343.0,17355.75,-259.0,33,SL
2022-01-26 14:30:00,2022-01-26 14:30:00,L,16671.75,16659.0,-259.0,1,SL_SAMEBAR
2022-01-28 22:00:00,2022-01-28 22:30:00,L,16582.0,16569.25,-259.0,1,SL
2022-02-04 15:00:00,2022-02-04 15:30:00,S,16628.5,16641.25,-259.0,1,SL
2022-02-09 01:00:00,2022-02-09 01:30:00,L,16951.0,16938.25,-259.0,1,SL
2022-02-15 09:30:00,2022-02-15 21:30:00,L,16566.75,16766.5,3991.0,24,TP
2022-03-01 08:30:00,2022-03-01 09:00:00,L,16465.0,16452.25,-259.0,1,SL
2022-03-09 21:30:00,2022-03-09 22:00:00,L,15895.75,15883.0,-259.0,1,SL
2022-03-11 12:30:00,2022-03-11 14:00:00,L,15948.0,15935.25,-259.0,3,SL
2022-03-11 21:30:00,2022-03-14 01:30:00,S,15564.75,15577.5,-259.0,8,SL
2022-03-18 15:00:00,2022-03-18 20:00:00,L,16307.25,16507.0,3991.0,10,TP
2022-03-21 15:00:00,2022-03-21 15:00:00,L,16609.75,16597.0,-259.0,1,SL_SAMEBAR
2022-03-22 15:00:00,2022-03-22 16:30:00,L,16641.5,16841.25,3991.0,3,TP
2022-03-24 21:30:00,2022-03-24 23:30:00,L,16941.0,16928.25,-259.0,2,SL
2022-03-28 21:30:00,2022-03-28 22:00:00,L,17114.0,17101.25,-259.0,1,SL
2022-04-08 10:30:00,2022-04-08 11:00:00,L,16808.5,16795.75,-259.0,1,SL
2022-04-19 02:00:00,2022-04-19 03:00:00,L,16177.25,16164.5,-259.0,2,SL
2022-05-04 21:30:00,2022-05-04 22:00:00,L,15512.25,15712.0,3991.0,1,TP
2022-05-11 14:00:00,2022-05-11 14:00:00,L,14721.75,14709.0,-259.0,1,SL_SAMEBAR
2022-05-13 06:00:00,2022-05-13 06:00:00,L,14307.5,14294.75,-259.0,1,SL_SAMEBAR
2022-05-25 21:30:00,2022-05-25 22:00:00,L,14143.75,14131.0,-259.0,1,SL
2022-06-02 21:30:00,2022-06-03 10:30:00,L,14998.25,14985.5,-259.0,24,SL
2022-06-15 21:30:00,2022-06-16 08:00:00,L,13739.0,13726.25,-259.0,19,SL
2022-06-20 01:00:00,2022-06-20 02:30:00,L,13540.5,13527.75,-259.0,3,SL
2022-07-05 01:00:00,2022-07-05 10:30:00,L,13763.25,13750.5,-259.0,19,SL
2022-07-05 14:00:00,2022-07-05 16:30:00,S,13644.0,13656.75,-259.0,5,SL
2022-07-07 21:30:00,2022-07-07 22:30:00,L,14279.25,14266.5,-259.0,2,SL
2022-07-15 01:00:00,2022-07-15 02:30:00,L,13979.5,13966.75,-259.0,3,SL
2022-07-21 14:30:00,2022-07-21 14:30:00,L,14662.0,14649.25,-259.0,1,SL_SAMEBAR
2022-08-03 21:30:00,2022-08-03 22:00:00,L,15423.75,15411.0,-259.0,1,SL
2022-08-05 03:30:00,2022-08-05 09:00:00,L,15500.5,15487.75,-259.0,11,SL
2022-08-25 08:30:00,2022-08-25 12:00:00,L,15155.75,15143.0,-259.0,7,SL
2022-08-30 10:00:00,2022-08-30 10:00:00,L,14754.75,14742.0,-259.0,1,SL_SAMEBAR
2022-09-02 01:00:00,2022-09-02 01:30:00,L,14447.25,14434.5,-259.0,1,SL
2022-09-06 01:00:00,2022-09-06 01:30:00,L,14312.0,14299.25,-259.0,1,SL
2022-09-07 21:30:00,2022-09-07 22:00:00,L,14416.25,14403.5,-259.0,1,SL
2022-09-19 21:30:00,2022-09-20 12:00:00,L,14030.5,14017.75,-259.0,27,SL
2022-09-21 21:30:00,2022-09-21 21:30:00,L,14161.75,14149.0,-259.0,1,SL_SAMEBAR
2022-09-21 22:00:00,2022-09-22 01:00:00,S,13897.0,13697.25,3991.0,4,TP
2022-09-28 21:30:00,2022-09-28 22:00:00,L,13637.5,13624.75,-259.0,1,SL
2022-09-30 21:30:00,2022-09-30 21:30:00,S,13160.25,13173.0,-259.0,1,SL_SAMEBAR
2022-10-13 14:30:00,2022-10-13 14:30:00,L,13046.0,13033.25,-259.0,1,SL_SAMEBAR
2022-10-25 21:30:00,2022-10-25 22:30:00,L,13740.5,13727.75,-259.0,2,SL
2022-10-31 01:30:00,2022-10-31 04:00:00,S,13614.25,13627.0,-259.0,5,SL
2022-11-01 21:30:00,2022-11-01 23:30:00,S,13399.25,13412.0,-259.0,2,SL
2022-11-15 13:30:00,2022-11-15 15:00:00,L,13967.75,14167.5,3991.0,3,TP
2022-11-22 22:00:00,2022-11-22 22:30:00,L,13825.25,13812.5,-259.0,1,SL
2022-11-30 21:30:00,2022-12-01 15:00:00,L,13967.5,14167.25,3991.0,33,TP
2022-12-08 15:00:00,2022-12-08 15:00:00,L,13665.5,13652.75,-259.0,1,SL_SAMEBAR
2022-12-21 02:30:00,2022-12-21 04:30:00,L,13203.25,13190.5,-259.0,4,SL
2022-12-27 01:00:00,2022-12-27 10:30:00,L,13108.75,13096.0,-259.0,19,SL
2022-12-29 21:30:00,2022-12-30 01:30:00,L,12986.5,12973.75,-259.0,6,SL
2023-01-11 01:30:00,2023-01-11 02:30:00,L,13245.0,13232.25,-259.0,2,SL
2023-01-13 21:30:00,2023-01-16 09:30:00,L,13536.0,13523.25,-259.0,22,SL
2023-01-17 21:30:00,2023-01-17 22:00:00,L,13595.0,13582.25,-259.0,1,SL
2023-01-18 04:00:00,2023-01-18 04:00:00,L,13641.25,13628.5,-259.0,1,SL_SAMEBAR
2023-01-20 21:30:00,2023-01-23 16:30:00,L,13582.5,13782.25,3991.0,36,TP
2023-01-26 14:00:00,2023-01-26 15:00:00,L,13932.75,13920.0,-259.0,2,SL
2023-02-07 21:30:00,2023-02-08 16:00:00,L,14654.5,14641.75,-259.0,35,SL
2023-02-09 21:30:00,2023-02-10 18:30:00,S,14423.75,14224.0,3991.0,40,TP
2023-02-13 21:30:00,2023-02-14 15:00:00,L,14466.5,14453.75,-259.0,33,SL
2023-02-16 01:30:00,2023-02-16 09:30:00,L,14712.75,14700.0,-259.0,16,SL
2023-02-23 03:00:00,2023-02-23 09:30:00,L,14146.75,14134.0,-259.0,13,SL
2023-03-03 11:30:00,2023-03-03 14:00:00,L,14052.5,14039.75,-259.0,5,SL
2023-03-09 15:00:00,2023-03-09 16:00:00,L,14210.75,14198.0,-259.0,2,SL
2023-03-13 04:00:00,2023-03-13 09:00:00,L,13990.25,13977.5,-259.0,10,SL
2023-03-14 15:00:00,2023-03-14 19:30:00,L,14050.25,14037.5,-259.0,9,SL
2023-03-16 01:00:00,2023-03-16 01:00:00,L,14252.25,14239.5,-259.0,1,SL_SAMEBAR
2023-03-21 01:30:00,2023-03-21 02:00:00,L,14555.0,14542.25,-259.0,1,SL
2023-03-27 01:00:00,2023-03-27 02:30:00,L,14762.75,14750.0,-259.0,3,SL
2023-03-29 09:30:00,2023-03-30 13:00:00,L,14661.0,14860.75,3991.0,53,TP
2023-03-31 02:30:00,2023-03-31 08:30:00,L,14939.25,14926.5,-259.0,12,SL
2023-04-04 11:30:00,2023-04-04 16:00:00,L,15106.25,15093.5,-259.0,9,SL
2023-04-12 15:00:00,2023-04-12 15:00:00,L,15036.25,15023.5,-259.0,1,SL_SAMEBAR
2023-04-12 21:30:00,2023-04-13 11:30:00,S,14829.25,14842.0,-259.0,26,SL
2023-04-27 09:30:00,2023-04-27 10:00:00,L,14839.75,14827.0,-259.0,1,SL
2023-05-01 05:00:00,2023-05-01 10:30:00,L,15163.5,15150.75,-259.0,11,SL
2023-05-03 22:00:00,2023-05-03 22:30:00,S,14937.25,14950.0,-259.0,1,SL
2023-05-05 21:30:00,2023-05-05 22:00:00,L,15175.5,15162.75,-259.0,1,SL
2023-05-10 15:00:00,2023-05-10 16:00:00,L,15174.5,15161.75,-259.0,2,SL
2023-05-11 03:30:00,2023-05-11 04:00:00,L,15274.25,15261.5,-259.0,1,SL
2023-05-12 02:30:00,2023-05-12 09:30:00,L,15297.75,15285.0,-259.0,14,SL
2023-05-16 10:00:00,2023-05-16 11:30:00,L,15307.5,15294.75,-259.0,3,SL
2023-05-17 21:30:00,2023-05-18 18:00:00,L,15456.5,15656.25,3991.0,39,TP
2023-05-18 21:30:00,2023-05-22 00:30:00,L,15642.75,15630.0,-259.0,50,SL
2023-05-23 01:30:00,2023-05-23 06:00:00,L,15774.25,15761.5,-259.0,9,SL
2023-05-25 01:00:00,2023-05-25 01:00:00,L,15674.0,15661.25,-259.0,1,SL_SAMEBAR
2023-05-30 10:30:00,2023-05-30 16:00:00,L,16287.25,16274.5,-259.0,11,SL
2023-06-01 21:30:00,2023-06-01 21:30:00,L,16331.5,16318.75,-259.0,1,SL_SAMEBAR
2023-06-14 11:00:00,2023-06-14 11:00:00,L,16799.25,16786.5,-259.0,1,SL_SAMEBAR
2023-06-15 21:30:00,2023-06-15 21:30:00,L,17076.75,17064.0,-259.0,1,SL_SAMEBAR
2023-06-16 15:00:00,2023-06-16 15:30:00,L,17089.0,17076.25,-259.0,1,SL
2023-06-20 21:30:00,2023-06-20 21:30:00,S,16878.0,16890.75,-259.0,1,SL_SAMEBAR
2023-06-26 21:30:00,2023-06-27 16:00:00,S,16578.75,16591.5,-259.0,35,SL
2023-06-30 15:00:00,2023-07-05 16:30:00,L,16850.75,17050.5,3991.0,126,TP
2023-07-05 21:30:00,2023-07-05 22:00:00,L,17023.0,17010.25,-259.0,1,SL
2023-07-11 08:30:00,2023-07-11 10:00:00,L,16866.25,16853.5,-259.0,3,SL
2023-07-17 21:30:00,2023-07-17 22:00:00,L,17505.25,17492.5,-259.0,1,SL
2023-07-18 21:30:00,2023-07-18 22:00:00,L,17652.0,17639.25,-259.0,1,SL
2023-07-25 11:00:00,2023-07-25 12:30:00,L,17266.75,17254.0,-259.0,3,SL
2023-07-27 09:30:00,2023-07-27 20:00:00,L,17387.25,17374.5,-259.0,21,SL
2023-07-27 22:00:00,2023-07-27 22:00:00,S,17162.5,17175.25,-259.0,1,SL_SAMEBAR
2023-08-09 22:00:00,2023-08-10 02:30:00,S,16865.5,16878.25,-259.0,7,SL
2023-08-14 22:00:00,2023-08-15 09:30:00,L,16914.75,16902.0,-259.0,21,SL
2023-08-21 10:00:00,2023-08-21 18:00:00,L,16450.75,16438.0,-259.0,16,SL
2023-08-23 21:30:00,2023-08-23 22:00:00,L,16853.5,16840.75,-259.0,1,SL
2023-08-28 14:30:00,2023-08-28 16:00:00,L,16696.75,16684.0,-259.0,3,SL
2023-09-01 15:00:00,2023-09-01 16:00:00,L,17254.75,17242.0,-259.0,2,SL
2023-09-05 21:30:00,2023-09-05 21:30:00,L,17233.25,17220.5,-259.0,1,SL_SAMEBAR
2023-09-11 09:30:00,2023-09-11 10:30:00,L,17038.75,17026.0,-259.0,2,SL
2023-09-15 05:30:00,2023-09-15 08:30:00,L,17166.25,17153.5,-259.0,6,SL
2023-09-20 21:30:00,2023-09-21 12:00:00,S,16699.75,16500.0,3991.0,27,TP
2023-09-28 21:30:00,2023-09-29 03:00:00,L,16295.5,16282.75,-259.0,9,SL
2023-10-10 02:30:00,2023-10-10 08:30:00,L,16664.5,16651.75,-259.0,12,SL
2023-10-11 22:00:00,2023-10-12 15:00:00,L,16835.25,16822.5,-259.0,32,SL
2023-10-19 10:00:00,2023-10-19 10:30:00,S,16430.5,16443.25,-259.0,1,SL
2023-10-24 21:30:00,2023-10-24 22:00:00,L,16305.5,16292.75,-259.0,1,SL
2023-10-30 03:00:00,2023-10-30 03:30:00,L,15797.25,15784.5,-259.0,1,SL
2023-10-31 21:30:00,2023-10-31 21:30:00,L,15941.25,15928.5,-259.0,1,SL_SAMEBAR
2023-11-07 15:30:00,2023-11-07 16:00:00,L,16709.25,16696.5,-259.0,1,SL
2023-11-10 21:30:00,2023-11-13 01:00:00,L,17020.75,17008.0,-259.0,5,SL
2023-11-14 10:30:00,2023-11-14 11:00:00,L,17053.0,17040.25,-259.0,1,SL
2023-11-17 10:00:00,2023-11-17 10:30:00,L,17358.5,17345.75,-259.0,1,SL
2023-11-20 21:30:00,2023-11-20 22:00:00,L,17546.5,17533.75,-259.0,1,SL
2023-11-29 02:30:00,2023-11-29 04:30:00,L,17523.25,17510.5,-259.0,4,SL
2023-12-06 01:30:00,2023-12-06 11:00:00,L,17412.75,17400.0,-259.0,19,SL
2023-12-07 21:30:00,2023-12-07 22:30:00,L,17489.5,17476.75,-259.0,2,SL
2023-12-12 01:30:00,2023-12-12 15:00:00,L,17701.25,17688.5,-259.0,27,SL
2023-12-13 01:00:00,2023-12-13 08:00:00,L,17847.25,17834.5,-259.0,14,SL
2023-12-14 01:00:00,2023-12-14 16:30:00,L,18047.75,18035.0,-259.0,31,SL
2023-12-18 21:30:00,2023-12-18 22:00:00,L,18202.25,18189.5,-259.0,1,SL
2023-12-19 13:30:00,2023-12-19 13:30:00,L,18215.25,18202.5,-259.0,1,SL_SAMEBAR
2023-12-20 01:00:00,2023-12-20 09:30:00,L,18273.25,18260.5,-259.0,17,SL
2023-12-22 15:00:00,2023-12-22 20:30:00,L,18211.5,18198.75,-259.0,11,SL
2023-12-26 21:30:00,2023-12-27 16:30:00,L,18314.5,18301.75,-259.0,36,SL
2023-12-27 22:00:00,2023-12-28 19:30:00,L,18352.5,18339.75,-259.0,41,SL
2024-01-05 21:30:00,2024-01-05 22:00:00,S,17665.75,17678.5,-259.0,1,SL
2024-01-08 21:30:00,2024-01-09 08:30:00,L,18025.75,18013.0,-259.0,20,SL
2024-01-11 02:00:00,2024-01-11 15:00:00,L,18224.25,18211.5,-259.0,26,SL
2024-01-18 13:00:00,2024-01-18 19:30:00,L,18223.25,18210.5,-259.0,13,SL
2024-01-24 01:00:00,2024-01-24 18:30:00,L,18814.0,19013.75,3991.0,35,TP
2024-02-01 22:30:00,2024-02-02 16:00:00,L,18725.25,18712.5,-259.0,33,SL
2024-02-07 15:30:00,2024-02-07 16:00:00,L,19010.25,18997.5,-259.0,1,SL
2024-02-09 09:30:00,2024-02-09 10:30:00,L,19137.75,19125.0,-259.0,2,SL
2024-02-21 21:30:00,2024-02-21 21:30:00,S,18646.75,18659.5,-259.0,1,SL_SAMEBAR
2024-02-29 15:00:00,2024-02-29 15:00:00,L,19261.0,19248.25,-259.0,1,SL_SAMEBAR
2024-03-07 15:30:00,2024-03-07 16:00:00,L,19415.5,19402.75,-259.0,1,SL
2024-03-18 02:30:00,2024-03-18 15:00:00,L,19093.75,19293.5,3991.0,25,TP
2024-03-25 01:00:00,2024-03-25 03:30:00,L,19575.25,19562.5,-259.0,5,SL
2024-03-26 08:30:00,2024-03-26 09:00:00,L,19592.0,19579.25,-259.0,1,SL
2024-04-01 01:00:00,2024-04-01 10:30:00,L,19561.75,19549.0,-259.0,19,SL
2024-04-09 15:30:00,2024-04-09 16:00:00,L,19366.75,19354.0,-259.0,1,SL
2024-04-09 21:30:00,2024-04-09 21:30:00,S,19227.75,19240.5,-259.0,1,SL_SAMEBAR
2024-04-11 21:30:00,2024-04-12 10:00:00,L,19470.25,19457.5,-259.0,23,SL
2024-04-23 21:30:00,2024-04-23 21:30:00,L,18636.25,18623.5,-259.0,1,SL_SAMEBAR
2024-04-29 04:00:00,2024-04-29 09:00:00,L,18892.25,18879.5,-259.0,10,SL
2024-05-07 15:30:00,2024-05-07 16:00:00,L,19192.0,19179.25,-259.0,1,SL
2024-05-10 02:00:00,2024-05-10 02:30:00,L,19231.0,19218.25,-259.0,1,SL
2024-05-14 21:30:00,2024-05-15 10:00:00,L,19400.75,19388.0,-259.0,23,SL
2024-05-15 15:00:00,2024-05-15 19:30:00,L,19423.75,19623.5,3991.0,9,TP
2024-05-20 14:00:00,2024-05-20 14:30:00,L,19677.5,19664.75,-259.0,1,SL
2024-05-21 22:00:00,2024-05-22 11:30:00,L,19785.25,19772.5,-259.0,25,SL
2024-05-22 13:30:00,2024-05-22 14:00:00,L,19799.5,19786.75,-259.0,1,SL
2024-05-23 04:00:00,2024-05-23 16:00:00,L,19881.75,19869.0,-259.0,24,SL
2024-05-28 10:30:00,2024-05-28 12:30:00,L,19946.75,19934.0,-259.0,4,SL
2024-06-03 09:00:00,2024-06-03 09:30:00,L,19659.0,19646.25,-259.0,1,SL
2024-06-05 04:30:00,2024-06-05 08:30:00,L,19744.0,19731.25,-259.0,8,SL
2024-06-07 15:00:00,2024-06-07 15:00:00,L,20115.25,20102.5,-259.0,1,SL_SAMEBAR
2024-06-11 21:30:00,2024-06-11 21:30:00,L,20201.0,20188.25,-259.0,1,SL_SAMEBAR
2024-06-12 01:00:00,2024-06-12 03:00:00,L,20248.25,20235.5,-259.0,4,SL
2024-06-14 22:00:00,2024-06-17 00:30:00,L,20681.75,20669.0,-259.0,3,SL
2024-06-17 01:00:00,2024-06-17 03:30:00,L,20696.5,20683.75,-259.0,5,SL
2024-06-20 03:00:00,2024-06-20 16:00:00,L,20983.25,20970.5,-259.0,26,SL
2024-06-20 21:30:00,2024-06-20 21:30:00,S,20747.5,20760.25,-259.0,1,SL_SAMEBAR
2024-06-27 22:30:00,2024-06-28 16:00:00,L,20801.25,20788.5,-259.0,33,SL
2024-07-02 21:30:00,2024-07-02 22:00:00,L,20952.5,20939.75,-259.0,1,SL
2024-07-03 08:30:00,2024-07-03 09:00:00,L,20990.0,20977.25,-259.0,1,SL
2024-07-05 06:30:00,2024-07-05 15:00:00,L,21151.25,21138.5,-259.0,17,SL
2024-07-08 15:30:00,2024-07-08 16:00:00,L,21370.25,21357.5,-259.0,1,SL
2024-07-09 01:00:00,2024-07-09 17:00:00,L,21428.5,21415.75,-259.0,32,SL
2024-07-10 21:30:00,2024-07-10 22:00:00,L,21610.25,21597.5,-259.0,1,SL
2024-07-11 15:00:00,2024-07-11 15:00:00,L,21647.5,21634.75,-259.0,1,SL_SAMEBAR
2024-07-22 21:30:00,2024-07-22 21:30:00,L,20742.25,20729.5,-259.0,1,SL_SAMEBAR
2024-07-29 03:00:00,2024-07-29 03:30:00,L,20028.5,20015.75,-259.0,1,SL
2024-07-31 15:00:00,2024-07-31 21:00:00,L,20050.5,20250.25,3991.0,12,TP
2024-08-06 03:30:00,2024-08-06 03:30:00,L,19120.75,19108.0,-259.0,1,SL_SAMEBAR
2024-08-08 22:30:00,2024-08-09 00:30:00,L,19289.25,19276.5,-259.0,2,SL
2024-08-13 09:30:00,2024-08-13 10:30:00,L,19496.0,19483.25,-259.0,2,SL
2024-08-15 05:00:00,2024-08-15 07:30:00,L,19934.25,19921.5,-259.0,5,SL
2024-08-19 06:00:00,2024-08-19 06:00:00,L,20413.75,20401.0,-259.0,1,SL_SAMEBAR
2024-08-22 13:30:00,2024-08-22 14:00:00,L,20712.5,20699.75,-259.0,1,SL
2024-09-02 15:30:00,2024-09-02 15:30:00,L,20363.5,20350.75,-259.0,1,SL_SAMEBAR
2024-09-13 08:00:00,2024-09-13 08:00:00,L,20214.25,20201.5,-259.0,1,SL_SAMEBAR
2024-09-17 12:00:00,2024-09-17 13:00:00,L,20278.0,20265.25,-259.0,2,SL
2024-09-19 08:30:00,2024-09-19 09:30:00,L,20394.0,20381.25,-259.0,2,SL
2024-09-23 02:30:00,2024-09-23 09:30:00,L,20578.0,20565.25,-259.0,14,SL
2024-09-24 10:30:00,2024-09-24 11:00:00,L,20658.0,20645.25,-259.0,1,SL
2024-09-25 22:30:00,2024-09-26 08:00:00,L,20708.75,20908.5,3991.0,17,TP
2024-09-26 08:30:00,2024-09-26 16:00:00,L,20911.75,20899.0,-259.0,15,SL
2024-10-01 03:30:00,2024-10-01 05:30:00,L,20781.0,20768.25,-259.0,4,SL
2024-10-04 15:00:00,2024-10-04 16:00:00,L,20607.75,20595.0,-259.0,2,SL
2024-10-08 21:30:00,2024-10-09 04:00:00,L,20767.75,20755.0,-259.0,11,SL
2024-10-14 12:30:00,2024-10-15 17:00:00,L,20988.25,20975.5,-259.0,55,SL
2024-11-05 21:30:00,2024-11-06 03:30:00,L,20788.0,20987.75,3991.0,10,TP
2024-11-11 01:00:00,2024-11-11 02:00:00,L,21793.0,21780.25,-259.0,2,SL
2024-11-19 21:30:00,2024-11-20 16:00:00,L,21233.25,21220.5,-259.0,35,SL
2024-11-21 15:00:00,2024-11-21 16:00:00,L,21337.25,21324.5,-259.0,2,SL
2024-11-25 01:00:00,2024-11-25 16:00:00,L,21437.0,21424.25,-259.0,30,SL
2024-12-04 01:00:00,2024-12-04 02:00:00,L,21823.0,21810.25,-259.0,2,SL
2024-12-06 21:30:00,2024-12-09 11:30:00,L,22129.5,22116.75,-259.0,26,SL
2024-12-11 21:30:00,2024-12-11 22:00:00,L,22294.25,22281.5,-259.0,1,SL
2024-12-13 10:30:00,2024-12-13 11:00:00,L,22266.5,22253.75,-259.0,1,SL
2024-12-18 21:30:00,2024-12-18 22:00:00,S,22121.25,21921.5,3991.0,1,TP
2024-12-20 21:30:00,2024-12-20 21:30:00,L,21906.75,21894.0,-259.0,1,SL_SAMEBAR
2024-12-24 08:30:00,2024-12-24 09:30:00,L,21984.5,21971.75,-259.0,2,SL
2024-12-31 21:30:00,2024-12-31 21:30:00,S,21460.25,21473.0,-259.0,1,SL_SAMEBAR
2025-01-03 21:30:00,2025-01-03 22:00:00,L,21741.75,21729.0,-259.0,1,SL
2025-01-10 15:00:00,2025-01-10 16:00:00,S,21425.25,21225.5,3991.0,2,TP
2025-01-14 01:00:00,2025-01-14 01:30:00,L,21250.75,21238.0,-259.0,1,SL
2025-01-15 15:00:00,2025-01-15 16:00:00,L,21351.5,21551.25,3991.0,2,TP
2025-01-21 22:30:00,2025-01-21 22:30:00,L,21986.5,21973.75,-259.0,1,SL_SAMEBAR
2025-01-22 01:00:00,2025-01-22 16:00:00,L,21991.25,22191.0,3991.0,30,TP
2025-01-24 03:30:00,2025-01-24 04:00:00,L,22258.25,22245.5,-259.0,1,SL
2025-01-30 09:30:00,2025-01-30 10:00:00,L,21904.75,21892.0,-259.0,1,SL
2025-01-31 03:00:00,2025-01-31 05:00:00,L,21956.5,21943.75,-259.0,4,SL
2025-02-14 03:00:00,2025-02-14 10:00:00,L,22331.75,22319.0,-259.0,14,SL
2025-02-17 01:30:00,2025-02-17 01:30:00,L,22432.75,22420.0,-259.0,1,SL_SAMEBAR
2025-02-18 08:00:00,2025-02-18 11:00:00,L,22489.5,22476.75,-259.0,6,SL
2025-02-21 21:30:00,2025-02-21 21:30:00,S,21894.25,21907.0,-259.0,1,SL_SAMEBAR
2025-03-10 04:00:00,2025-03-10 04:30:00,L,20354.75,20342.0,-259.0,1,SL
2025-03-12 14:00:00,2025-03-12 14:30:00,L,19894.5,19881.75,-259.0,1,SL
2025-03-14 21:30:00,2025-03-14 21:30:00,L,19912.5,19899.75,-259.0,1,SL_SAMEBAR
2025-03-17 12:00:00,2025-03-17 13:30:00,L,19893.75,19881.0,-259.0,3,SL
2025-03-24 00:00:00,2025-03-24 00:00:00,L,20081.5,20068.75,-259.0,1,SL_SAMEBAR
2025-03-26 01:00:00,2025-03-26 01:30:00,L,20531.75,20519.0,-259.0,1,SL
2025-04-01 11:30:00,2025-04-01 12:00:00,L,19490.0,19477.25,-259.0,1,SL
2025-04-02 01:00:00,2025-04-02 01:00:00,L,19668.25,19655.5,-259.0,1,SL_SAMEBAR
2025-04-09 21:30:00,2025-04-09 21:30:00,L,18775.75,18975.5,3991.0,1,TP_SAMEBAR
2025-04-22 21:30:00,2025-04-22 21:30:00,L,18383.75,18371.0,-259.0,1,SL_SAMEBAR
2025-04-29 04:30:00,2025-04-29 05:00:00,L,19623.25,19610.5,-259.0,1,SL
2025-04-30 22:00:00,2025-04-30 22:00:00,L,19688.75,19676.0,-259.0,1,SL_SAMEBAR
2025-05-02 15:30:00,2025-05-02 15:30:00,L,20126.0,20113.25,-259.0,1,SL_SAMEBAR
2025-05-15 21:30:00,2025-05-15 21:30:00,L,21419.75,21407.0,-259.0,1,SL_SAMEBAR
2025-05-19 22:00:00,2025-05-19 22:30:00,L,21512.25,21499.5,-259.0,1,SL
2025-05-20 02:00:00,2025-05-20 03:00:00,L,21544.75,21532.0,-259.0,2,SL
2025-05-21 21:30:00,2025-05-21 22:00:00,S,21177.75,21190.5,-259.0,1,SL
2025-05-26 08:30:00,2025-05-26 09:00:00,L,21236.25,21223.5,-259.0,1,SL
2025-05-29 01:00:00,2025-05-29 01:30:00,L,21567.75,21767.5,3991.0,1,TP
